run_idx	sib_mortality	maternal_age_effect	mat_mortality	attenuation_cutoff	if_epi	if_invasion	k_s	x0_s	L_s	max_age	maternal_age_effect_quadratic_term	maternal_age_effect_vertex_x	epi_h	status	stop_reason	final_year	menopause_age_report	menopause_age_mean	dominant_allele	dominant_allele_frequency
0	0	0	0	NA	0	False	NA	NA	NA	70	NA	NA	NA	failed	early_stop_failed	4800	>46	46.74403555222729	-23	0.1276037237592179
1	0	0	0	NA	0	False	NA	NA	NA	70	NA	NA	NA	failed	early_stop_failed	4800	>46	46.67309098361125	-24	0.13194322748823692
2	0	0	0	NA	0	False	NA	NA	NA	70	NA	NA	NA	failed	early_stop_failed	4750	>46	46.63485879437113	-22	0.11072919334131452
3	0	0	0	NA	0	False	NA	NA	NA	70	NA	NA	NA	failed	early_stop_failed	5050	>46	46.412749311060395	-24	0.1336533927535533
4	0	0	0	NA	0	False	NA	NA	NA	70	NA	NA	NA	failed	early_stop_failed	4600	>46	46.64655593130346	-22	0.13888252147531527
5	0	0	0	NA	0	False	NA	NA	NA	70	NA	NA	NA	failed	early_stop_failed	4400	>46	46.581914920388215	-24	0.11250482595827893
6	0	0	0	NA	0	False	NA	NA	NA	70	NA	NA	NA	failed	early_stop_failed	4500	>46	46.61505761029123	-22	0.13770324099980058
7	0	0	0	NA	0	False	NA	NA	NA	70	NA	NA	NA	failed	early_stop_failed	5150	>46	46.54284023295882	-23	0.15055919413325403
8	0	0	0	NA	0	False	NA	NA	NA	70	NA	NA	NA	failed	early_stop_failed	4350	>46	46.79193810186421	-21	0.10057845537799755
9	0	0	0	NA	0	False	NA	NA	NA	70	NA	NA	NA	failed	early_stop_failed	4800	>46	46.50385836017382	-21	0.14610855617818733
10	0	0	0	NA	0	False	NA	NA	NA	70	NA	NA	NA	failed	early_stop_failed	4500	>46	46.69232164498732	-21	0.13053710214827852
11	0	0	0	NA	0	False	NA	NA	NA	70	NA	NA	NA	failed	early_stop_failed	5000	>46	46.44124435610052	-24	0.14420625776977325
12	0	0	0	NA	0	False	NA	NA	NA	70	NA	NA	NA	failed	early_stop_failed	4900	>46	46.61715756722413	-22	0.10663407878299505
13	0	0	0	NA	0	False	NA	NA	NA	70	NA	NA	NA	failed	early_stop_failed	4700	>46	46.67129771722612	-24	0.11460980364836872
14	0	0	0	NA	0	False	NA	NA	NA	70	NA	NA	NA	failed	early_stop_failed	4850	>46	46.5861966488632	-23	0.12867854357719788
15	0	0	0	NA	0	False	NA	NA	NA	70	NA	NA	NA	failed	early_stop_failed	4350	>46	46.99729022590716	-24	0.09833268167582104
16	0	0	0	NA	0	False	NA	NA	NA	70	NA	NA	NA	failed	early_stop_failed	4850	>46	46.72410476282742	-25	0.12713387643424864
17	0	0	0	NA	0	False	NA	NA	NA	70	NA	NA	NA	failed	early_stop_failed	4050	>46	46.76787612120993	-25	0.10375765065415511
18	0	0	0	NA	0	False	NA	NA	NA	70	NA	NA	NA	failed	early_stop_failed	4750	>46	46.426174383221706	-22	0.14402236730796258
19	0	0	0	NA	0	False	NA	NA	NA	70	NA	NA	NA	failed	early_stop_failed	4750	>46	46.69446647310985	-24	0.11974558465731729
20	0	0	0	NA	0	False	NA	NA	NA	70	NA	NA	NA	failed	early_stop_failed	4750	>46	46.78765845652814	-23	0.13569682181851234
21	0	0	0	NA	0	False	NA	NA	NA	70	NA	NA	NA	failed	early_stop_failed	4900	>46	46.67010307518271	-24	0.12988578106041723
22	0	0	0	NA	0	False	NA	NA	NA	70	NA	NA	NA	failed	early_stop_failed	4400	>46	46.77467136250797	-23	0.12010034373610572
23	0	0	0	NA	0	False	NA	NA	NA	70	NA	NA	NA	failed	early_stop_failed	4850	>46	46.59498489675086	-23	0.13963691618399302
24	0	0	0	NA	0	False	NA	NA	NA	70	NA	NA	NA	failed	early_stop_failed	4400	>46	46.82597140603619	-22	0.10426908613660721
25	0	0	0	NA	0	False	NA	NA	NA	70	NA	NA	NA	failed	early_stop_failed	4600	>46	46.55665790608405	-21	0.12962593599682293
26	0	0	0	NA	0	False	NA	NA	NA	70	NA	NA	NA	failed	early_stop_failed	4800	>46	46.692019616248	-24	0.13017325452239953
27	0	0	0	NA	0	False	NA	NA	NA	70	NA	NA	NA	failed	early_stop_failed	5000	>46	46.534341665421984	-24	0.12362104937714681
28	0	0	0	NA	0	False	NA	NA	NA	70	NA	NA	NA	failed	early_stop_failed	4650	>46	46.49638172125103	-23	0.1196451942594025
29	0	0	0	NA	0	False	NA	NA	NA	70	NA	NA	NA	failed	early_stop_failed	4700	>46	46.61589317301889	-23	0.12556205764934653
30	0	0	0	NA	0	False	NA	NA	NA	70	NA	NA	NA	failed	early_stop_failed	4450	>46	46.69466987385639	-21	0.12227029742185228
31	0	0	0	NA	0	False	NA	NA	NA	70	NA	NA	NA	failed	early_stop_failed	3950	>46	46.87099435820444	-24	0.10417334304133537
32	0	0	0	NA	0	False	NA	NA	NA	70	NA	NA	NA	failed	early_stop_failed	4950	>46	46.50893744968751	-23	0.1407426425424957
33	0	0	0	NA	0	False	NA	NA	NA	70	NA	NA	NA	failed	early_stop_failed	5050	>46	46.526057060919555	-22	0.14784308873622473
34	0	0	0	NA	0	False	NA	NA	NA	70	NA	NA	NA	failed	early_stop_failed	4450	>46	46.72570186152168	-23	0.11922109031500425
35	0	0	0	NA	0	False	NA	NA	NA	70	NA	NA	NA	failed	early_stop_failed	4850	>46	46.72660543822897	-24	0.11524135629883676
36	0	0	0	NA	0	False	NA	NA	NA	70	NA	NA	NA	failed	early_stop_failed	4500	>46	46.63242184932297	-21	0.13822515706692165
37	0	0	0	NA	0	False	NA	NA	NA	70	NA	NA	NA	failed	early_stop_failed	4850	>46	46.6122488178474	-23	0.12573260905494368
38	0	0	0	NA	0	False	NA	NA	NA	70	NA	NA	NA	failed	early_stop_failed	4550	>46	46.68286126001606	-22	0.12261748586873837
39	0	0	0	NA	0	False	NA	NA	NA	70	NA	NA	NA	failed	early_stop_failed	4900	>46	46.78911593875098	-21	0.09951956560260183
40	0	0	0	NA	0	False	NA	NA	NA	70	NA	NA	NA	failed	early_stop_failed	4350	>46	46.589562933925656	-22	0.1288094638296359
41	0	0	0	NA	0	False	NA	NA	NA	70	NA	NA	NA	failed	early_stop_failed	4400	>46	46.55112255377856	-22	0.16296575386492124
42	0	0	0	NA	0	False	NA	NA	NA	70	NA	NA	NA	failed	early_stop_failed	4350	>46	46.808226488608895	-23	0.11250836117392922
43	0	0	0	NA	0	False	NA	NA	NA	70	NA	NA	NA	failed	early_stop_failed	5450	>46	46.57081236409888	-24	0.11748658291623475
44	0	0	0	NA	0	False	NA	NA	NA	70	NA	NA	NA	failed	early_stop_failed	4900	>46	46.827628009071674	-23	0.10775304539444966
45	0	0	0	NA	0	False	NA	NA	NA	70	NA	NA	NA	failed	early_stop_failed	4800	>46	46.55086932766353	-23	0.16336930698290447
46	0	0	0	NA	0	False	NA	NA	NA	70	NA	NA	NA	failed	early_stop_failed	4950	>46	46.53675791525074	-23	0.14924856824591545
47	0	0	0	NA	0	False	NA	NA	NA	70	NA	NA	NA	failed	early_stop_failed	5000	>46	46.60977490709815	-23	0.11893968781472833
48	0	0	0	NA	0	False	NA	NA	NA	70	NA	NA	NA	failed	early_stop_failed	4300	>46	46.67333355366625	-24	0.11824774935061763
49	0	0	0	NA	0	False	NA	NA	NA	70	NA	NA	NA	failed	early_stop_failed	4600	>46	46.90038465887209	-23	0.11396090834180293
50	0	0	0	NA	0	False	NA	NA	NA	70	NA	NA	NA	failed	early_stop_failed	4700	>46	46.812375680545074	-20	0.10673866376594501
51	0	0	0	NA	0	False	NA	NA	NA	70	NA	NA	NA	failed	early_stop_failed	4100	>46	47.086894157075776	-18	0.11035271825404759
52	0	0	0	NA	0	False	NA	NA	NA	70	NA	NA	NA	failed	early_stop_failed	4300	>46	46.6255587991082	-23	0.11917961826757803
53	0	0	0	NA	0	False	NA	NA	NA	70	NA	NA	NA	failed	early_stop_failed	4250	>46	46.97018925608008	-23	0.11921506826153133
54	0	0	0	NA	0	False	NA	NA	NA	70	NA	NA	NA	failed	early_stop_failed	4400	>46	46.643277290504535	-22	0.1070270855266408
55	0	0	0	NA	0	False	NA	NA	NA	70	NA	NA	NA	failed	early_stop_failed	4800	>46	46.634605669511785	-23	0.14518079677508816
56	0	0	0	NA	0	False	NA	NA	NA	70	NA	NA	NA	failed	early_stop_failed	4650	>46	46.86258071479891	-22	0.10716664100821349
57	0	0	0	NA	0	False	NA	NA	NA	70	NA	NA	NA	failed	early_stop_failed	4450	>46	46.73519048195843	-23	0.10421631638384003
58	0	0	0	NA	0	False	NA	NA	NA	70	NA	NA	NA	failed	early_stop_failed	4450	>46	46.837794345798	-22	0.12155418599226422
59	0	0	0	NA	0	False	NA	NA	NA	70	NA	NA	NA	failed	early_stop_failed	4600	>46	46.68813353865985	-23	0.12338313635474148
60	0	0	0	NA	0	False	NA	NA	NA	70	NA	NA	NA	failed	early_stop_failed	4150	>46	46.74166046313755	-21	0.13074723560669332
61	0	0	0	NA	0	False	NA	NA	NA	70	NA	NA	NA	failed	early_stop_failed	4150	>46	46.81518389242974	-23	0.10393482768221249
62	0	0	0	NA	0	False	NA	NA	NA	70	NA	NA	NA	failed	early_stop_failed	4350	>46	46.51976778775624	-24	0.11782844923540477
63	0	0	0	NA	0	False	NA	NA	NA	70	NA	NA	NA	failed	early_stop_failed	5250	>46	46.62389235851858	-23	0.123466026460247
64	0	0	0	NA	0	False	NA	NA	NA	70	NA	NA	NA	failed	early_stop_failed	4850	>46	46.559382011134176	-24	0.12109560921666938
65	0	0	0	NA	0	False	NA	NA	NA	70	NA	NA	NA	failed	early_stop_failed	4600	>46	46.82821595543795	-24	0.10740711596765103
66	0	0	0	NA	0	False	NA	NA	NA	70	NA	NA	NA	failed	early_stop_failed	4550	>46	46.63265319157488	-23	0.11997964751279945
67	0	0	0	NA	0	False	NA	NA	NA	70	NA	NA	NA	failed	early_stop_failed	4650	>46	46.63561543466101	-23	0.11510689235630575
68	0	0	0	NA	0	False	NA	NA	NA	70	NA	NA	NA	failed	early_stop_failed	4700	>46	46.48491311894873	-23	0.13093953953912044
69	0	0	0	NA	0	False	NA	NA	NA	70	NA	NA	NA	failed	early_stop_failed	4500	>46	46.554124284426635	-24	0.1336862701021921
70	0	0	0	NA	0	False	NA	NA	NA	70	NA	NA	NA	failed	early_stop_failed	4550	>46	46.873683976758414	-25	0.10696241778281522
71	0	0	0	NA	0	False	NA	NA	NA	70	NA	NA	NA	failed	early_stop_failed	4550	>46	46.56133928817069	-21	0.10344368789308399
72	0	0	0	NA	0	False	NA	NA	NA	70	NA	NA	NA	failed	early_stop_failed	4250	>46	46.75853430805503	-25	0.09942412288799536
73	0	0	0	NA	0	False	NA	NA	NA	70	NA	NA	NA	failed	early_stop_failed	4350	>46	46.63580764707136	-25	0.12524815827216768
74	0	0	0	NA	0	False	NA	NA	NA	70	NA	NA	NA	failed	early_stop_failed	4450	>46	46.75140459255829	-22	0.11166248313841388
75	0	0	0	NA	0	False	NA	NA	NA	70	NA	NA	NA	failed	early_stop_failed	4550	>46	46.766995029856595	-22	0.13025641732158147
76	0	0	0	NA	0	False	NA	NA	NA	70	NA	NA	NA	failed	early_stop_failed	4650	>46	46.55888570863835	-23	0.12046897432798734
77	0	0	0	NA	0	False	NA	NA	NA	70	NA	NA	NA	failed	early_stop_failed	4550	>46	46.85091005876899	-22	0.11476010959143959
78	0	0	0	NA	0	False	NA	NA	NA	70	NA	NA	NA	failed	early_stop_failed	4800	>46	46.58989926125563	-23	0.13255950432128413
79	0	0	0	NA	0	False	NA	NA	NA	70	NA	NA	NA	failed	early_stop_failed	4800	>46	46.49600135649451	-24	0.1263389542103144
80	0	0	0	NA	0	False	NA	NA	NA	70	NA	NA	NA	failed	early_stop_failed	4350	>46	46.79586827348224	-21	0.15280733641051766
81	0	0	0	NA	0	False	NA	NA	NA	70	NA	NA	NA	failed	early_stop_failed	4300	>46	46.77228457550482	-25	0.10903335467039735
82	0	0	0	NA	0	False	NA	NA	NA	70	NA	NA	NA	failed	early_stop_failed	4850	>46	46.886723809279516	-22	0.13131729100591427
83	0	0	0	NA	0	False	NA	NA	NA	70	NA	NA	NA	failed	early_stop_failed	5050	>46	46.64448213643083	-25	0.1243970692894774
84	0	0	0	NA	0	False	NA	NA	NA	70	NA	NA	NA	failed	early_stop_failed	4150	>46	46.822904659664914	-24	0.10366102672877649
85	0	0	0	NA	0	False	NA	NA	NA	70	NA	NA	NA	failed	early_stop_failed	4700	>46	46.442098504042505	-23	0.13812106758953052
86	0	0	0	NA	0	False	NA	NA	NA	70	NA	NA	NA	failed	early_stop_failed	4550	>46	46.53190170281435	-23	0.14711808306926766
87	0	0	0	NA	0	False	NA	NA	NA	70	NA	NA	NA	failed	early_stop_failed	4750	>46	46.46480661784188	-20	0.1181725413994173
88	0	0	0	NA	0	False	NA	NA	NA	70	NA	NA	NA	failed	early_stop_failed	4800	>46	46.546553305056584	-24	0.11978745277163297
89	0	0	0	NA	0	False	NA	NA	NA	70	NA	NA	NA	failed	early_stop_failed	4900	>46	46.61569709567531	-22	0.13592690326437892
90	0	0	0	NA	0	False	NA	NA	NA	70	NA	NA	NA	failed	early_stop_failed	4850	>46	46.80657618760936	-22	0.12176762161621717
91	0	0	0	NA	0	False	NA	NA	NA	70	NA	NA	NA	failed	early_stop_failed	4050	>46	46.72723266299038	-24	0.11509553758415318
92	0	0	0	NA	0	False	NA	NA	NA	70	NA	NA	NA	failed	early_stop_failed	4650	>46	46.70672933338593	-24	0.11231733004727118
93	0	0	0	NA	0	False	NA	NA	NA	70	NA	NA	NA	failed	early_stop_failed	4750	>46	46.578631503894194	-22	0.14216718996238126
94	0	0	0	NA	0	False	NA	NA	NA	70	NA	NA	NA	failed	early_stop_failed	4450	>46	46.75471503413002	-23	0.11424223414020437
95	0	0	0	NA	0	False	NA	NA	NA	70	NA	NA	NA	failed	early_stop_failed	4300	>46	46.695635253142065	-25	0.11683858067921538
96	0	0	0	NA	0	False	NA	NA	NA	70	NA	NA	NA	failed	early_stop_failed	5200	>46	46.55045969275945	-24	0.13772765781704221
97	0	0	0	NA	0	False	NA	NA	NA	70	NA	NA	NA	failed	early_stop_failed	4800	>46	46.634834353334305	-23	0.12728526812244165
98	0	0	0	NA	0	False	NA	NA	NA	70	NA	NA	NA	failed	early_stop_failed	4700	>46	46.679090162719206	-23	0.11007108624613383
99	0	0	0	NA	0	False	NA	NA	NA	70	NA	NA	NA	failed	early_stop_failed	4400	>46	46.73822485671912	-22	0.14662298959207015
100	0	0	0	NA	0	False	NA	NA	NA	70	NA	NA	NA	failed	early_stop_failed	4700	>46	46.55526484043346	-23	0.1375817002693708
101	0	0	0	NA	0	False	NA	NA	NA	70	NA	NA	NA	failed	early_stop_failed	4700	>46	46.58493790561605	-24	0.12618862442189366
102	0	0	0	NA	0	False	NA	NA	NA	70	NA	NA	NA	failed	early_stop_failed	4150	>46	46.76495616386107	-22	0.14388203102996328
103	0	0	0	NA	0	False	NA	NA	NA	70	NA	NA	NA	failed	early_stop_failed	4600	>46	46.762825663513766	-24	0.10728467167720696
104	0	0	0	NA	0	False	NA	NA	NA	70	NA	NA	NA	failed	early_stop_failed	4350	>46	46.93354213592631	-21	0.14507494420875156
105	0	0	0	NA	0	False	NA	NA	NA	70	NA	NA	NA	failed	early_stop_failed	4750	>46	46.82594352577309	-24	0.13849274338541032
106	0	0	0	NA	0	False	NA	NA	NA	70	NA	NA	NA	failed	early_stop_failed	4550	>46	46.93450457332846	-24	0.1063269347677476
107	0	0	0	NA	0	False	NA	NA	NA	70	NA	NA	NA	failed	early_stop_failed	4850	>46	46.520663887573484	-23	0.12559564545199753
108	0	0	0	NA	0	False	NA	NA	NA	70	NA	NA	NA	failed	early_stop_failed	4500	>46	46.603617345767375	-24	0.1120479011259755
109	0	0	0	NA	0	False	NA	NA	NA	70	NA	NA	NA	failed	early_stop_failed	4450	>46	46.68890582220094	-22	0.13584444125814904
110	0	0	0	NA	0	False	NA	NA	NA	70	NA	NA	NA	failed	early_stop_failed	4550	>46	46.455167754052766	-23	0.14580879933473576
111	0	0	0	NA	0	False	NA	NA	NA	70	NA	NA	NA	failed	early_stop_failed	4700	>46	46.75720951434512	-24	0.11343678738663299
112	0	0	0	NA	0	False	NA	NA	NA	70	NA	NA	NA	failed	early_stop_failed	5150	>46	46.66217642244676	-23	0.10893996672617058
113	0	0	0	NA	0	False	NA	NA	NA	70	NA	NA	NA	failed	early_stop_failed	4900	>46	46.70464807584886	-24	0.11327949806034024
114	0	0	0	NA	0	False	NA	NA	NA	70	NA	NA	NA	failed	early_stop_failed	4700	>46	46.98343867264792	-23	0.11848264535439487
115	0	0	0	NA	0	False	NA	NA	NA	70	NA	NA	NA	failed	early_stop_failed	4900	>46	46.66869657939847	-23	0.14032484075738905
116	0	0	0	NA	0	False	NA	NA	NA	70	NA	NA	NA	failed	early_stop_failed	4600	>46	46.6926734921435	-22	0.11926081416161972
117	0	0	0	NA	0	False	NA	NA	NA	70	NA	NA	NA	failed	early_stop_failed	4550	>46	46.70116678159208	-24	0.11877376447078554
118	0	0	0	NA	0	False	NA	NA	NA	70	NA	NA	NA	failed	early_stop_failed	4750	>46	46.628242204695546	-20	0.10901267368971963
119	0	0	0	NA	0	False	NA	NA	NA	70	NA	NA	NA	failed	early_stop_failed	4300	>46	46.775238741067504	-22	0.11884915402587005
120	0	0	0	NA	0	False	NA	NA	NA	70	NA	NA	NA	failed	early_stop_failed	4450	>46	46.75652370710546	-22	0.1271454690963444
121	0	0	0	NA	0	False	NA	NA	NA	70	NA	NA	NA	failed	early_stop_failed	4450	>46	46.64745743794173	-23	0.12058601431076552
122	0	0	0	NA	0	False	NA	NA	NA	70	NA	NA	NA	failed	early_stop_failed	4300	>46	46.543607338515116	-24	0.12376977302722819
123	0	0	0	NA	0	False	NA	NA	NA	70	NA	NA	NA	failed	early_stop_failed	4650	>46	46.47414921928473	-22	0.11791939329508339
124	0	0	0	NA	0	False	NA	NA	NA	70	NA	NA	NA	failed	early_stop_failed	4800	>46	46.40801589528484	-24	0.10534734823362983
125	1	0	0	0.0	0	False	0.15	3.0	1.1	70	NA	NA	NA	failed	early_stop_failed	4700	>46	46.78308693197578	-24	0.1086795195234396
126	1	0	0	0.0	0	False	0.15	3.0	1.5	70	NA	NA	NA	failed	early_stop_failed	4650	>46	46.8511539191241	-24	0.10858833017450524
127	1	0	0	0.0	0	False	0.15	3.0	2.0	70	NA	NA	NA	failed	early_stop_failed	5050	>46	46.7331213047808	-22	0.12497201697846806
128	1	0	0	0.0	0	False	0.15	3.0	3.0	70	NA	NA	NA	failed	early_stop_failed	4800	>46	46.441491863026336	-23	0.12641218147558594
129	1	0	0	0.0	0	False	0.15	3.0	5.0	70	NA	NA	NA	failed	early_stop_failed	4750	>46	46.61633718754227	-22	0.1239897505250232
130	1	0	0	0.0	0	False	0.15	3.5	1.1	70	NA	NA	NA	failed	early_stop_failed	4300	>46	46.74164499767912	-21	0.1237077241371102
131	1	0	0	0.0	0	False	0.15	3.5	1.5	70	NA	NA	NA	failed	early_stop_failed	5100	>46	46.73757455584048	-23	0.1314217946085271
132	1	0	0	0.0	0	False	0.15	3.5	2.0	70	NA	NA	NA	failed	early_stop_failed	5050	>46	46.76741712645442	-22	0.11415283874963475
133	1	0	0	0.0	0	False	0.15	3.5	3.0	70	NA	NA	NA	failed	early_stop_failed	4800	>46	46.56665164903114	-23	0.124427416861304
134	1	0	0	0.0	0	False	0.15	3.5	5.0	70	NA	NA	NA	failed	early_stop_failed	4450	>46	46.741425885144835	-22	0.1225206489362425
135	1	0	0	0.0	0	False	0.15	4.0	1.1	70	NA	NA	NA	failed	early_stop_failed	4800	>46	46.68937654617993	-23	0.14414365028580023
136	1	0	0	0.0	0	False	0.15	4.0	1.5	70	NA	NA	NA	failed	early_stop_failed	4550	>46	46.71001429024086	-22	0.1444769256875786
137	1	0	0	0.0	0	False	0.15	4.0	2.0	70	NA	NA	NA	failed	early_stop_failed	5300	>46	46.34665912214699	-22	0.1336852739444101
138	1	0	0	0.0	0	False	0.15	4.0	3.0	70	NA	NA	NA	failed	early_stop_failed	4800	>46	46.64221445901191	-24	0.14585576453502194
139	1	0	0	0.0	0	False	0.15	4.0	5.0	70	NA	NA	NA	failed	early_stop_failed	4600	>46	46.544284824122364	-24	0.1131653005757103
140	1	0	0	0.0	0	False	0.15	4.5	1.1	70	NA	NA	NA	failed	early_stop_failed	5300	>46	46.608610630313244	-23	0.12692278543061714
141	1	0	0	0.0	0	False	0.15	4.5	1.5	70	NA	NA	NA	failed	early_stop_failed	4750	>46	46.73396400759576	-23	0.12043795747248597
142	1	0	0	0.0	0	False	0.15	4.5	2.0	70	NA	NA	NA	failed	early_stop_failed	4900	>46	46.61444942567345	-23	0.14778228835211132
143	1	0	0	0.0	0	False	0.15	4.5	3.0	70	NA	NA	NA	failed	early_stop_failed	4250	>46	46.93259052075182	-24	0.10749062368575173
144	1	0	0	0.0	0	False	0.15	4.5	5.0	70	NA	NA	NA	failed	early_stop_failed	4950	>46	46.61323087027078	-23	0.11055843560349748
145	1	0	0	0.0	0	False	0.15	5.0	1.1	70	NA	NA	NA	failed	early_stop_failed	4900	>46	46.539495241585115	-24	0.13775478043813152
146	1	0	0	0.0	0	False	0.15	5.0	1.5	70	NA	NA	NA	failed	early_stop_failed	4700	>46	46.72286709779178	-24	0.10874487507547853
147	1	0	0	0.0	0	False	0.15	5.0	2.0	70	NA	NA	NA	failed	early_stop_failed	4400	>46	46.99052033078646	-22	0.09178245506768273
148	1	0	0	0.0	0	False	0.15	5.0	3.0	70	NA	NA	NA	failed	early_stop_failed	4100	>46	46.889399047713	-20	0.12663723162078905
149	1	0	0	0.0	0	False	0.15	5.0	5.0	70	NA	NA	NA	failed	early_stop_failed	4600	>46	46.49412495234786	-22	0.12557390945065028
150	1	0	0	0.0	0	False	0.2	3.0	1.1	70	NA	NA	NA	failed	early_stop_failed	4600	>46	46.869896142251626	-24	0.1315299984763781
151	1	0	0	0.0	0	False	0.2	3.0	1.5	70	NA	NA	NA	failed	early_stop_failed	4450	>46	46.564226156893376	-21	0.11340987206306063
152	1	0	0	0.0	0	False	0.2	3.0	2.0	70	NA	NA	NA	failed	early_stop_failed	4950	>46	46.5109543806071	-24	0.11839610993649168
153	1	0	0	0.0	0	False	0.2	3.0	3.0	70	NA	NA	NA	failed	early_stop_failed	5350	>46	46.53606030437165	-23	0.11759841863427106
154	1	0	0	0.0	0	False	0.2	3.0	5.0	70	NA	NA	NA	failed	early_stop_failed	4500	>46	46.69684115768898	-22	0.11474612054720998
155	1	0	0	0.0	0	False	0.2	3.5	1.1	70	NA	NA	NA	failed	early_stop_failed	4450	>46	46.64597649082985	-23	0.12440359303080221
156	1	0	0	0.0	0	False	0.2	3.5	1.5	70	NA	NA	NA	failed	early_stop_failed	4850	>46	46.59832800458949	-21	0.11698373313337969
157	1	0	0	0.0	0	False	0.2	3.5	2.0	70	NA	NA	NA	failed	early_stop_failed	4800	>46	46.85224302124677	-24	0.12058903546618696
158	1	0	0	0.0	0	False	0.2	3.5	3.0	70	NA	NA	NA	failed	early_stop_failed	5150	>46	46.457611485074615	-24	0.12303435512179117
159	1	0	0	0.0	0	False	0.2	3.5	5.0	70	NA	NA	NA	failed	early_stop_failed	5050	>46	46.88270345102168	-24	0.10903944139964813
160	1	0	0	0.0	0	False	0.2	4.0	1.1	70	NA	NA	NA	failed	early_stop_failed	4000	>46	46.981103860098784	-26	0.09576463897106478
161	1	0	0	0.0	0	False	0.2	4.0	1.5	70	NA	NA	NA	failed	early_stop_failed	4950	>46	46.73515092303026	-22	0.12598829318373728
162	1	0	0	0.0	0	False	0.2	4.0	2.0	70	NA	NA	NA	failed	early_stop_failed	4900	>46	46.87461256043542	-24	0.10833872568539578
163	1	0	0	0.0	0	False	0.2	4.0	3.0	70	NA	NA	NA	failed	early_stop_failed	4500	>46	46.598319189821645	-23	0.11425586620205987
164	1	0	0	0.0	0	False	0.2	4.0	5.0	70	NA	NA	NA	failed	early_stop_failed	5200	>46	46.529260395442556	-22	0.1293641973788658
165	1	0	0	0.0	0	False	0.2	4.5	1.1	70	NA	NA	NA	failed	early_stop_failed	4950	>46	46.513239082329804	-22	0.10661956854463307
166	1	0	0	0.0	0	False	0.2	4.5	1.5	70	NA	NA	NA	failed	early_stop_failed	5400	>46	46.694481624208734	-22	0.13160834968094717
167	1	0	0	0.0	0	False	0.2	4.5	2.0	70	NA	NA	NA	failed	early_stop_failed	4350	>46	46.68455353930671	-20	0.0959754576400155
168	1	0	0	0.0	0	False	0.2	4.5	3.0	70	NA	NA	NA	failed	early_stop_failed	4500	>46	46.66332511864898	-23	0.14019428221669442
169	1	0	0	0.0	0	False	0.2	4.5	5.0	70	NA	NA	NA	failed	early_stop_failed	4600	>46	46.476123279662545	-22	0.13811390160622486
170	1	0	0	0.0	0	False	0.2	5.0	1.1	70	NA	NA	NA	failed	early_stop_failed	4950	>46	46.532189016427814	-24	0.13548537374418507
171	1	0	0	0.0	0	False	0.2	5.0	1.5	70	NA	NA	NA	failed	early_stop_failed	4400	>46	46.555908019357545	-25	0.10415306731193189
172	1	0	0	0.0	0	False	0.2	5.0	2.0	70	NA	NA	NA	failed	early_stop_failed	5200	>46	46.70588940197183	-24	0.12779081443330068
173	1	0	0	0.0	0	False	0.2	5.0	3.0	70	NA	NA	NA	failed	early_stop_failed	4750	>46	46.370384381910746	-24	0.13673201056617335
174	1	0	0	0.0	0	False	0.2	5.0	5.0	70	NA	NA	NA	failed	early_stop_failed	4300	>46	47.27302111719604	-25	0.10141499185736665
175	1	0	0	0.0	0	False	0.25	3.0	1.1	70	NA	NA	NA	failed	early_stop_failed	4800	>46	46.562169763933355	-24	0.13245207594724598
176	1	0	0	0.0	0	False	0.25	3.0	1.5	70	NA	NA	NA	failed	early_stop_failed	5000	>46	46.55918646187201	-23	0.13036531324878176
177	1	0	0	0.0	0	False	0.25	3.0	2.0	70	NA	NA	NA	failed	early_stop_failed	4800	>46	46.825653165144004	-22	0.10137736303425615
178	1	0	0	0.0	0	False	0.25	3.0	3.0	70	NA	NA	NA	failed	early_stop_failed	4150	>46	46.94449011840964	-21	0.0837460769279849
179	1	0	0	0.0	0	False	0.25	3.0	5.0	70	NA	NA	NA	failed	early_stop_failed	4600	>46	46.750752129877306	-20	0.10758928579699584
180	1	0	0	0.0	0	False	0.25	3.5	1.1	70	NA	NA	NA	failed	early_stop_failed	4650	>46	46.80439963575345	-24	0.10305107653287307
181	1	0	0	0.0	0	False	0.25	3.5	1.5	70	NA	NA	NA	failed	early_stop_failed	4800	>46	46.75977043197674	-24	0.10360038960522581
182	1	0	0	0.0	0	False	0.25	3.5	2.0	70	NA	NA	NA	failed	early_stop_failed	5100	>46	46.7107911050878	-23	0.1286737552686207
183	1	0	0	0.0	0	False	0.25	3.5	3.0	70	NA	NA	NA	failed	early_stop_failed	5250	>46	46.65183010096972	-22	0.12029984279480996
184	1	0	0	0.0	0	False	0.25	3.5	5.0	70	NA	NA	NA	failed	early_stop_failed	5400	>46	46.65702359369704	-23	0.11190484895177219
185	1	0	0	0.0	0	False	0.25	4.0	1.1	70	NA	NA	NA	failed	early_stop_failed	4550	>46	47.04391041742505	-23	0.09615040190428059
186	1	0	0	0.0	0	False	0.25	4.0	1.5	70	NA	NA	NA	failed	early_stop_failed	4950	>46	46.577765940351135	-22	0.11782265550943824
187	1	0	0	0.0	0	False	0.25	4.0	2.0	70	NA	NA	NA	failed	early_stop_failed	5100	>46	46.68488865420864	-24	0.13572436127992973
188	1	0	0	0.0	0	False	0.25	4.0	3.0	70	NA	NA	NA	failed	early_stop_failed	4750	>46	46.684731805394726	-23	0.11908153958156067
189	1	0	0	0.0	0	False	0.25	4.0	5.0	70	NA	NA	NA	failed	early_stop_failed	5150	>46	46.53517717487637	-22	0.1335019679243197
190	1	0	0	0.0	0	False	0.25	4.5	1.1	70	NA	NA	NA	failed	early_stop_failed	4950	>46	46.57389606652074	-24	0.11486289264920456
191	1	0	0	0.0	0	False	0.25	4.5	1.5	70	NA	NA	NA	failed	early_stop_failed	5100	>46	46.505572669577916	-24	0.12079903918681943
192	1	0	0	0.0	0	False	0.25	4.5	2.0	70	NA	NA	NA	failed	early_stop_failed	4400	>46	46.65880798441243	-24	0.11940488130339474
193	1	0	0	0.0	0	False	0.25	4.5	3.0	70	NA	NA	NA	failed	early_stop_failed	4450	>46	46.88434578104437	-22	0.11714791891982754
194	1	0	0	0.0	0	False	0.25	4.5	5.0	70	NA	NA	NA	failed	early_stop_failed	4800	>46	46.63547894311624	-22	0.1442750957998659
195	1	0	0	0.0	0	False	0.25	5.0	1.1	70	NA	NA	NA	failed	early_stop_failed	5000	>46	46.921909298776384	-26	0.09688556093885559
196	1	0	0	0.0	0	False	0.25	5.0	1.5	70	NA	NA	NA	failed	early_stop_failed	4650	>46	46.502454620959156	-23	0.11967901622674577
197	1	0	0	0.0	0	False	0.25	5.0	2.0	70	NA	NA	NA	failed	early_stop_failed	4550	>46	46.82506378976582	-24	0.1261475658281132
198	1	0	0	0.0	0	False	0.25	5.0	3.0	70	NA	NA	NA	failed	early_stop_failed	4800	>46	46.64286399224057	-23	0.1320224117258045
199	1	0	0	0.0	0	False	0.25	5.0	5.0	70	NA	NA	NA	failed	early_stop_failed	4850	>46	46.778049691183504	-21	0.13463669814086068
200	1	0	0	0.0	0	False	0.3	3.0	1.1	70	NA	NA	NA	failed	early_stop_failed	4600	>46	46.70440576713758	-24	0.12028749385302329
201	1	0	0	0.0	0	False	0.3	3.0	1.5	70	NA	NA	NA	failed	early_stop_failed	4850	>46	46.76645711451117	-23	0.11889641647869388
202	1	0	0	0.0	0	False	0.3	3.0	2.0	70	NA	NA	NA	failed	early_stop_failed	4650	>46	46.816411077955856	-23	0.1058172154334131
203	1	0	0	0.0	0	False	0.3	3.0	3.0	70	NA	NA	NA	failed	early_stop_failed	4600	>46	46.68034389416769	-23	0.13556878946145048
204	1	0	0	0.0	0	False	0.3	3.0	5.0	70	NA	NA	NA	failed	early_stop_failed	5100	>46	46.773063033245144	-22	0.11538416563858896
205	1	0	0	0.0	0	False	0.3	3.5	1.1	70	NA	NA	NA	failed	early_stop_failed	4850	>46	46.54973681456048	-23	0.1285406820515981
206	1	0	0	0.0	0	False	0.3	3.5	1.5	70	NA	NA	NA	failed	early_stop_failed	5100	>46	46.50583305930295	-23	0.1519080039723396
207	1	0	0	0.0	0	False	0.3	3.5	2.0	70	NA	NA	NA	failed	early_stop_failed	4500	>46	46.68724259608287	-25	0.10214248904351035
208	1	0	0	0.0	0	False	0.3	3.5	3.0	70	NA	NA	NA	failed	early_stop_failed	4500	>46	46.85464281093923	-22	0.12758641697756712
209	1	0	0	0.0	0	False	0.3	3.5	5.0	70	NA	NA	NA	failed	early_stop_failed	5050	>46	46.483334995917154	-22	0.1240504294466216
210	1	0	0	0.0	0	False	0.3	4.0	1.1	70	NA	NA	NA	failed	early_stop_failed	4200	>46	46.65875298321988	-22	0.10431404356224806
211	1	0	0	0.0	0	False	0.3	4.0	1.5	70	NA	NA	NA	failed	early_stop_failed	4950	>46	46.75392788117909	-23	0.11283938658325604
212	1	0	0	0.0	0	False	0.3	4.0	2.0	70	NA	NA	NA	failed	early_stop_failed	4850	>46	46.93667656160076	-22	0.1034321071374759
213	1	0	0	0.0	0	False	0.3	4.0	3.0	70	NA	NA	NA	failed	early_stop_failed	4600	>46	46.62146015592027	-23	0.10541940937258837
214	1	0	0	0.0	0	False	0.3	4.0	5.0	70	NA	NA	NA	failed	early_stop_failed	4650	>46	46.89407013890173	-22	0.10300534733012844
215	1	0	0	0.0	0	False	0.3	4.5	1.1	70	NA	NA	NA	failed	early_stop_failed	4600	>46	46.593546655157496	-24	0.1257067113944476
216	1	0	0	0.0	0	False	0.3	4.5	1.5	70	NA	NA	NA	failed	early_stop_failed	4850	>46	46.689081318006004	-24	0.1117834052395944
217	1	0	0	0.0	0	False	0.3	4.5	2.0	70	NA	NA	NA	failed	early_stop_failed	4750	>46	46.42312006953202	-21	0.11683335569582638
218	1	0	0	0.0	0	False	0.3	4.5	3.0	70	NA	NA	NA	failed	early_stop_failed	4950	>46	46.88617428569555	-24	0.12068566362292209
219	1	0	0	0.0	0	False	0.3	4.5	5.0	70	NA	NA	NA	failed	early_stop_failed	4800	>46	46.72934197370391	-23	0.13471806007377
220	1	0	0	0.0	0	False	0.3	5.0	1.1	70	NA	NA	NA	failed	early_stop_failed	4550	>46	46.623189999973796	-25	0.09924138431803353
221	1	0	0	0.0	0	False	0.3	5.0	1.5	70	NA	NA	NA	failed	early_stop_failed	4600	>46	46.63279428951582	-22	0.10506876728753901
222	1	0	0	0.0	0	False	0.3	5.0	2.0	70	NA	NA	NA	failed	early_stop_failed	4850	>46	46.620853846815415	-22	0.12143466507259379
223	1	0	0	0.0	0	False	0.3	5.0	3.0	70	NA	NA	NA	failed	early_stop_failed	4350	>46	46.77831425174879	-24	0.10626080103101841
224	1	0	0	0.0	0	False	0.3	5.0	5.0	70	NA	NA	NA	failed	early_stop_failed	4100	>46	46.617302059389225	-25	0.10009844667392376
225	1	0	0	0.0	0	False	0.35	3.0	1.1	70	NA	NA	NA	extinct	population_extinct	100000	NA	40.442888531009956	NA	NA
226	1	0	0	0.0	0	False	0.35	3.0	1.5	70	NA	NA	NA	failed	early_stop_failed	4700	>46	46.737641879889956	-23	0.09357284662782522
227	1	0	0	0.0	0	False	0.35	3.0	2.0	70	NA	NA	NA	failed	early_stop_failed	4300	>46	46.68267804986261	-24	0.11420616143627325
228	1	0	0	0.0	0	False	0.35	3.0	3.0	70	NA	NA	NA	failed	early_stop_failed	4450	>46	46.69821478677944	-22	0.12020163163392043
229	1	0	0	0.0	0	False	0.35	3.0	5.0	70	NA	NA	NA	failed	early_stop_failed	5400	>46	46.6492780311223	-22	0.14342090885216516
230	1	0	0	0.0	0	False	0.35	3.5	1.1	70	NA	NA	NA	failed	early_stop_failed	4500	>46	46.63930422454278	-23	0.10736524924882852
231	1	0	0	0.0	0	False	0.35	3.5	1.5	70	NA	NA	NA	failed	early_stop_failed	4500	>46	46.65855155042509	-22	0.13340544737222326
232	1	0	0	0.0	0	False	0.35	3.5	2.0	70	NA	NA	NA	failed	early_stop_failed	4700	>46	46.590877321560356	-23	0.09590111486662524
233	1	0	0	0.0	0	False	0.35	3.5	3.0	70	NA	NA	NA	failed	early_stop_failed	4900	>46	46.61888936420053	-21	0.12476288039168476
234	1	0	0	0.0	0	False	0.35	3.5	5.0	70	NA	NA	NA	failed	early_stop_failed	4700	>46	46.68685077850764	-25	0.11176221388468616
235	1	0	0	0.0	0	False	0.35	4.0	1.1	70	NA	NA	NA	failed	early_stop_failed	4800	>46	46.56990423849379	-22	0.11329170859211599
236	1	0	0	0.0	0	False	0.35	4.0	1.5	70	NA	NA	NA	failed	early_stop_failed	4750	>46	46.98532197097999	-22	0.13789823932335354
237	1	0	0	0.0	0	False	0.35	4.0	2.0	70	NA	NA	NA	failed	early_stop_failed	5350	>46	46.69508910546837	-23	0.13215534325653328
238	1	0	0	0.0	0	False	0.35	4.0	3.0	70	NA	NA	NA	failed	early_stop_failed	4850	>46	46.655214928416335	-22	0.12016281304441576
239	1	0	0	0.0	0	False	0.35	4.0	5.0	70	NA	NA	NA	failed	early_stop_failed	4950	>46	46.65995600210568	-23	0.11989406383248884
240	1	0	0	0.0	0	False	0.35	4.5	1.1	70	NA	NA	NA	failed	early_stop_failed	4500	>46	46.65289886129662	-24	0.11352499873832292
241	1	0	0	0.0	0	False	0.35	4.5	1.5	70	NA	NA	NA	failed	early_stop_failed	5550	>46	46.54810212176073	-23	0.12403781008310123
242	1	0	0	0.0	0	False	0.35	4.5	2.0	70	NA	NA	NA	failed	early_stop_failed	4800	>46	46.78787585576903	-24	0.1351482564643383
243	1	0	0	0.0	0	False	0.35	4.5	3.0	70	NA	NA	NA	failed	early_stop_failed	4750	>46	46.62931385250404	-22	0.13735841273633348
244	1	0	0	0.0	0	False	0.35	4.5	5.0	70	NA	NA	NA	failed	early_stop_failed	4800	>46	46.79033407016513	-24	0.13219605178188598
245	1	0	0	0.0	0	False	0.35	5.0	1.1	70	NA	NA	NA	failed	early_stop_failed	4350	>46	46.74552662199644	-21	0.11582462932565572
246	1	0	0	0.0	0	False	0.35	5.0	1.5	70	NA	NA	NA	failed	early_stop_failed	4750	>46	47.10841148695358	-22	0.11897820561380051
247	1	0	0	0.0	0	False	0.35	5.0	2.0	70	NA	NA	NA	failed	early_stop_failed	5050	>46	46.52042786927779	-23	0.10998425024020082
248	1	0	0	0.0	0	False	0.35	5.0	3.0	70	NA	NA	NA	failed	early_stop_failed	4550	>46	46.56596220750935	-25	0.11327787907218818
249	1	0	0	0.0	0	False	0.35	5.0	5.0	70	NA	NA	NA	failed	early_stop_failed	4550	>46	46.71370676395952	-23	0.11271547579247711
250	0	1	0	0.0	0	False	NA	NA	NA	70	0.008	25.0	NA	succeed	early_stop_succeed	2200	40.39174839056224	40.410745263234695	-30	0.20451764870350903
251	0	1	0	0.0	0	False	NA	NA	NA	70	0.008	25.0	NA	succeed	early_stop_succeed	3100	40.73393000816011	40.748860702515174	-29	0.17317938479558623
252	0	1	0	0.0	0	False	NA	NA	NA	70	0.008	25.0	NA	succeed	early_stop_succeed	3400	40.923855925739616	40.9332342402688	-28	0.1601141297964204
253	0	1	0	0.0	0	False	NA	NA	NA	70	0.008	25.0	NA	succeed	early_stop_succeed	4550	41.10250187403478	41.09149184511655	-27	0.1412416264663054
254	0	1	0	0.0	0	False	NA	NA	NA	70	0.008	25.0	NA	succeed	early_stop_succeed	2000	40.22210754837396	40.19417368577387	-30	0.25682892635161114
255	0	1	0	0.0	0	False	NA	NA	NA	70	0.008	25.0	NA	succeed	early_stop_succeed	3500	40.823554022395825	40.798435476699964	-30	0.16864274012438624
256	0	1	0	0.0	0	False	NA	NA	NA	70	0.008	25.0	NA	succeed	early_stop_succeed	3500	41.16377652069451	41.18181416416622	-29	0.14783808902851295
257	0	1	0	0.0	0	False	NA	NA	NA	70	0.008	25.0	NA	succeed	early_stop_succeed	2750	40.4974993701402	40.519780386212126	-30	0.18943656224009014
258	0	1	0	0.0	0	False	NA	NA	NA	70	0.008	25.0	NA	succeed	early_stop_succeed	2200	40.2879874830698	40.274938030531736	-30	0.2271308210350663
259	0	1	0	0.0	0	False	NA	NA	NA	70	0.008	25.0	NA	succeed	early_stop_succeed	2000	40.32235612025502	40.303626537001826	-30	0.22924870764622554
260	0	1	0	0.0	0	False	NA	NA	NA	70	0.008	25.0	NA	succeed	early_stop_succeed	2100	40.23076894337975	40.227287175008826	-30	0.24903737628210326
261	0	1	0	0.0	0	False	NA	NA	NA	70	0.008	25.0	NA	succeed	early_stop_succeed	2200	40.20760809131222	40.19582921661755	-30	0.22023155638455041
262	0	1	0	0.0	0	False	NA	NA	NA	70	0.008	25.0	NA	succeed	early_stop_succeed	5300	41.42650166523893	41.433241797036395	-30	0.15562325335832516
263	0	1	0	0.0	0	False	NA	NA	NA	70	0.008	25.0	NA	succeed	early_stop_succeed	2100	40.38353292390417	40.36420499051585	-30	0.23706543588817147
264	0	1	0	0.0	0	False	NA	NA	NA	70	0.008	25.0	NA	succeed	early_stop_succeed	2000	40.30861797898614	40.28336773769123	-30	0.24142605506411666
265	0	1	0	0.0	0	False	NA	NA	NA	70	0.008	25.0	NA	succeed	early_stop_succeed	2000	40.360991067437105	40.34120282187652	-30	0.23596479693686373
266	0	1	0	0.0	0	False	NA	NA	NA	70	0.008	25.0	NA	succeed	early_stop_succeed	4450	41.07998317200109	41.09906131008482	-28	0.13369345939353938
267	0	1	0	0.0	0	False	NA	NA	NA	70	0.008	25.0	NA	succeed	early_stop_succeed	2000	40.38234492224715	40.362422908002074	-30	0.26962127074501985
268	0	1	0	0.0	0	False	NA	NA	NA	70	0.008	25.0	NA	succeed	early_stop_succeed	2350	40.34796225193506	40.379678795239904	-30	0.220990296923755
269	0	1	0	0.0	0	False	NA	NA	NA	70	0.008	25.0	NA	succeed	early_stop_succeed	2000	40.19356782777943	40.16880831086393	-30	0.25992902849831945
270	0	1	0	0.0	0	False	NA	NA	NA	70	0.008	25.0	NA	succeed	early_stop_succeed	3600	40.673369608309706	40.66857501624253	-30	0.1727596373364679
271	0	1	0	0.0	0	False	NA	NA	NA	70	0.008	25.0	NA	succeed	early_stop_succeed	3400	40.9551326949757	40.95444490670657	-30	0.170386737192892
272	0	1	0	0.0	0	False	NA	NA	NA	70	0.008	25.0	NA	succeed	early_stop_succeed	2000	40.1770744071803	40.137104631178616	-30	0.26311400745917324
273	0	1	0	0.0	0	False	NA	NA	NA	70	0.008	25.0	NA	succeed	early_stop_succeed	2150	40.19063126521613	40.20570492133924	-30	0.2374239678393998
274	0	1	0	0.0	0	False	NA	NA	NA	70	0.008	25.0	NA	succeed	early_stop_succeed	2950	40.56053844857832	40.57066839281657	-30	0.18145260160951096
275	0	1	0	0.0	0	False	NA	NA	NA	70	0.008	25.0	NA	succeed	early_stop_succeed	2350	40.64240266246466	40.63543283506217	-30	0.22545477837246364
276	0	1	0	0.0	0	False	NA	NA	NA	70	0.008	25.0	NA	succeed	early_stop_succeed	2350	40.08235547173722	40.055084821856916	-30	0.25544835486901113
277	0	1	0	0.0	0	False	NA	NA	NA	70	0.008	25.0	NA	succeed	early_stop_succeed	2700	40.347478732609645	40.39018070904805	-30	0.20200086793012587
278	0	1	0	0.0	0	False	NA	NA	NA	70	0.008	25.0	NA	succeed	early_stop_succeed	2400	40.159241522814675	40.18880030902915	-30	0.2241201399441413
279	0	1	0	0.0	0	False	NA	NA	NA	70	0.008	25.0	NA	succeed	early_stop_succeed	3150	40.666023260917974	40.64934798104368	-30	0.16558836668890528
280	0	1	0	0.0	0	False	NA	NA	NA	70	0.008	25.0	NA	succeed	early_stop_succeed	2850	40.6146089630882	40.59026830749596	-30	0.18753441434006426
281	0	1	0	0.0	0	False	NA	NA	NA	70	0.008	25.0	NA	succeed	early_stop_succeed	3350	40.70416291856999	40.70860703136421	-29	0.17346656415739153
282	0	1	0	0.0	0	False	NA	NA	NA	70	0.008	25.0	NA	succeed	early_stop_succeed	2150	40.39264756026611	40.38242045012049	-30	0.2181538949960555
283	0	1	0	0.0	0	False	NA	NA	NA	70	0.008	25.0	NA	succeed	early_stop_succeed	7100	41.96434654814756	41.98440411422848	-27	0.1363827379328474
284	0	1	0	0.0	0	False	NA	NA	NA	70	0.008	25.0	NA	succeed	early_stop_succeed	2000	40.051225961362796	40.04075678415058	-30	0.25502627008443823
285	0	1	0	0.0	0	False	NA	NA	NA	70	0.008	25.0	NA	succeed	early_stop_succeed	4150	41.0294503772775	41.0402846397618	-30	0.1487627866399989
286	0	1	0	0.0	0	False	NA	NA	NA	70	0.008	25.0	NA	succeed	early_stop_succeed	2600	40.254447551564205	40.26230819656287	-30	0.18569057437610595
287	0	1	0	0.0	0	False	NA	NA	NA	70	0.008	25.0	NA	succeed	early_stop_succeed	5150	41.50554357438636	41.47784275879501	-29	0.133475777348559
288	0	1	0	0.0	0	False	NA	NA	NA	70	0.008	25.0	NA	succeed	early_stop_succeed	2700	40.53144698645911	40.52463970515659	-30	0.19542896930591552
289	0	1	0	0.0	0	False	NA	NA	NA	70	0.008	25.0	NA	succeed	early_stop_succeed	2000	40.18724922827964	40.18187262274424	-30	0.2808000856938888
290	0	1	0	0.0	0	False	NA	NA	NA	70	0.008	25.0	NA	succeed	early_stop_succeed	3200	40.85658194134826	40.88723729856678	-30	0.18003438791945583
291	0	1	0	0.0	0	False	NA	NA	NA	70	0.008	25.0	NA	succeed	early_stop_succeed	2000	40.17165000956566	40.15034011369148	-30	0.23709530634464918
292	0	1	0	0.0	0	False	NA	NA	NA	70	0.008	25.0	NA	succeed	early_stop_succeed	2050	40.33335544332055	40.36628960209198	-30	0.262988914272938
293	0	1	0	0.0	0	False	NA	NA	NA	70	0.008	25.0	NA	succeed	early_stop_succeed	2850	40.44308514053688	40.429846304754165	-30	0.18250508639809115
294	0	1	0	0.0	0	False	NA	NA	NA	70	0.008	25.0	NA	succeed	early_stop_succeed	2700	40.38791312421394	40.39835297269006	-30	0.18486228925655568
295	0	1	0	0.0	0	False	NA	NA	NA	70	0.008	25.0	NA	succeed	early_stop_succeed	2350	40.369214880484854	40.367112610764785	-30	0.21034923403716735
296	0	1	0	0.0	0	False	NA	NA	NA	70	0.008	25.0	NA	succeed	early_stop_succeed	2650	40.50347267105193	40.50645666759937	-30	0.20603076885562735
297	0	1	0	0.0	0	False	NA	NA	NA	70	0.008	25.0	NA	succeed	early_stop_succeed	3000	40.71465461554417	40.68771399197885	-30	0.170174974366185
298	0	1	0	0.0	0	False	NA	NA	NA	70	0.008	25.0	NA	succeed	early_stop_succeed	2000	40.02530055126672	39.98910967604862	-30	0.24751460807473855
299	0	1	0	0.0	0	False	NA	NA	NA	70	0.008	25.0	NA	succeed	early_stop_succeed	2000	40.06270193912123	40.06499207757453	-30	0.2834325014031052
300	0	1	0	0.0	0	False	NA	NA	NA	70	0.008	25.0	NA	succeed	early_stop_succeed	2000	40.09385992780788	40.064599093933744	-30	0.2703546348150842
301	0	1	0	0.0	0	False	NA	NA	NA	70	0.008	25.0	NA	succeed	early_stop_succeed	4500	41.3851254092759	41.3502293755038	-30	0.14436382965222877
302	0	1	0	0.0	0	False	NA	NA	NA	70	0.008	25.0	NA	succeed	early_stop_succeed	5100	42.21085001906472	42.195424546386434	-28	0.12785896095489396
303	0	1	0	0.0	0	False	NA	NA	NA	70	0.008	25.0	NA	succeed	early_stop_succeed	2000	40.12966038958361	40.100900616261804	-30	0.24418632471997723
304	0	1	0	0.0	0	False	NA	NA	NA	70	0.008	25.0	NA	succeed	early_stop_succeed	2000	40.24611795110802	40.23374276924576	-30	0.2603240217446066
305	0	1	0	0.0	0	False	NA	NA	NA	70	0.008	25.0	NA	succeed	early_stop_succeed	2000	40.20106424157584	40.1657507429765	-30	0.24714848986497726
306	0	1	0	0.0	0	False	NA	NA	NA	70	0.008	25.0	NA	succeed	early_stop_succeed	2000	40.3289023346682	40.31487806180044	-30	0.23811087802188813
307	0	1	0	0.0	0	False	NA	NA	NA	70	0.008	25.0	NA	succeed	early_stop_succeed	2850	40.666112629468664	40.66069427887598	-30	0.17886655417819453
308	0	1	0	0.0	0	False	NA	NA	NA	70	0.008	25.0	NA	succeed	early_stop_succeed	2000	40.14549765060212	40.12310062040975	-30	0.23933805048364654
309	0	1	0	0.0	0	False	NA	NA	NA	70	0.008	25.0	NA	succeed	early_stop_succeed	2250	40.30523669394998	40.30878191661382	-30	0.24843603251009985
310	0	1	0	0.0	0	False	NA	NA	NA	70	0.008	25.0	NA	succeed	early_stop_succeed	2550	40.41266296682494	40.40278868425994	-30	0.21306079777128414
311	0	1	0	0.0	0	False	NA	NA	NA	70	0.008	25.0	NA	succeed	early_stop_succeed	4600	41.47212527223891	41.5076320207192	-30	0.13903651344027165
312	0	1	0	0.0	0	False	NA	NA	NA	70	0.008	25.0	NA	succeed	early_stop_succeed	3800	40.75304148455077	40.81239518270733	-30	0.14977525947727455
313	0	1	0	0.0	0	False	NA	NA	NA	70	0.008	25.0	NA	succeed	early_stop_succeed	4850	41.25565868956722	41.25138633099143	-28	0.13906198224388652
314	0	1	0	0.0	0	False	NA	NA	NA	70	0.008	25.0	NA	succeed	early_stop_succeed	3700	40.82135888554856	40.79591567990579	-29	0.17247010746139146
315	0	1	0	0.0	0	False	NA	NA	NA	70	0.008	25.0	NA	succeed	early_stop_succeed	2000	40.317812196019716	40.318424190852774	-30	0.2589531871030559
316	0	1	0	0.0	0	False	NA	NA	NA	70	0.008	25.0	NA	succeed	early_stop_succeed	2250	40.31158362942774	40.33865318360382	-30	0.20985498090363452
317	0	1	0	0.0	0	False	NA	NA	NA	70	0.008	25.0	NA	succeed	early_stop_succeed	2950	40.56472411666004	40.568061970742065	-30	0.19782333602446442
318	0	1	0	0.0	0	False	NA	NA	NA	70	0.008	25.0	NA	succeed	early_stop_succeed	4750	41.27713631375943	41.29355172662255	-28	0.16302370505283992
319	0	1	0	0.0	0	False	NA	NA	NA	70	0.008	25.0	NA	succeed	early_stop_succeed	2150	40.12545061385239	40.16950212800209	-30	0.21495022605562294
320	0	1	0	0.0	0	False	NA	NA	NA	70	0.008	25.0	NA	succeed	early_stop_succeed	5700	41.85584525899972	41.89902667085282	-30	0.12167704091022034
321	0	1	0	0.0	0	False	NA	NA	NA	70	0.008	25.0	NA	succeed	early_stop_succeed	3100	40.64294097158517	40.6161244644594	-30	0.1915444214987145
322	0	1	0	0.0	0	False	NA	NA	NA	70	0.008	25.0	NA	succeed	early_stop_succeed	2300	40.317160899209846	40.318299638871046	-30	0.22320040023326
323	0	1	0	0.0	0	False	NA	NA	NA	70	0.008	25.0	NA	succeed	early_stop_succeed	2200	40.21968546869257	40.20389632759099	-30	0.21636629755629383
324	0	1	0	0.0	0	False	NA	NA	NA	70	0.008	25.0	NA	succeed	early_stop_succeed	2050	40.27134193972714	40.23563024214341	-30	0.23947809510493376
325	0	1	0	0.0	0	False	NA	NA	NA	70	0.008	25.0	NA	succeed	early_stop_succeed	2150	40.30948039670711	40.34750932830549	-30	0.22441295163572442
326	0	1	0	0.0	0	False	NA	NA	NA	70	0.008	25.0	NA	succeed	early_stop_succeed	2200	40.33658650869551	40.34178591518178	-30	0.24871069262108667
327	0	1	0	0.0	0	False	NA	NA	NA	70	0.008	25.0	NA	succeed	early_stop_succeed	6200	42.14296940782915	42.1511814060076	-28	0.13754697659804374
328	0	1	0	0.0	0	False	NA	NA	NA	70	0.008	25.0	NA	succeed	early_stop_succeed	5550	41.87794752671854	41.87708257756219	-30	0.12650394911773227
329	0	1	0	0.0	0	False	NA	NA	NA	70	0.008	25.0	NA	succeed	early_stop_succeed	3100	40.80608643562865	40.8291112175188	-30	0.17939439424425743
330	0	1	0	0.0	0	False	NA	NA	NA	70	0.008	25.0	NA	succeed	early_stop_succeed	2850	40.476519454722194	40.49443447954604	-30	0.1729129511202687
331	0	1	0	0.0	0	False	NA	NA	NA	70	0.008	25.0	NA	succeed	early_stop_succeed	2400	40.50405534869567	40.48458862060416	-30	0.21207841957156165
332	0	1	0	0.0	0	False	NA	NA	NA	70	0.008	25.0	NA	succeed	early_stop_succeed	2850	40.57546047122563	40.545621248188034	-30	0.17956718205943387
333	0	1	0	0.0	0	False	NA	NA	NA	70	0.008	25.0	NA	succeed	early_stop_succeed	6450	42.31617199207286	42.311847829617946	-28	0.13002101708401864
334	0	1	0	0.0	0	False	NA	NA	NA	70	0.008	25.0	NA	succeed	early_stop_succeed	2150	40.19194902785367	40.22008302971049	-30	0.23783749579959299
335	0	1	0	0.0	0	False	NA	NA	NA	70	0.008	25.0	NA	succeed	early_stop_succeed	4300	41.34278188850186	41.346286896137244	-30	0.13873401373994826
336	0	1	0	0.0	0	False	NA	NA	NA	70	0.008	25.0	NA	succeed	early_stop_succeed	2850	40.612982544308274	40.586205035949945	-30	0.16642068737415308
337	0	1	0	0.0	0	False	NA	NA	NA	70	0.008	25.0	NA	succeed	early_stop_succeed	2450	40.35580352653638	40.36792625544075	-30	0.21678818397766264
338	0	1	0	0.0	0	False	NA	NA	NA	70	0.008	25.0	NA	succeed	early_stop_succeed	2500	40.31087479947593	40.30345432330444	-30	0.21915872178171297
339	0	1	0	0.0	0	False	NA	NA	NA	70	0.008	25.0	NA	succeed	early_stop_succeed	4200	41.12376339937571	41.13881505428981	-28	0.1361651882119374
340	0	1	0	0.0	0	False	NA	NA	NA	70	0.008	25.0	NA	succeed	early_stop_succeed	2500	40.52837625804759	40.56860057061634	-30	0.253942677934632
341	0	1	0	0.0	0	False	NA	NA	NA	70	0.008	25.0	NA	succeed	early_stop_succeed	2800	40.60903018564348	40.576488547223946	-30	0.21009173690640762
342	0	1	0	0.0	0	False	NA	NA	NA	70	0.008	25.0	NA	succeed	early_stop_succeed	2000	40.27442950494036	40.27712123616448	-30	0.24644904027094672
343	0	1	0	0.0	0	False	NA	NA	NA	70	0.008	25.0	NA	succeed	early_stop_succeed	2000	40.149456038180475	40.1495671510383	-30	0.2757842256721051
344	0	1	0	0.0	0	False	NA	NA	NA	70	0.008	25.0	NA	succeed	early_stop_succeed	2400	40.283271900170895	40.29614501909317	-30	0.22805103375424626
345	0	1	0	0.0	0	False	NA	NA	NA	70	0.008	25.0	NA	succeed	early_stop_succeed	2000	40.14729563659131	40.11695615198792	-30	0.2509930461802371
346	0	1	0	0.0	0	False	NA	NA	NA	70	0.008	25.0	NA	succeed	early_stop_succeed	2150	40.21197189237827	40.24131276772321	-30	0.2350368980973002
347	0	1	0	0.0	0	False	NA	NA	NA	70	0.008	25.0	NA	succeed	early_stop_succeed	2400	40.587921247743935	40.61028665745611	-30	0.1917436858885587
348	0	1	0	0.0	0	False	NA	NA	NA	70	0.008	25.0	NA	succeed	early_stop_succeed	2750	40.532053323240945	40.552400886946124	-30	0.21099832934353338
349	0	1	0	0.0	0	False	NA	NA	NA	70	0.008	25.0	NA	succeed	early_stop_succeed	4050	41.25867786808368	41.27654959046698	-28	0.13753643383881375
350	0	1	0	0.0	0	False	NA	NA	NA	70	0.008	25.0	NA	succeed	early_stop_succeed	2000	40.21703600832758	40.2140233238205	-30	0.264412860226501
351	0	1	0	0.0	0	False	NA	NA	NA	70	0.008	25.0	NA	succeed	early_stop_succeed	2000	40.210737509748675	40.17730939090338	-30	0.24749534728284867
352	0	1	0	0.0	0	False	NA	NA	NA	70	0.008	25.0	NA	succeed	early_stop_succeed	2000	40.16246572752128	40.13998497564971	-30	0.2615068414205226
353	0	1	0	0.0	0	False	NA	NA	NA	70	0.008	25.0	NA	succeed	early_stop_succeed	3100	40.33724373676347	40.37129456088323	-30	0.19406479785567388
354	0	1	0	0.0	0	False	NA	NA	NA	70	0.008	25.0	NA	succeed	early_stop_succeed	2150	40.30073038762588	40.30062000531118	-30	0.250978675220029
355	0	1	0	0.0	0	False	NA	NA	NA	70	0.008	25.0	NA	succeed	early_stop_succeed	5050	41.56439552035759	41.595715837463054	-28	0.12603565611402742
356	0	1	0	0.0	0	False	NA	NA	NA	70	0.008	25.0	NA	succeed	early_stop_succeed	2650	40.316857139605624	40.324052366320615	-30	0.20560381246050188
357	0	1	0	0.0	0	False	NA	NA	NA	70	0.008	25.0	NA	succeed	early_stop_succeed	2150	40.25859646170564	40.26738251409725	-30	0.264037081513148
358	0	1	0	0.0	0	False	NA	NA	NA	70	0.008	25.0	NA	succeed	early_stop_succeed	3300	40.72230733829161	40.71003239957326	-30	0.19448933225292017
359	0	1	0	0.0	0	False	NA	NA	NA	70	0.008	25.0	NA	succeed	early_stop_succeed	2000	40.25127554272229	40.222880051394675	-30	0.2629592161334482
360	0	1	0	0.0	0	False	NA	NA	NA	70	0.008	25.0	NA	succeed	early_stop_succeed	2150	40.31794435072236	40.32004410427931	-30	0.24866951713559476
361	0	1	0	0.0	0	False	NA	NA	NA	70	0.008	25.0	NA	succeed	early_stop_succeed	2650	40.706160732611416	40.7012564669179	-30	0.18951736194209584
362	0	1	0	0.0	0	False	NA	NA	NA	70	0.008	25.0	NA	succeed	early_stop_succeed	2950	40.67436978574712	40.670231529833025	-30	0.17495307980637914
363	0	1	0	0.0	0	False	NA	NA	NA	70	0.008	25.0	NA	succeed	early_stop_succeed	2050	40.20905278578666	40.223474822996	-30	0.22672047906637682
364	0	1	0	0.0	0	False	NA	NA	NA	70	0.008	25.0	NA	succeed	early_stop_succeed	2350	40.400995568249535	40.405492210510495	-30	0.21791064345831987
365	0	1	0	0.0	0	False	NA	NA	NA	70	0.008	25.0	NA	succeed	early_stop_succeed	5000	41.47493741288163	41.47115924824323	-30	0.1382684190121009
366	0	1	0	0.0	0	False	NA	NA	NA	70	0.008	25.0	NA	succeed	early_stop_succeed	2100	40.30540463235419	40.28395688063867	-30	0.2639859082673926
367	0	1	0	0.0	0	False	NA	NA	NA	70	0.008	25.0	NA	succeed	early_stop_succeed	2050	39.996200557875994	40.00338403363544	-30	0.2935805995877079
368	0	1	0	0.0	0	False	NA	NA	NA	70	0.008	25.0	NA	succeed	early_stop_succeed	3150	40.83724221039453	40.85376422216007	-30	0.17501350013807396
369	0	1	0	0.0	0	False	NA	NA	NA	70	0.008	25.0	NA	succeed	early_stop_succeed	2000	40.26442367891118	40.22567822403032	-30	0.24356928676733156
370	0	1	0	0.0	0	False	NA	NA	NA	70	0.008	25.0	NA	succeed	early_stop_succeed	2500	40.424446993414165	40.44345371022798	-30	0.20498455763873477
371	0	1	0	0.0	0	False	NA	NA	NA	70	0.008	25.0	NA	succeed	early_stop_succeed	6050	41.902461375003774	41.94643475117118	-28	0.1396540324983226
372	0	1	0	0.0	0	False	NA	NA	NA	70	0.008	25.0	NA	succeed	early_stop_succeed	2350	40.216032784508954	40.19509460776294	-30	0.20480563091387086
373	0	1	0	0.0	0	False	NA	NA	NA	70	0.008	25.0	NA	succeed	early_stop_succeed	2000	40.349376113410656	40.30881974584009	-30	0.22698950962721046
374	0	1	0	0.0	0	False	NA	NA	NA	70	0.008	25.0	NA	succeed	early_stop_succeed	2350	40.3825735753708	40.35826671353921	-30	0.2161274987039471
375	0	0	1	0.0	0	False	NA	NA	NA	70	NA	NA	NA	failed	early_stop_failed	3650	>46	46.96537812484385	-24	0.0911803982972275
376	0	0	1	0.0	0	False	NA	NA	NA	70	NA	NA	NA	failed	early_stop_failed	4150	>46	46.7569267201362	-24	0.10512775693150102
377	0	0	1	0.0	0	False	NA	NA	NA	70	NA	NA	NA	failed	early_stop_failed	4100	>46	46.91844134844755	-25	0.08896223725514925
378	0	0	1	0.0	0	False	NA	NA	NA	70	NA	NA	NA	failed	early_stop_failed	4600	>46	46.386580136298264	-24	0.15855089186065993
379	0	0	1	0.0	0	False	NA	NA	NA	70	NA	NA	NA	failed	early_stop_failed	4550	>46	46.6175012222991	-22	0.11635184806528785
380	0	0	1	0.0	0	False	NA	NA	NA	70	NA	NA	NA	failed	early_stop_failed	5000	>46	46.67933569697964	-21	0.12054693384898492
381	0	0	1	0.0	0	False	NA	NA	NA	70	NA	NA	NA	failed	early_stop_failed	4700	>46	46.50579139724112	-21	0.12145476790906398
382	0	0	1	0.0	0	False	NA	NA	NA	70	NA	NA	NA	failed	early_stop_failed	4350	>46	46.96079754090754	-21	0.09847632199090145
383	0	0	1	0.0	0	False	NA	NA	NA	70	NA	NA	NA	failed	early_stop_failed	4550	>46	46.49591342661714	-22	0.15603923740536582
384	0	0	1	0.0	0	False	NA	NA	NA	70	NA	NA	NA	failed	early_stop_failed	4600	>46	46.72218071929281	-22	0.1323485123847944
385	0	0	1	0.0	0	False	NA	NA	NA	70	NA	NA	NA	failed	early_stop_failed	5050	>46	46.53022049703395	-22	0.13828207121950245
386	0	0	1	0.0	0	False	NA	NA	NA	70	NA	NA	NA	failed	early_stop_failed	4150	>46	46.685850260024964	-22	0.11814378319140839
387	0	0	1	0.0	0	False	NA	NA	NA	70	NA	NA	NA	failed	early_stop_failed	5000	>46	46.501387869088184	-21	0.1479977625416678
388	0	0	1	0.0	0	False	NA	NA	NA	70	NA	NA	NA	failed	early_stop_failed	4600	>46	46.9149903576726	-24	0.11247193439511402
389	0	0	1	0.0	0	False	NA	NA	NA	70	NA	NA	NA	failed	early_stop_failed	4750	>46	46.63836959870152	-22	0.12812353980737556
390	0	0	1	0.0	0	False	NA	NA	NA	70	NA	NA	NA	failed	early_stop_failed	4500	>46	46.57567400706695	-22	0.14032148277089623
391	0	0	1	0.0	0	False	NA	NA	NA	70	NA	NA	NA	failed	early_stop_failed	4750	>46	46.42550868785082	-24	0.11081653129724894
392	0	0	1	0.0	0	False	NA	NA	NA	70	NA	NA	NA	failed	early_stop_failed	5050	>46	46.640159894951715	-23	0.12228281702825829
393	0	0	1	0.0	0	False	NA	NA	NA	70	NA	NA	NA	failed	early_stop_failed	4750	>46	46.621633791503555	-23	0.12632847149809662
394	0	0	1	0.0	0	False	NA	NA	NA	70	NA	NA	NA	failed	early_stop_failed	4700	>46	46.51644849260569	-22	0.12931472381974543
395	0	0	1	0.0	0	False	NA	NA	NA	70	NA	NA	NA	failed	early_stop_failed	4150	>46	46.80006208827729	-21	0.11056041664787579
396	0	0	1	0.0	0	False	NA	NA	NA	70	NA	NA	NA	failed	early_stop_failed	4300	>46	46.71363038381911	-22	0.12629459231398965
397	0	0	1	0.0	0	False	NA	NA	NA	70	NA	NA	NA	failed	early_stop_failed	4600	>46	46.88611815004867	-23	0.13321528627338194
398	0	0	1	0.0	0	False	NA	NA	NA	70	NA	NA	NA	failed	early_stop_failed	4350	>46	46.82540629265795	-23	0.11212219398531703
399	0	0	1	0.0	0	False	NA	NA	NA	70	NA	NA	NA	failed	early_stop_failed	4400	>46	46.603848266281	-24	0.12077050824535591
400	0	0	1	0.0	0	False	NA	NA	NA	70	NA	NA	NA	failed	early_stop_failed	4750	>46	46.5893017316938	-23	0.12403749153939474
401	0	0	1	0.0	0	False	NA	NA	NA	70	NA	NA	NA	failed	early_stop_failed	4300	>46	46.700664768327364	-21	0.09793648379297645
402	0	0	1	0.0	0	False	NA	NA	NA	70	NA	NA	NA	failed	early_stop_failed	4300	>46	46.801196343657445	-22	0.12663893653411282
403	0	0	1	0.0	0	False	NA	NA	NA	70	NA	NA	NA	failed	early_stop_failed	4750	>46	46.55924704259346	-24	0.15331154227815286
404	0	0	1	0.0	0	False	NA	NA	NA	70	NA	NA	NA	failed	early_stop_failed	4200	>46	46.6586999204545	-22	0.1295920259226112
405	0	0	1	0.0	0	False	NA	NA	NA	70	NA	NA	NA	failed	early_stop_failed	4300	>46	46.667833439270225	-24	0.11227331096868833
406	0	0	1	0.0	0	False	NA	NA	NA	70	NA	NA	NA	failed	early_stop_failed	4100	>46	46.678516268987806	-25	0.10886252526088447
407	0	0	1	0.0	0	False	NA	NA	NA	70	NA	NA	NA	failed	early_stop_failed	4350	>46	46.5499771219492	-23	0.12977292197803048
408	0	0	1	0.0	0	False	NA	NA	NA	70	NA	NA	NA	failed	early_stop_failed	4250	>46	46.72290391992273	-21	0.12891625771337392
409	0	0	1	0.0	0	False	NA	NA	NA	70	NA	NA	NA	failed	early_stop_failed	4050	>46	46.84983664835314	-22	0.1372587540202264
410	0	0	1	0.0	0	False	NA	NA	NA	70	NA	NA	NA	failed	early_stop_failed	4900	>46	46.74971225622673	-23	0.11327267874575066
411	0	0	1	0.0	0	False	NA	NA	NA	70	NA	NA	NA	failed	early_stop_failed	5100	>46	46.815732607310984	-23	0.1112744671865445
412	0	0	1	0.0	0	False	NA	NA	NA	70	NA	NA	NA	failed	early_stop_failed	5300	>46	46.61785069068032	-23	0.13441639919066975
413	0	0	1	0.0	0	False	NA	NA	NA	70	NA	NA	NA	failed	early_stop_failed	4050	>46	46.88135440795404	-21	0.09372977502622076
414	0	0	1	0.0	0	False	NA	NA	NA	70	NA	NA	NA	failed	early_stop_failed	4800	>46	46.550869877581654	-22	0.13978550988458235
415	0	0	1	0.0	0	False	NA	NA	NA	70	NA	NA	NA	failed	early_stop_failed	4500	>46	46.7553788646841	-21	0.1300733651794603
416	0	0	1	0.0	0	False	NA	NA	NA	70	NA	NA	NA	failed	early_stop_failed	4650	>46	46.53753294780023	-24	0.12246212277068874
417	0	0	1	0.0	0	False	NA	NA	NA	70	NA	NA	NA	failed	early_stop_failed	4150	>46	46.83272837546469	-21	0.10996829107591885
418	0	0	1	0.0	0	False	NA	NA	NA	70	NA	NA	NA	failed	early_stop_failed	4350	>46	46.6452608697943	-22	0.14897051142554746
419	0	0	1	0.0	0	False	NA	NA	NA	70	NA	NA	NA	failed	early_stop_failed	4450	>46	46.720430336972406	-24	0.1355669439538971
420	0	0	1	0.0	0	False	NA	NA	NA	70	NA	NA	NA	failed	early_stop_failed	4550	>46	46.42923235219879	-23	0.13614874993026724
421	0	0	1	0.0	0	False	NA	NA	NA	70	NA	NA	NA	failed	early_stop_failed	4550	>46	46.532788794124464	-23	0.1348801580275927
422	0	0	1	0.0	0	False	NA	NA	NA	70	NA	NA	NA	failed	early_stop_failed	4350	>46	46.71528105429826	-22	0.11951665142325578
423	0	0	1	0.0	0	False	NA	NA	NA	70	NA	NA	NA	failed	early_stop_failed	4850	>46	46.68716390945669	-25	0.13479718844731542
424	0	0	1	0.0	0	False	NA	NA	NA	70	NA	NA	NA	failed	early_stop_failed	4600	>46	46.60463672256575	-25	0.1285567521010001
425	0	0	1	0.0	0	False	NA	NA	NA	70	NA	NA	NA	failed	early_stop_failed	4600	>46	46.66701086330771	-22	0.1433343400764151
426	0	0	1	0.0	0	False	NA	NA	NA	70	NA	NA	NA	failed	early_stop_failed	4600	>46	46.70485339700122	-24	0.11046214749255076
427	0	0	1	0.0	0	False	NA	NA	NA	70	NA	NA	NA	failed	early_stop_failed	4900	>46	46.51570092900797	-23	0.1348725243228539
428	0	0	1	0.0	0	False	NA	NA	NA	70	NA	NA	NA	failed	early_stop_failed	4500	>46	46.62353006696212	-23	0.115672585199813
429	0	0	1	0.0	0	False	NA	NA	NA	70	NA	NA	NA	failed	early_stop_failed	5400	>46	46.597792227009165	-23	0.1675937255008606
430	0	0	1	0.0	0	False	NA	NA	NA	70	NA	NA	NA	failed	early_stop_failed	4300	>46	46.70595722919654	-25	0.10680323302435536
431	0	0	1	0.0	0	False	NA	NA	NA	70	NA	NA	NA	failed	early_stop_failed	4600	>46	46.57715917828068	-22	0.11612160225597214
432	0	0	1	0.0	0	False	NA	NA	NA	70	NA	NA	NA	failed	early_stop_failed	4700	>46	46.79912045597733	-22	0.11915078125229427
433	0	0	1	0.0	0	False	NA	NA	NA	70	NA	NA	NA	failed	early_stop_failed	4600	>46	46.74044721938218	-22	0.14656599594857211
434	0	0	1	0.0	0	False	NA	NA	NA	70	NA	NA	NA	failed	early_stop_failed	4600	>46	46.70785247236869	-22	0.12727695915340173
435	0	0	1	0.0	0	False	NA	NA	NA	70	NA	NA	NA	failed	early_stop_failed	4000	>46	46.814580626584764	-22	0.12701791171348176
436	0	0	1	0.0	0	False	NA	NA	NA	70	NA	NA	NA	failed	early_stop_failed	4350	>46	47.0429469073001	-23	0.10063205532194676
437	0	0	1	0.0	0	False	NA	NA	NA	70	NA	NA	NA	failed	early_stop_failed	4450	>46	46.712327911582776	-23	0.1167865713408216
438	0	0	1	0.0	0	False	NA	NA	NA	70	NA	NA	NA	failed	early_stop_failed	4550	>46	46.63988582946481	-21	0.12856720088056645
439	0	0	1	0.0	0	False	NA	NA	NA	70	NA	NA	NA	failed	early_stop_failed	4250	>46	46.65353198915627	-23	0.11511508243392016
440	0	0	1	0.0	0	False	NA	NA	NA	70	NA	NA	NA	failed	early_stop_failed	4400	>46	46.49355208736517	-22	0.11753250237258765
441	0	0	1	0.0	0	False	NA	NA	NA	70	NA	NA	NA	failed	early_stop_failed	5250	>46	46.704482552994016	-21	0.1165283299950185
442	0	0	1	0.0	0	False	NA	NA	NA	70	NA	NA	NA	failed	early_stop_failed	4850	>46	46.58729724475452	-22	0.13094393630636808
443	0	0	1	0.0	0	False	NA	NA	NA	70	NA	NA	NA	failed	early_stop_failed	4400	>46	46.3274504413075	-22	0.11903684606017396
444	0	0	1	0.0	0	False	NA	NA	NA	70	NA	NA	NA	failed	early_stop_failed	4000	>46	46.96487363597397	-22	0.11316411672636927
445	0	0	1	0.0	0	False	NA	NA	NA	70	NA	NA	NA	failed	early_stop_failed	4750	>46	46.58772771571797	-23	0.12411542052722227
446	0	0	1	0.0	0	False	NA	NA	NA	70	NA	NA	NA	failed	early_stop_failed	4550	>46	46.710148093112814	-22	0.11990629869194411
447	0	0	1	0.0	0	False	NA	NA	NA	70	NA	NA	NA	failed	early_stop_failed	4550	>46	46.570209873084096	-23	0.12382353295439519
448	0	0	1	0.0	0	False	NA	NA	NA	70	NA	NA	NA	failed	early_stop_failed	4300	>46	46.69126191855749	-23	0.10397910172453523
449	0	0	1	0.0	0	False	NA	NA	NA	70	NA	NA	NA	failed	early_stop_failed	3950	>46	46.81870501695911	-22	0.09327168628104193
450	0	0	1	0.0	0	False	NA	NA	NA	70	NA	NA	NA	failed	early_stop_failed	4600	>46	46.28253483445622	-23	0.12863144663241566
451	0	0	1	0.0	0	False	NA	NA	NA	70	NA	NA	NA	failed	early_stop_failed	4600	>46	46.75120428651661	-24	0.10203255867263172
452	0	0	1	0.0	0	False	NA	NA	NA	70	NA	NA	NA	failed	early_stop_failed	4750	>46	46.81431233289572	-24	0.11500287944088232
453	0	0	1	0.0	0	False	NA	NA	NA	70	NA	NA	NA	failed	early_stop_failed	4550	>46	46.50450912937699	-21	0.1263580242717953
454	0	0	1	0.0	0	False	NA	NA	NA	70	NA	NA	NA	failed	early_stop_failed	4050	>46	46.6143361051005	-22	0.09848275553250935
455	0	0	1	0.0	0	False	NA	NA	NA	70	NA	NA	NA	failed	early_stop_failed	4750	>46	46.45920116899877	-22	0.1342995257844526
456	0	0	1	0.0	0	False	NA	NA	NA	70	NA	NA	NA	failed	early_stop_failed	5100	>46	46.57008867935345	-23	0.13591060930516533
457	0	0	1	0.0	0	False	NA	NA	NA	70	NA	NA	NA	failed	early_stop_failed	4200	>46	46.829353940695896	-24	0.12077573179243627
458	0	0	1	0.0	0	False	NA	NA	NA	70	NA	NA	NA	failed	early_stop_failed	5050	>46	46.73853429592273	-23	0.12222768279481493
459	0	0	1	0.0	0	False	NA	NA	NA	70	NA	NA	NA	failed	early_stop_failed	3850	>46	47.297177942285444	-24	0.08451320047438379
460	0	0	1	0.0	0	False	NA	NA	NA	70	NA	NA	NA	failed	early_stop_failed	4700	>46	46.4903819832392	-22	0.13748809136927395
461	0	0	1	0.0	0	False	NA	NA	NA	70	NA	NA	NA	failed	early_stop_failed	4550	>46	46.562002803154215	-23	0.1410129757433028
462	0	0	1	0.0	0	False	NA	NA	NA	70	NA	NA	NA	failed	early_stop_failed	4850	>46	46.472586170986276	-22	0.12346589235964095
463	0	0	1	0.0	0	False	NA	NA	NA	70	NA	NA	NA	failed	early_stop_failed	4700	>46	46.862796456039945	-22	0.11716004160202254
464	0	0	1	0.0	0	False	NA	NA	NA	70	NA	NA	NA	failed	early_stop_failed	4400	>46	46.555009533428525	-21	0.1292154057775667
465	0	0	1	0.0	0	False	NA	NA	NA	70	NA	NA	NA	failed	early_stop_failed	4350	>46	46.82961356492574	-24	0.12014848199886936
466	0	0	1	0.0	0	False	NA	NA	NA	70	NA	NA	NA	failed	early_stop_failed	4550	>46	46.78992997171143	-24	0.11582915715265261
467	0	0	1	0.0	0	False	NA	NA	NA	70	NA	NA	NA	failed	early_stop_failed	4200	>46	46.56812529839585	-23	0.12731406090068945
468	0	0	1	0.0	0	False	NA	NA	NA	70	NA	NA	NA	failed	early_stop_failed	4100	>46	46.67555484284474	-25	0.10914616705713615
469	0	0	1	0.0	0	False	NA	NA	NA	70	NA	NA	NA	failed	early_stop_failed	4100	>46	47.08356365995716	-21	0.08084342865618752
470	0	0	1	0.0	0	False	NA	NA	NA	70	NA	NA	NA	failed	early_stop_failed	4650	>46	46.638906327141214	-21	0.12759379231953502
471	0	0	1	0.0	0	False	NA	NA	NA	70	NA	NA	NA	failed	early_stop_failed	4500	>46	46.655288981164844	-22	0.11222326394262953
472	0	0	1	0.0	0	False	NA	NA	NA	70	NA	NA	NA	failed	early_stop_failed	4950	>46	46.60606072297879	-24	0.13634093017888888
473	0	0	1	0.0	0	False	NA	NA	NA	70	NA	NA	NA	failed	early_stop_failed	3950	>46	46.86276057862048	-23	0.10774467188728652
474	0	0	1	0.0	0	False	NA	NA	NA	70	NA	NA	NA	failed	early_stop_failed	4850	>46	46.6207025386679	-23	0.11235449456051778
475	0	0	1	0.0	0	False	NA	NA	NA	70	NA	NA	NA	failed	early_stop_failed	4300	>46	46.72899495111614	-21	0.1093426125716637
476	0	0	1	0.0	0	False	NA	NA	NA	70	NA	NA	NA	failed	early_stop_failed	4750	>46	46.503703970922636	-24	0.13862489237828568
477	0	0	1	0.0	0	False	NA	NA	NA	70	NA	NA	NA	failed	early_stop_failed	4300	>46	46.678498153982915	-23	0.1326951907630974
478	0	0	1	0.0	0	False	NA	NA	NA	70	NA	NA	NA	failed	early_stop_failed	4550	>46	46.77713668036606	-22	0.1630541149030955
479	0	0	1	0.0	0	False	NA	NA	NA	70	NA	NA	NA	failed	early_stop_failed	4900	>46	46.533925548356166	-24	0.12821822513480352
480	0	0	1	0.0	0	False	NA	NA	NA	70	NA	NA	NA	failed	early_stop_failed	4300	>46	46.65324506801244	-22	0.11596334188065452
481	0	0	1	0.0	0	False	NA	NA	NA	70	NA	NA	NA	failed	early_stop_failed	4200	>46	46.8639782106192	-23	0.09915278416038642
482	0	0	1	0.0	0	False	NA	NA	NA	70	NA	NA	NA	failed	early_stop_failed	4750	>46	46.57223629682422	-22	0.14194455762798597
483	0	0	1	0.0	0	False	NA	NA	NA	70	NA	NA	NA	failed	early_stop_failed	4650	>46	46.413468484085094	-23	0.15406108639831614
484	0	0	1	0.0	0	False	NA	NA	NA	70	NA	NA	NA	failed	early_stop_failed	4850	>46	46.948733883584445	-23	0.0987251225464157
485	0	0	1	0.0	0	False	NA	NA	NA	70	NA	NA	NA	failed	early_stop_failed	4450	>46	46.84913750635809	-21	0.12131243051644783
486	0	0	1	0.0	0	False	NA	NA	NA	70	NA	NA	NA	failed	early_stop_failed	3950	>46	47.171527431916694	-17	0.0885036095079032
487	0	0	1	0.0	0	False	NA	NA	NA	70	NA	NA	NA	failed	early_stop_failed	4500	>46	46.572096626544564	-25	0.12375808076912188
488	0	0	1	0.0	0	False	NA	NA	NA	70	NA	NA	NA	failed	early_stop_failed	4300	>46	46.53321187133319	-24	0.1352235875002445
489	0	0	1	0.0	0	False	NA	NA	NA	70	NA	NA	NA	failed	early_stop_failed	4450	>46	46.805789000673194	-23	0.10389484894850963
490	0	0	1	0.0	0	False	NA	NA	NA	70	NA	NA	NA	failed	early_stop_failed	4700	>46	46.818422731054845	-23	0.13508012010476292
491	0	0	1	0.0	0	False	NA	NA	NA	70	NA	NA	NA	failed	early_stop_failed	4650	>46	46.60044415051004	-22	0.15210864970906204
492	0	0	1	0.0	0	False	NA	NA	NA	70	NA	NA	NA	failed	early_stop_failed	4200	>46	46.91773734208467	-23	0.10928699823742201
493	0	0	1	0.0	0	False	NA	NA	NA	70	NA	NA	NA	failed	early_stop_failed	4400	>46	46.71276043093292	-23	0.11121234391317764
494	0	0	1	0.0	0	False	NA	NA	NA	70	NA	NA	NA	failed	early_stop_failed	4100	>46	46.84721489489359	-24	0.09713285045195348
495	0	0	1	0.0	0	False	NA	NA	NA	70	NA	NA	NA	failed	early_stop_failed	4900	>46	46.57161079565954	-23	0.12621500350920448
496	0	0	1	0.0	0	False	NA	NA	NA	70	NA	NA	NA	failed	early_stop_failed	4300	>46	46.910724962580375	-20	0.12311553763052537
497	0	0	1	0.0	0	False	NA	NA	NA	70	NA	NA	NA	failed	early_stop_failed	4500	>46	46.57066698639392	-23	0.1495084002121799
498	0	0	1	0.0	0	False	NA	NA	NA	70	NA	NA	NA	failed	early_stop_failed	4300	>46	46.68961741499242	-24	0.0883357760560092
499	0	0	1	0.0	0	False	NA	NA	NA	70	NA	NA	NA	failed	early_stop_failed	4800	>46	46.607390511656384	-24	0.12601757770750122
500	1	1	0	0.0	0	False	0.15	3.0	1.1	70	0.008	25.0	NA	extinct	population_extinct	100000	NA	NA	NA	NA
501	1	1	0	0.0	0	False	0.15	3.0	1.5	70	0.008	25.0	NA	succeed	early_stop_succeed	2750	39.81214175650063	39.80577356323629	-30	0.19870461310718215
502	1	1	0	0.0	0	False	0.15	3.0	2.0	70	0.008	25.0	NA	succeed	early_stop_succeed	2000	39.92758498970528	39.92372460641764	-30	0.2817006660371198
503	1	1	0	0.0	0	False	0.15	3.0	3.0	70	0.008	25.0	NA	succeed	early_stop_succeed	2000	39.95107890617682	39.931876579774595	-30	0.24143760222396934
504	1	1	0	0.0	0	False	0.15	3.0	5.0	70	0.008	25.0	NA	succeed	early_stop_succeed	2450	39.71759728128258	39.72832261955133	-30	0.21949322924818127
505	1	1	0	0.0	0	False	0.15	3.5	1.1	70	0.008	25.0	NA	succeed	early_stop_succeed	2250	39.86345075881705	39.837338323353656	-30	0.20410692089741234
506	1	1	0	0.0	0	False	0.15	3.5	1.5	70	0.008	25.0	NA	succeed	early_stop_succeed	2000	39.85180040353108	39.80701402465883	-30	0.2379151304503672
507	1	1	0	0.0	0	False	0.15	3.5	2.0	70	0.008	25.0	NA	succeed	early_stop_succeed	2000	39.85215032673539	39.86288342250124	-30	0.2518459511284682
508	1	1	0	0.0	0	False	0.15	3.5	3.0	70	0.008	25.0	NA	succeed	early_stop_succeed	2000	40.134785259824184	40.139614720746614	-30	0.23324943693262423
509	1	1	0	0.0	0	False	0.15	3.5	5.0	70	0.008	25.0	NA	succeed	early_stop_succeed	2450	39.96324365755867	39.93872137315398	-30	0.2364691319147358
510	1	1	0	0.0	0	False	0.15	4.0	1.1	70	0.008	25.0	NA	succeed	early_stop_succeed	2150	39.92508037871522	39.93108097860461	-30	0.24027344847125506
511	1	1	0	0.0	0	False	0.15	4.0	1.5	70	0.008	25.0	NA	succeed	early_stop_succeed	2700	39.899554686557515	39.88184466925918	-30	0.2021273608975951
512	1	1	0	0.0	0	False	0.15	4.0	2.0	70	0.008	25.0	NA	succeed	early_stop_succeed	2100	40.13448517196517	40.14851778739504	-30	0.2480829981879611
513	1	1	0	0.0	0	False	0.15	4.0	3.0	70	0.008	25.0	NA	succeed	early_stop_succeed	2000	40.093059537166624	40.09323247947112	-30	0.25870040702577507
514	1	1	0	0.0	0	False	0.15	4.0	5.0	70	0.008	25.0	NA	succeed	early_stop_succeed	2000	40.14027974157505	40.116375123267815	-30	0.24664682347866923
515	1	1	0	0.0	0	False	0.15	4.5	1.1	70	0.008	25.0	NA	succeed	early_stop_succeed	2100	39.88778946484487	39.880248339509706	-30	0.23808265471192866
516	1	1	0	0.0	0	False	0.15	4.5	1.5	70	0.008	25.0	NA	succeed	early_stop_succeed	2400	40.22539496866923	40.204716643072004	-30	0.2193581493843627
517	1	1	0	0.0	0	False	0.15	4.5	2.0	70	0.008	25.0	NA	succeed	early_stop_succeed	2700	40.35864346225632	40.372517201621164	-30	0.18623513779181278
518	1	1	0	0.0	0	False	0.15	4.5	3.0	70	0.008	25.0	NA	succeed	early_stop_succeed	2250	40.35224087016414	40.33345807183711	-30	0.2091889554281692
519	1	1	0	0.0	0	False	0.15	4.5	5.0	70	0.008	25.0	NA	succeed	early_stop_succeed	2000	40.183377177133565	40.186190856391	-30	0.2600540231715426
520	1	1	0	0.0	0	False	0.15	5.0	1.1	70	0.008	25.0	NA	succeed	early_stop_succeed	2250	40.059755365013146	40.031874663379654	-30	0.2040060884230561
521	1	1	0	0.0	0	False	0.15	5.0	1.5	70	0.008	25.0	NA	succeed	early_stop_succeed	2100	40.047999928808906	40.02332717193846	-30	0.22434492972330078
522	1	1	0	0.0	0	False	0.15	5.0	2.0	70	0.008	25.0	NA	succeed	early_stop_succeed	2200	40.15642910938812	40.181308014672844	-30	0.25694844778264886
523	1	1	0	0.0	0	False	0.15	5.0	3.0	70	0.008	25.0	NA	succeed	early_stop_succeed	2750	40.56350259710936	40.60215445995682	-30	0.21069424626917022
524	1	1	0	0.0	0	False	0.15	5.0	5.0	70	0.008	25.0	NA	succeed	early_stop_succeed	2000	40.13798367739706	40.1303801834952	-30	0.2650270795192497
525	1	1	0	0.0	0	False	0.2	3.0	1.1	70	0.008	25.0	NA	extinct	population_extinct	100000	NA	NA	NA	NA
526	1	1	0	0.0	0	False	0.2	3.0	1.5	70	0.008	25.0	NA	extinct	population_extinct	100000	NA	39.153344779875454	NA	NA
527	1	1	0	0.0	0	False	0.2	3.0	2.0	70	0.008	25.0	NA	succeed	early_stop_succeed	2300	39.94565638168579	39.939595497593075	-30	0.18336094288255356
528	1	1	0	0.0	0	False	0.2	3.0	3.0	70	0.008	25.0	NA	succeed	early_stop_succeed	2000	39.906003346285885	39.940346719965554	-30	0.2348867746872319
529	1	1	0	0.0	0	False	0.2	3.0	5.0	70	0.008	25.0	NA	succeed	early_stop_succeed	2000	40.1081100480467	40.08456930890375	-30	0.2768674368664225
530	1	1	0	0.0	0	False	0.2	3.5	1.1	70	0.008	25.0	NA	extinct	population_extinct	100000	NA	39.31887819122136	NA	NA
531	1	1	0	0.0	0	False	0.2	3.5	1.5	70	0.008	25.0	NA	succeed	early_stop_succeed	2000	40.06697211263956	40.07980984874854	-30	0.24806626653525343
532	1	1	0	0.0	0	False	0.2	3.5	2.0	70	0.008	25.0	NA	succeed	early_stop_succeed	2000	39.868811481946516	39.85813149690756	-30	0.2605326042916742
533	1	1	0	0.0	0	False	0.2	3.5	3.0	70	0.008	25.0	NA	succeed	early_stop_succeed	2050	39.91302324391127	39.92001087198946	-30	0.23260338757638518
534	1	1	0	0.0	0	False	0.2	3.5	5.0	70	0.008	25.0	NA	succeed	early_stop_succeed	2100	40.0342362269583	40.07709655313707	-30	0.2565751626821981
535	1	1	0	0.0	0	False	0.2	4.0	1.1	70	0.008	25.0	NA	succeed	early_stop_succeed	2150	39.736851209079845	39.760040840613826	-30	0.24948086397248118
536	1	1	0	0.0	0	False	0.2	4.0	1.5	70	0.008	25.0	NA	succeed	early_stop_succeed	2250	39.78471367354935	39.79631433138276	-30	0.20142855415365926
537	1	1	0	0.0	0	False	0.2	4.0	2.0	70	0.008	25.0	NA	succeed	early_stop_succeed	2000	39.760168428713435	39.72832610923853	-30	0.2368292702129221
538	1	1	0	0.0	0	False	0.2	4.0	3.0	70	0.008	25.0	NA	succeed	early_stop_succeed	2000	39.98561567520496	39.94322176993211	-30	0.253885714238804
539	1	1	0	0.0	0	False	0.2	4.0	5.0	70	0.008	25.0	NA	succeed	early_stop_succeed	2000	40.120329941700646	40.13540665122193	-30	0.2715189226762728
540	1	1	0	0.0	0	False	0.2	4.5	1.1	70	0.008	25.0	NA	succeed	early_stop_succeed	2000	39.704320771302065	39.716695750630635	-30	0.2511226776633473
541	1	1	0	0.0	0	False	0.2	4.5	1.5	70	0.008	25.0	NA	succeed	early_stop_succeed	2350	39.966120477452996	39.97634231499657	-30	0.2387809311130478
542	1	1	0	0.0	0	False	0.2	4.5	2.0	70	0.008	25.0	NA	succeed	early_stop_succeed	2200	40.1860484546844	40.18540335340585	-30	0.22816740600246616
543	1	1	0	0.0	0	False	0.2	4.5	3.0	70	0.008	25.0	NA	succeed	early_stop_succeed	2000	40.265938607626076	40.22427558186209	-30	0.24110710687043857
544	1	1	0	0.0	0	False	0.2	4.5	5.0	70	0.008	25.0	NA	succeed	early_stop_succeed	2000	40.15718794335114	40.14835905158714	-30	0.24485652864733318
545	1	1	0	0.0	0	False	0.2	5.0	1.1	70	0.008	25.0	NA	succeed	early_stop_succeed	2300	40.105202739934356	40.062408347890496	-30	0.22483563379413873
546	1	1	0	0.0	0	False	0.2	5.0	1.5	70	0.008	25.0	NA	succeed	early_stop_succeed	2000	40.12880335326172	40.10485719066179	-30	0.22525495158409484
547	1	1	0	0.0	0	False	0.2	5.0	2.0	70	0.008	25.0	NA	succeed	early_stop_succeed	2650	40.19870326082854	40.202576797384694	-30	0.21199860837905646
548	1	1	0	0.0	0	False	0.2	5.0	3.0	70	0.008	25.0	NA	succeed	early_stop_succeed	2000	40.155832621172145	40.10773452362278	-30	0.2985912290920817
549	1	1	0	0.0	0	False	0.2	5.0	5.0	70	0.008	25.0	NA	succeed	early_stop_succeed	2300	40.27217271115758	40.25829605303719	-30	0.212542278669632
550	1	1	0	0.0	0	False	0.25	3.0	1.1	70	0.008	25.0	NA	extinct	population_extinct	100000	NA	NA	NA	NA
551	1	1	0	0.0	0	False	0.25	3.0	1.5	70	0.008	25.0	NA	extinct	population_extinct	100000	NA	NA	NA	NA
552	1	1	0	0.0	0	False	0.25	3.0	2.0	70	0.008	25.0	NA	succeed	early_stop_succeed	2800	39.53576703277754	39.52539986747177	-30	0.20295212843083696
553	1	1	0	0.0	0	False	0.25	3.0	3.0	70	0.008	25.0	NA	succeed	early_stop_succeed	2000	39.90084756435337	39.88674077026424	-30	0.2508889569514844
554	1	1	0	0.0	0	False	0.25	3.0	5.0	70	0.008	25.0	NA	succeed	early_stop_succeed	2400	39.934338111859034	39.89220116506605	-30	0.19393883156850095
555	1	1	0	0.0	0	False	0.25	3.5	1.1	70	0.008	25.0	NA	extinct	population_extinct	100000	NA	NA	NA	NA
556	1	1	0	0.0	0	False	0.25	3.5	1.5	70	0.008	25.0	NA	succeed	early_stop_succeed	2350	39.76872289131848	39.731132330952875	-30	0.20807727377046922
557	1	1	0	0.0	0	False	0.25	3.5	2.0	70	0.008	25.0	NA	succeed	early_stop_succeed	2300	39.68204858642258	39.69590670351746	-30	0.21897422258560706
558	1	1	0	0.0	0	False	0.25	3.5	3.0	70	0.008	25.0	NA	succeed	early_stop_succeed	2200	40.127494783745824	40.12870790955596	-30	0.21390753733147336
559	1	1	0	0.0	0	False	0.25	3.5	5.0	70	0.008	25.0	NA	succeed	early_stop_succeed	2000	40.02598727594241	40.025479398503215	-30	0.22720697421170996
560	1	1	0	0.0	0	False	0.25	4.0	1.1	70	0.008	25.0	NA	extinct	population_extinct	100000	NA	40.14174968865947	NA	NA
561	1	1	0	0.0	0	False	0.25	4.0	1.5	70	0.008	25.0	NA	succeed	early_stop_succeed	2000	40.12888555193145	40.1435061701041	-30	0.24961967783070538
562	1	1	0	0.0	0	False	0.25	4.0	2.0	70	0.008	25.0	NA	succeed	early_stop_succeed	2000	40.139226442782906	40.12271116053099	-30	0.23261106522729727
563	1	1	0	0.0	0	False	0.25	4.0	3.0	70	0.008	25.0	NA	succeed	early_stop_succeed	2100	40.1333463845366	40.12307901518141	-30	0.26076434599274095
564	1	1	0	0.0	0	False	0.25	4.0	5.0	70	0.008	25.0	NA	succeed	early_stop_succeed	2250	40.32323805954232	40.327035187947246	-30	0.21586959217643437
565	1	1	0	0.0	0	False	0.25	4.5	1.1	70	0.008	25.0	NA	succeed	early_stop_succeed	2100	39.775366650317785	39.76786187933779	-30	0.2403257413798636
566	1	1	0	0.0	0	False	0.25	4.5	1.5	70	0.008	25.0	NA	succeed	early_stop_succeed	2000	39.97962647601432	39.996098484673055	-30	0.2523044619951551
567	1	1	0	0.0	0	False	0.25	4.5	2.0	70	0.008	25.0	NA	succeed	early_stop_succeed	2550	39.89301386419786	39.85095366644184	-30	0.1893426710673758
568	1	1	0	0.0	0	False	0.25	4.5	3.0	70	0.008	25.0	NA	succeed	early_stop_succeed	2000	40.16011664028682	40.151355321718874	-30	0.23169002718622764
569	1	1	0	0.0	0	False	0.25	4.5	5.0	70	0.008	25.0	NA	succeed	early_stop_succeed	5150	41.51261717855163	41.526007255093134	-28	0.138471114913562
570	1	1	0	0.0	0	False	0.25	5.0	1.1	70	0.008	25.0	NA	succeed	early_stop_succeed	2000	40.11579891771111	40.105732735921876	-30	0.2523203021838482
571	1	1	0	0.0	0	False	0.25	5.0	1.5	70	0.008	25.0	NA	succeed	early_stop_succeed	2050	40.121370743942386	40.11697371284841	-30	0.24101247750736315
572	1	1	0	0.0	0	False	0.25	5.0	2.0	70	0.008	25.0	NA	succeed	early_stop_succeed	2650	40.51197764715493	40.525481642580985	-30	0.18580293851306023
573	1	1	0	0.0	0	False	0.25	5.0	3.0	70	0.008	25.0	NA	succeed	early_stop_succeed	2000	40.09665750030038	40.08848208426123	-30	0.24328595088073116
574	1	1	0	0.0	0	False	0.25	5.0	5.0	70	0.008	25.0	NA	succeed	early_stop_succeed	2000	40.123388166986174	40.0884001299251	-30	0.26310877237616526
575	1	1	0	0.0	0	False	0.3	3.0	1.1	70	0.008	25.0	NA	extinct	population_extinct	100000	NA	NA	NA	NA
576	1	1	0	0.0	0	False	0.3	3.0	1.5	70	0.008	25.0	NA	extinct	population_extinct	100000	NA	NA	NA	NA
577	1	1	0	0.0	0	False	0.3	3.0	2.0	70	0.008	25.0	NA	succeed	early_stop_succeed	2100	39.96325168456749	39.93403298580985	-30	0.23128784215484305
578	1	1	0	0.0	0	False	0.3	3.0	3.0	70	0.008	25.0	NA	succeed	early_stop_succeed	3450	39.45225538778385	39.46393775274505	-31	0.1426333280135155
579	1	1	0	0.0	0	False	0.3	3.0	5.0	70	0.008	25.0	NA	succeed	early_stop_succeed	2850	39.57625909360524	39.58477642313152	-30	0.158077012669743
580	1	1	0	0.0	0	False	0.3	3.5	1.1	70	0.008	25.0	NA	extinct	population_extinct	100000	NA	NA	NA	NA
581	1	1	0	0.0	0	False	0.3	3.5	1.5	70	0.008	25.0	NA	extinct	population_extinct	100000	NA	41.46724371716957	NA	NA
582	1	1	0	0.0	0	False	0.3	3.5	2.0	70	0.008	25.0	NA	succeed	early_stop_succeed	2100	39.96989778346652	39.96141239820526	-30	0.22835252716870813
583	1	1	0	0.0	0	False	0.3	3.5	3.0	70	0.008	25.0	NA	succeed	early_stop_succeed	2200	39.89054538442903	39.893886683439035	-30	0.2338706148579866
584	1	1	0	0.0	0	False	0.3	3.5	5.0	70	0.008	25.0	NA	succeed	early_stop_succeed	2100	40.02931893455263	40.02590345259923	-30	0.24535246191869262
585	1	1	0	0.0	0	False	0.3	4.0	1.1	70	0.008	25.0	NA	extinct	population_extinct	100000	NA	NA	NA	NA
586	1	1	0	0.0	0	False	0.3	4.0	1.5	70	0.008	25.0	NA	succeed	early_stop_succeed	2000	40.00446368562872	39.99483541352529	-30	0.22657368059725955
587	1	1	0	0.0	0	False	0.3	4.0	2.0	70	0.008	25.0	NA	succeed	early_stop_succeed	2000	39.921947570693554	39.913137164585265	-30	0.2208012960974459
588	1	1	0	0.0	0	False	0.3	4.0	3.0	70	0.008	25.0	NA	succeed	early_stop_succeed	2050	40.037240595145505	40.02373528008628	-30	0.22481276989335758
589	1	1	0	0.0	0	False	0.3	4.0	5.0	70	0.008	25.0	NA	succeed	early_stop_succeed	3500	40.67213892670773	40.69613422753732	-30	0.16892522437336643
590	1	1	0	0.0	0	False	0.3	4.5	1.1	70	0.008	25.0	NA	succeed	early_stop_succeed	2250	39.95317652207405	39.9405728530792	-30	0.21806682885245343
591	1	1	0	0.0	0	False	0.3	4.5	1.5	70	0.008	25.0	NA	succeed	early_stop_succeed	2000	40.0384714674222	40.033270765255075	-30	0.23717361289086522
592	1	1	0	0.0	0	False	0.3	4.5	2.0	70	0.008	25.0	NA	succeed	early_stop_succeed	2000	40.07031975722578	40.064154605306946	-30	0.2241884810803794
593	1	1	0	0.0	0	False	0.3	4.5	3.0	70	0.008	25.0	NA	succeed	early_stop_succeed	2000	39.9693250871063	39.98728198352205	-30	0.23776431812226095
594	1	1	0	0.0	0	False	0.3	4.5	5.0	70	0.008	25.0	NA	succeed	early_stop_succeed	2100	40.22719541070956	40.19491598692236	-30	0.24350102610594834
595	1	1	0	0.0	0	False	0.3	5.0	1.1	70	0.008	25.0	NA	succeed	early_stop_succeed	2550	39.73215098424091	39.72003094175922	-30	0.198483535102104
596	1	1	0	0.0	0	False	0.3	5.0	1.5	70	0.008	25.0	NA	succeed	early_stop_succeed	2000	40.0711937046075	40.08149147231714	-30	0.23054810030263628
597	1	1	0	0.0	0	False	0.3	5.0	2.0	70	0.008	25.0	NA	succeed	early_stop_succeed	2150	39.96305453816568	39.95837650870511	-30	0.2524439139181575
598	1	1	0	0.0	0	False	0.3	5.0	3.0	70	0.008	25.0	NA	succeed	early_stop_succeed	2550	40.56099767989316	40.56642836843709	-30	0.19275881619361335
599	1	1	0	0.0	0	False	0.3	5.0	5.0	70	0.008	25.0	NA	succeed	early_stop_succeed	2200	40.464488051100176	40.46655117135183	-30	0.22904765540398325
600	1	1	0	0.0	0	False	0.35	3.0	1.1	70	0.008	25.0	NA	extinct	population_extinct	100000	NA	NA	NA	NA
601	1	1	0	0.0	0	False	0.35	3.0	1.5	70	0.008	25.0	NA	extinct	population_extinct	100000	NA	NA	NA	NA
602	1	1	0	0.0	0	False	0.35	3.0	2.0	70	0.008	25.0	NA	extinct	population_extinct	100000	NA	39.56737588652482	NA	NA
603	1	1	0	0.0	0	False	0.35	3.0	3.0	70	0.008	25.0	NA	succeed	early_stop_succeed	3150	39.426723268339835	39.40555263208285	-30	0.17168429358900802
604	1	1	0	0.0	0	False	0.35	3.0	5.0	70	0.008	25.0	NA	succeed	early_stop_succeed	2400	39.61047413683499	39.610598742641564	-30	0.2003051281172827
605	1	1	0	0.0	0	False	0.35	3.5	1.1	70	0.008	25.0	NA	extinct	population_extinct	100000	NA	NA	NA	NA
606	1	1	0	0.0	0	False	0.35	3.5	1.5	70	0.008	25.0	NA	extinct	population_extinct	100000	NA	41.411368180182926	NA	NA
607	1	1	0	0.0	0	False	0.35	3.5	2.0	70	0.008	25.0	NA	succeed	early_stop_succeed	2000	39.76362447160829	39.7357714978687	-30	0.23917493909095705
608	1	1	0	0.0	0	False	0.35	3.5	3.0	70	0.008	25.0	NA	succeed	early_stop_succeed	2250	40.146006101917145	40.11806413301724	-30	0.22709164827417827
609	1	1	0	0.0	0	False	0.35	3.5	5.0	70	0.008	25.0	NA	succeed	early_stop_succeed	2100	40.08611248636177	40.10866144365624	-30	0.26513588585110687
610	1	1	0	0.0	0	False	0.35	4.0	1.1	70	0.008	25.0	NA	extinct	population_extinct	100000	NA	NA	NA	NA
611	1	1	0	0.0	0	False	0.35	4.0	1.5	70	0.008	25.0	NA	succeed	early_stop_succeed	2000	40.00672764004107	40.02265381082888	-30	0.24821282252961063
612	1	1	0	0.0	0	False	0.35	4.0	2.0	70	0.008	25.0	NA	succeed	early_stop_succeed	2250	40.083675206800734	40.09865856770862	-30	0.20326386491031762
613	1	1	0	0.0	0	False	0.35	4.0	3.0	70	0.008	25.0	NA	succeed	early_stop_succeed	2000	40.01676992588396	39.982936671493185	-30	0.2758589688317559
614	1	1	0	0.0	0	False	0.35	4.0	5.0	70	0.008	25.0	NA	succeed	early_stop_succeed	2000	40.10185950215467	40.07283715529761	-30	0.27169329355684096
615	1	1	0	0.0	0	False	0.35	4.5	1.1	70	0.008	25.0	NA	succeed	early_stop_succeed	2400	40.05064860311161	40.07168571201278	-29	0.2650373718300317
616	1	1	0	0.0	0	False	0.35	4.5	1.5	70	0.008	25.0	NA	succeed	early_stop_succeed	2100	39.84006966308861	39.83110485665471	-30	0.2342802856152827
617	1	1	0	0.0	0	False	0.35	4.5	2.0	70	0.008	25.0	NA	succeed	early_stop_succeed	2250	39.991723039806715	40.00827178943026	-30	0.23969303326628846
618	1	1	0	0.0	0	False	0.35	4.5	3.0	70	0.008	25.0	NA	succeed	early_stop_succeed	2550	40.074378141704614	40.06601116429435	-30	0.24059445552777092
619	1	1	0	0.0	0	False	0.35	4.5	5.0	70	0.008	25.0	NA	succeed	early_stop_succeed	2200	40.30997029378797	40.321512592396736	-30	0.19859168946548938
620	1	1	0	0.0	0	False	0.35	5.0	1.1	70	0.008	25.0	NA	succeed	early_stop_succeed	2300	39.91878445872206	39.93189781920516	-30	0.21086312295618487
621	1	1	0	0.0	0	False	0.35	5.0	1.5	70	0.008	25.0	NA	succeed	early_stop_succeed	2650	40.232000515292974	40.24776009714615	-30	0.2065785195957943
622	1	1	0	0.0	0	False	0.35	5.0	2.0	70	0.008	25.0	NA	succeed	early_stop_succeed	2100	40.01198960862807	40.01721130466256	-30	0.27737934244185963
623	1	1	0	0.0	0	False	0.35	5.0	3.0	70	0.008	25.0	NA	succeed	early_stop_succeed	2250	40.44419773691385	40.42911211934667	-30	0.20513368424073608
624	1	1	0	0.0	0	False	0.35	5.0	5.0	70	0.008	25.0	NA	succeed	early_stop_succeed	2000	40.25735103470743	40.25325209927189	-30	0.23077072781336821
625	1	0	1	0.0	0	False	0.15	3.0	1.1	70	NA	NA	NA	failed	early_stop_failed	4700	>46	46.46814608873831	-21	0.11937712562967179
626	1	0	1	0.0	0	False	0.15	3.0	1.5	70	NA	NA	NA	failed	early_stop_failed	5000	>46	46.58356262822762	-22	0.12455718056480163
627	1	0	1	0.0	0	False	0.15	3.0	2.0	70	NA	NA	NA	failed	early_stop_failed	5300	>46	46.6723211966881	-22	0.1268532976556562
628	1	0	1	0.0	0	False	0.15	3.0	3.0	70	NA	NA	NA	failed	early_stop_failed	4300	>46	46.82122612003647	-19	0.11293899018006885
629	1	0	1	0.0	0	False	0.15	3.0	5.0	70	NA	NA	NA	failed	early_stop_failed	4900	>46	46.98690482050889	-23	0.11419533164265566
630	1	0	1	0.0	0	False	0.15	3.5	1.1	70	NA	NA	NA	failed	early_stop_failed	4750	>46	46.69583431485599	-24	0.12848278810752756
631	1	0	1	0.0	0	False	0.15	3.5	1.5	70	NA	NA	NA	failed	early_stop_failed	4700	>46	46.66847850160452	-21	0.13403035861529342
632	1	0	1	0.0	0	False	0.15	3.5	2.0	70	NA	NA	NA	failed	early_stop_failed	4650	>46	47.039231991567064	-18	0.08863109613634532
633	1	0	1	0.0	0	False	0.15	3.5	3.0	70	NA	NA	NA	failed	early_stop_failed	4950	>46	46.76670309792045	-22	0.1431917374642751
634	1	0	1	0.0	0	False	0.15	3.5	5.0	70	NA	NA	NA	failed	early_stop_failed	5000	>46	46.55120037952463	-25	0.11194594908635981
635	1	0	1	0.0	0	False	0.15	4.0	1.1	70	NA	NA	NA	failed	early_stop_failed	5200	>46	46.64364245232176	-21	0.11768756149176304
636	1	0	1	0.0	0	False	0.15	4.0	1.5	70	NA	NA	NA	failed	early_stop_failed	4850	>46	46.638012919722726	-21	0.11514753266573365
637	1	0	1	0.0	0	False	0.15	4.0	2.0	70	NA	NA	NA	failed	early_stop_failed	5250	>46	46.604514763220216	-22	0.125226960613927
638	1	0	1	0.0	0	False	0.15	4.0	3.0	70	NA	NA	NA	failed	early_stop_failed	4750	>46	46.52186907433438	-22	0.10735164306604944
639	1	0	1	0.0	0	False	0.15	4.0	5.0	70	NA	NA	NA	failed	early_stop_failed	4300	>46	46.68155486698654	-24	0.10685537741125664
640	1	0	1	0.0	0	False	0.15	4.5	1.1	70	NA	NA	NA	failed	early_stop_failed	3600	>46	47.30530381256675	-19	0.1051438538234504
641	1	0	1	0.0	0	False	0.15	4.5	1.5	70	NA	NA	NA	failed	early_stop_failed	5200	>46	46.84147809813511	-24	0.11455508453853466
642	1	0	1	0.0	0	False	0.15	4.5	2.0	70	NA	NA	NA	failed	early_stop_failed	4600	>46	46.66978839566125	-23	0.12866715760434413
643	1	0	1	0.0	0	False	0.15	4.5	3.0	70	NA	NA	NA	failed	early_stop_failed	4050	>46	46.88600965661382	-24	0.10549712731557603
644	1	0	1	0.0	0	False	0.15	4.5	5.0	70	NA	NA	NA	failed	early_stop_failed	5050	>46	46.49911458604014	-22	0.11783284783051705
645	1	0	1	0.0	0	False	0.15	5.0	1.1	70	NA	NA	NA	failed	early_stop_failed	5350	>46	46.53966920138804	-24	0.12083959735619411
646	1	0	1	0.0	0	False	0.15	5.0	1.5	70	NA	NA	NA	failed	early_stop_failed	4600	>46	46.983621987322834	-21	0.10600519043860361
647	1	0	1	0.0	0	False	0.15	5.0	2.0	70	NA	NA	NA	failed	early_stop_failed	4800	>46	46.4530338069793	-23	0.12227349647571986
648	1	0	1	0.0	0	False	0.15	5.0	3.0	70	NA	NA	NA	failed	early_stop_failed	5000	>46	46.55679813419948	-23	0.12530126961707153
649	1	0	1	0.0	0	False	0.15	5.0	5.0	70	NA	NA	NA	failed	early_stop_failed	4250	>46	46.58504816100266	-22	0.12298628750985266
650	1	0	1	0.0	0	False	0.2	3.0	1.1	70	NA	NA	NA	failed	early_stop_failed	4850	>46	46.70119404430906	-23	0.09639530381973073
651	1	0	1	0.0	0	False	0.2	3.0	1.5	70	NA	NA	NA	failed	early_stop_failed	4700	>46	46.692031948068916	-25	0.10293959406310202
652	1	0	1	0.0	0	False	0.2	3.0	2.0	70	NA	NA	NA	failed	early_stop_failed	5100	>46	46.625431398912305	-21	0.11683154813086237
653	1	0	1	0.0	0	False	0.2	3.0	3.0	70	NA	NA	NA	failed	early_stop_failed	5750	>46	46.54013249477737	-23	0.1143046704121847
654	1	0	1	0.0	0	False	0.2	3.0	5.0	70	NA	NA	NA	failed	early_stop_failed	4450	>46	46.898066461298164	-20	0.09376183733395729
655	1	0	1	0.0	0	False	0.2	3.5	1.1	70	NA	NA	NA	failed	early_stop_failed	4100	>46	46.977234382597516	-20	0.10706295478405953
656	1	0	1	0.0	0	False	0.2	3.5	1.5	70	NA	NA	NA	failed	early_stop_failed	4950	>46	46.739032374194664	-21	0.11949045205241933
657	1	0	1	0.0	0	False	0.2	3.5	2.0	70	NA	NA	NA	failed	early_stop_failed	5200	>46	46.833266911254384	-23	0.11623074281808346
658	1	0	1	0.0	0	False	0.2	3.5	3.0	70	NA	NA	NA	failed	early_stop_failed	4850	>46	46.8029818472684	-22	0.11344992916896723
659	1	0	1	0.0	0	False	0.2	3.5	5.0	70	NA	NA	NA	failed	early_stop_failed	4950	>46	46.539499152046524	-24	0.14537039841996294
660	1	0	1	0.0	0	False	0.2	4.0	1.1	70	NA	NA	NA	failed	early_stop_failed	4750	>46	46.71736806705143	-21	0.1287412249875748
661	1	0	1	0.0	0	False	0.2	4.0	1.5	70	NA	NA	NA	failed	early_stop_failed	4850	>46	46.85550534794839	-24	0.10012408171329622
662	1	0	1	0.0	0	False	0.2	4.0	2.0	70	NA	NA	NA	failed	early_stop_failed	5050	>46	46.796112018450415	-21	0.13787468702589498
663	1	0	1	0.0	0	False	0.2	4.0	3.0	70	NA	NA	NA	failed	early_stop_failed	5100	>46	46.6689945544578	-22	0.12950498017297757
664	1	0	1	0.0	0	False	0.2	4.0	5.0	70	NA	NA	NA	failed	early_stop_failed	4350	>46	46.884213684672346	-24	0.11780179122396367
665	1	0	1	0.0	0	False	0.2	4.5	1.1	70	NA	NA	NA	failed	early_stop_failed	4850	>46	46.665838485491754	-23	0.13858915206828806
666	1	0	1	0.0	0	False	0.2	4.5	1.5	70	NA	NA	NA	failed	early_stop_failed	4750	>46	46.583724027831444	-22	0.13755498300319519
667	1	0	1	0.0	0	False	0.2	4.5	2.0	70	NA	NA	NA	failed	early_stop_failed	4650	>46	46.65030838816458	-23	0.10614231545554835
668	1	0	1	0.0	0	False	0.2	4.5	3.0	70	NA	NA	NA	failed	early_stop_failed	4750	>46	46.59026442210169	-21	0.12669419844562155
669	1	0	1	0.0	0	False	0.2	4.5	5.0	70	NA	NA	NA	failed	early_stop_failed	5000	>46	46.67136476914167	-24	0.11953260397705616
670	1	0	1	0.0	0	False	0.2	5.0	1.1	70	NA	NA	NA	failed	early_stop_failed	4800	>46	46.55736142541877	-22	0.1369007792107782
671	1	0	1	0.0	0	False	0.2	5.0	1.5	70	NA	NA	NA	failed	early_stop_failed	4900	>46	46.69612304328595	-23	0.1038327734469942
672	1	0	1	0.0	0	False	0.2	5.0	2.0	70	NA	NA	NA	failed	early_stop_failed	5000	>46	46.758302750384146	-22	0.15489038907109967
673	1	0	1	0.0	0	False	0.2	5.0	3.0	70	NA	NA	NA	failed	early_stop_failed	4800	>46	46.55292645323325	-25	0.1294718005830374
674	1	0	1	0.0	0	False	0.2	5.0	5.0	70	NA	NA	NA	failed	early_stop_failed	4700	>46	46.800526183930764	-22	0.12765805504623284
675	1	0	1	0.0	0	False	0.25	3.0	1.1	70	NA	NA	NA	failed	early_stop_failed	4900	>46	46.56270360273935	-24	0.12315819922607157
676	1	0	1	0.0	0	False	0.25	3.0	1.5	70	NA	NA	NA	failed	early_stop_failed	4500	>46	46.710750304311176	-22	0.1114162027850602
677	1	0	1	0.0	0	False	0.25	3.0	2.0	70	NA	NA	NA	failed	early_stop_failed	4800	>46	46.666859980611335	-23	0.11478427086879643
678	1	0	1	0.0	0	False	0.25	3.0	3.0	70	NA	NA	NA	failed	early_stop_failed	5000	>46	46.74723758168391	-23	0.12364902984327009
679	1	0	1	0.0	0	False	0.25	3.0	5.0	70	NA	NA	NA	failed	early_stop_failed	4700	>46	46.71637461585975	-20	0.10358132787126959
680	1	0	1	0.0	0	False	0.25	3.5	1.1	70	NA	NA	NA	failed	early_stop_failed	4700	>46	46.444536684921495	-24	0.13465050758253463
681	1	0	1	0.0	0	False	0.25	3.5	1.5	70	NA	NA	NA	failed	early_stop_failed	5000	>46	46.56851223608773	-22	0.11556146055017454
682	1	0	1	0.0	0	False	0.25	3.5	2.0	70	NA	NA	NA	failed	early_stop_failed	4650	>46	46.59017810115107	-23	0.11536342772765411
683	1	0	1	0.0	0	False	0.25	3.5	3.0	70	NA	NA	NA	failed	early_stop_failed	4700	>46	46.81249657066047	-21	0.10721661590702347
684	1	0	1	0.0	0	False	0.25	3.5	5.0	70	NA	NA	NA	failed	early_stop_failed	4700	>46	46.43301708206522	-23	0.15002861783091376
685	1	0	1	0.0	0	False	0.25	4.0	1.1	70	NA	NA	NA	failed	early_stop_failed	5450	>46	46.572262921998934	-23	0.1288863434681648
686	1	0	1	0.0	0	False	0.25	4.0	1.5	70	NA	NA	NA	failed	early_stop_failed	5500	>46	46.53158995533413	-22	0.12825391545107231
687	1	0	1	0.0	0	False	0.25	4.0	2.0	70	NA	NA	NA	failed	early_stop_failed	5300	>46	46.474387420914134	-22	0.13176008609848794
688	1	0	1	0.0	0	False	0.25	4.0	3.0	70	NA	NA	NA	failed	early_stop_failed	5050	>46	46.59078414196662	-22	0.12068481398317767
689	1	0	1	0.0	0	False	0.25	4.0	5.0	70	NA	NA	NA	failed	early_stop_failed	4650	>46	46.734628684073705	-23	0.12173396871788983
690	1	0	1	0.0	0	False	0.25	4.5	1.1	70	NA	NA	NA	failed	early_stop_failed	5450	>46	46.54000566705439	-23	0.12447772110069537
691	1	0	1	0.0	0	False	0.25	4.5	1.5	70	NA	NA	NA	failed	early_stop_failed	4750	>46	46.71025452812816	-20	0.11672425605710815
692	1	0	1	0.0	0	False	0.25	4.5	2.0	70	NA	NA	NA	failed	early_stop_failed	5100	>46	46.34144527339608	-21	0.1223496587327618
693	1	0	1	0.0	0	False	0.25	4.5	3.0	70	NA	NA	NA	failed	early_stop_failed	4600	>46	46.44075753441773	-23	0.11671203510007407
694	1	0	1	0.0	0	False	0.25	4.5	5.0	70	NA	NA	NA	failed	early_stop_failed	5100	>46	46.44122302440906	-23	0.14315982340017036
695	1	0	1	0.0	0	False	0.25	5.0	1.1	70	NA	NA	NA	failed	early_stop_failed	4900	>46	46.45715549761767	-23	0.10852188298883211
696	1	0	1	0.0	0	False	0.25	5.0	1.5	70	NA	NA	NA	failed	early_stop_failed	4750	>46	46.74832049464632	-23	0.13098335740261574
697	1	0	1	0.0	0	False	0.25	5.0	2.0	70	NA	NA	NA	failed	early_stop_failed	4600	>46	46.68550179198846	-22	0.128616809674276
698	1	0	1	0.0	0	False	0.25	5.0	3.0	70	NA	NA	NA	failed	early_stop_failed	4450	>46	46.57256654577251	-23	0.10140502762574757
699	1	0	1	0.0	0	False	0.25	5.0	5.0	70	NA	NA	NA	failed	early_stop_failed	4550	>46	46.75110752062003	-23	0.13479634472673344
700	1	0	1	0.0	0	False	0.3	3.0	1.1	70	NA	NA	NA	failed	early_stop_failed	4800	>46	46.765339982738354	-23	0.12210018970599487
701	1	0	1	0.0	0	False	0.3	3.0	1.5	70	NA	NA	NA	failed	early_stop_failed	4800	>46	46.470963350612195	-22	0.13468440706858448
702	1	0	1	0.0	0	False	0.3	3.0	2.0	70	NA	NA	NA	failed	early_stop_failed	4450	>46	46.79535999072736	-22	0.1222606687346656
703	1	0	1	0.0	0	False	0.3	3.0	3.0	70	NA	NA	NA	failed	early_stop_failed	4300	>46	46.69101434915324	-22	0.09992229290450952
704	1	0	1	0.0	0	False	0.3	3.0	5.0	70	NA	NA	NA	failed	early_stop_failed	5050	>46	46.66776807239929	-23	0.13872993213978949
705	1	0	1	0.0	0	False	0.3	3.5	1.1	70	NA	NA	NA	failed	early_stop_failed	5600	>46	46.37229628028169	-24	0.14074452429330708
706	1	0	1	0.0	0	False	0.3	3.5	1.5	70	NA	NA	NA	failed	early_stop_failed	4400	>46	46.659465928369706	-22	0.11428003059179921
707	1	0	1	0.0	0	False	0.3	3.5	2.0	70	NA	NA	NA	failed	early_stop_failed	4850	>46	46.690016996391904	-20	0.1195907523536484
708	1	0	1	0.0	0	False	0.3	3.5	3.0	70	NA	NA	NA	failed	early_stop_failed	5150	>46	46.64456168488552	-21	0.11230259566783551
709	1	0	1	0.0	0	False	0.3	3.5	5.0	70	NA	NA	NA	failed	early_stop_failed	4650	>46	47.25675216745025	-25	0.11796907005495717
710	1	0	1	0.0	0	False	0.3	4.0	1.1	70	NA	NA	NA	failed	early_stop_failed	4950	>46	46.474854172727895	-22	0.12656485617105137
711	1	0	1	0.0	0	False	0.3	4.0	1.5	70	NA	NA	NA	failed	early_stop_failed	5100	>46	46.62911400695047	-23	0.11110972506003862
712	1	0	1	0.0	0	False	0.3	4.0	2.0	70	NA	NA	NA	failed	early_stop_failed	4600	>46	46.56080333358688	-24	0.09958067534594367
713	1	0	1	0.0	0	False	0.3	4.0	3.0	70	NA	NA	NA	failed	early_stop_failed	5200	>46	46.95072526770676	-20	0.11101719160066842
714	1	0	1	0.0	0	False	0.3	4.0	5.0	70	NA	NA	NA	failed	early_stop_failed	4500	>46	46.664816191481876	-23	0.1312046221400744
715	1	0	1	0.0	0	False	0.3	4.5	1.1	70	NA	NA	NA	failed	early_stop_failed	4850	>46	46.611092760927185	-22	0.12596000427579734
716	1	0	1	0.0	0	False	0.3	4.5	1.5	70	NA	NA	NA	failed	early_stop_failed	5050	>46	46.74975099050906	-25	0.11489873036968616
717	1	0	1	0.0	0	False	0.3	4.5	2.0	70	NA	NA	NA	failed	early_stop_failed	5400	>46	46.414536557307024	-24	0.12135098378715621
718	1	0	1	0.0	0	False	0.3	4.5	3.0	70	NA	NA	NA	failed	early_stop_failed	4400	>46	46.99627975541732	-24	0.11044439530378679
719	1	0	1	0.0	0	False	0.3	4.5	5.0	70	NA	NA	NA	failed	early_stop_failed	4650	>46	46.621161847437584	-22	0.12905163564102945
720	1	0	1	0.0	0	False	0.3	5.0	1.1	70	NA	NA	NA	failed	early_stop_failed	5450	>46	46.535217888332035	-23	0.13778811955369907
721	1	0	1	0.0	0	False	0.3	5.0	1.5	70	NA	NA	NA	failed	early_stop_failed	4750	>46	46.553280457902915	-25	0.117506248308574
722	1	0	1	0.0	0	False	0.3	5.0	2.0	70	NA	NA	NA	failed	early_stop_failed	5300	>46	46.54695283544523	-22	0.1402014581242736
723	1	0	1	0.0	0	False	0.3	5.0	3.0	70	NA	NA	NA	failed	early_stop_failed	4300	>46	47.18579957050954	-21	0.08380146542681173
724	1	0	1	0.0	0	False	0.3	5.0	5.0	70	NA	NA	NA	failed	early_stop_failed	4400	>46	46.65197454890685	-21	0.12689507980591017
725	1	0	1	0.0	0	False	0.35	3.0	1.1	70	NA	NA	NA	extinct	population_extinct	100000	NA	NA	NA	NA
726	1	0	1	0.0	0	False	0.35	3.0	1.5	70	NA	NA	NA	failed	early_stop_failed	4250	>46	46.574985930217935	-24	0.11606612836740542
727	1	0	1	0.0	0	False	0.35	3.0	2.0	70	NA	NA	NA	failed	early_stop_failed	4800	>46	46.5990841428323	-23	0.130731382603921
728	1	0	1	0.0	0	False	0.35	3.0	3.0	70	NA	NA	NA	failed	early_stop_failed	5400	>46	46.62437737962071	-23	0.12653782252901005
729	1	0	1	0.0	0	False	0.35	3.0	5.0	70	NA	NA	NA	failed	early_stop_failed	4850	>46	46.54865507927931	-22	0.13946337085606644
730	1	0	1	0.0	0	False	0.35	3.5	1.1	70	NA	NA	NA	failed	early_stop_failed	4550	>46	46.89024327994681	-22	0.11790441003645283
731	1	0	1	0.0	0	False	0.35	3.5	1.5	70	NA	NA	NA	failed	early_stop_failed	4300	>46	46.578444717095515	-23	0.12589885126631853
732	1	0	1	0.0	0	False	0.35	3.5	2.0	70	NA	NA	NA	failed	early_stop_failed	5550	>46	46.52456161168431	-23	0.1647085218060165
733	1	0	1	0.0	0	False	0.35	3.5	3.0	70	NA	NA	NA	failed	early_stop_failed	4650	>46	46.82579830483245	-21	0.09624662840604115
734	1	0	1	0.0	0	False	0.35	3.5	5.0	70	NA	NA	NA	failed	early_stop_failed	4550	>46	46.623606079951976	-22	0.10910945499774723
735	1	0	1	0.0	0	False	0.35	4.0	1.1	70	NA	NA	NA	failed	early_stop_failed	4750	>46	46.833220855814496	-19	0.12456889701849884
736	1	0	1	0.0	0	False	0.35	4.0	1.5	70	NA	NA	NA	failed	early_stop_failed	4650	>46	46.69540082497596	-22	0.10940399540740056
737	1	0	1	0.0	0	False	0.35	4.0	2.0	70	NA	NA	NA	failed	early_stop_failed	5300	>46	46.74560604343998	-23	0.12236477997959934
738	1	0	1	0.0	0	False	0.35	4.0	3.0	70	NA	NA	NA	failed	early_stop_failed	5000	>46	46.563915004242276	-24	0.11118294261700276
739	1	0	1	0.0	0	False	0.35	4.0	5.0	70	NA	NA	NA	failed	early_stop_failed	4950	>46	46.62896145613743	-23	0.11081419971823907
740	1	0	1	0.0	0	False	0.35	4.5	1.1	70	NA	NA	NA	failed	early_stop_failed	4650	>46	46.88846291176	-25	0.09618622071788428
741	1	0	1	0.0	0	False	0.35	4.5	1.5	70	NA	NA	NA	failed	early_stop_failed	5050	>46	46.48822062646124	-23	0.13213717963882476
742	1	0	1	0.0	0	False	0.35	4.5	2.0	70	NA	NA	NA	failed	early_stop_failed	4800	>46	46.77834080696154	-24	0.10837768638250067
743	1	0	1	0.0	0	False	0.35	4.5	3.0	70	NA	NA	NA	failed	early_stop_failed	5450	>46	46.70408632581443	-23	0.14315402083299456
744	1	0	1	0.0	0	False	0.35	4.5	5.0	70	NA	NA	NA	failed	early_stop_failed	4150	>46	46.914522576790596	-23	0.1266609914091728
745	1	0	1	0.0	0	False	0.35	5.0	1.1	70	NA	NA	NA	failed	early_stop_failed	4450	>46	46.51190803813794	-25	0.09678224679213385
746	1	0	1	0.0	0	False	0.35	5.0	1.5	70	NA	NA	NA	failed	early_stop_failed	4700	>46	46.813272161780844	-23	0.10179751758676081
747	1	0	1	0.0	0	False	0.35	5.0	2.0	70	NA	NA	NA	failed	early_stop_failed	4800	>46	46.727770849736665	-20	0.10302817824356639
748	1	0	1	0.0	0	False	0.35	5.0	3.0	70	NA	NA	NA	failed	early_stop_failed	4750	>46	46.830202820289365	-21	0.11364202005283806
749	1	0	1	0.0	0	False	0.35	5.0	5.0	70	NA	NA	NA	failed	early_stop_failed	4450	>46	46.73385895579879	-24	0.12228330554979948
750	1	0	0	0.0	1	False	0.15	3.0	1.1	70	NA	NA	0.1	failed	early_stop_failed	4300	>46	46.73299564776191	-23	0.12716546307708984
751	1	0	0	0.0	1	False	0.15	3.0	1.5	70	NA	NA	0.1	failed	early_stop_failed	4300	>46	46.84930464968427	-20	0.09448316419535002
752	1	0	0	0.0	1	False	0.15	3.0	2.0	70	NA	NA	0.1	failed	early_stop_failed	5450	>46	46.50400482565176	-24	0.13691227226070854
753	1	0	0	0.0	1	False	0.15	3.0	3.0	70	NA	NA	0.1	failed	early_stop_failed	4650	>46	46.64440509563258	-22	0.11707543008532693
754	1	0	0	0.0	1	False	0.15	3.0	5.0	70	NA	NA	0.1	failed	early_stop_failed	4750	>46	46.812188568420545	-24	0.11939892262521337
755	1	0	0	0.0	1	False	0.15	3.5	1.1	70	NA	NA	0.1	failed	early_stop_failed	4650	>46	46.60294558822524	-23	0.11944629885328903
756	1	0	0	0.0	1	False	0.15	3.5	1.5	70	NA	NA	0.1	failed	early_stop_failed	4450	>46	46.76291823709014	-23	0.10618269802030204
757	1	0	0	0.0	1	False	0.15	3.5	2.0	70	NA	NA	0.1	failed	early_stop_failed	4600	>46	46.697848526461726	-22	0.1370195911387895
758	1	0	0	0.0	1	False	0.15	3.5	3.0	70	NA	NA	0.1	failed	early_stop_failed	4850	>46	46.49973914588371	-24	0.12469155303991185
759	1	0	0	0.0	1	False	0.15	3.5	5.0	70	NA	NA	0.1	failed	early_stop_failed	5150	>46	46.51299972344651	-21	0.13356440063700709
760	1	0	0	0.0	1	False	0.15	4.0	1.1	70	NA	NA	0.1	failed	early_stop_failed	5250	>46	46.63103587021371	-23	0.12971644791867068
761	1	0	0	0.0	1	False	0.15	4.0	1.5	70	NA	NA	0.1	failed	early_stop_failed	5050	>46	46.41103675544729	-23	0.14716950983657193
762	1	0	0	0.0	1	False	0.15	4.0	2.0	70	NA	NA	0.1	failed	early_stop_failed	4950	>46	46.65987189414352	-23	0.13108751034109722
763	1	0	0	0.0	1	False	0.15	4.0	3.0	70	NA	NA	0.1	failed	early_stop_failed	4750	>46	46.63587156308703	-22	0.11510564540844546
764	1	0	0	0.0	1	False	0.15	4.0	5.0	70	NA	NA	0.1	failed	early_stop_failed	4850	>46	46.687947882942844	-25	0.1094107448547537
765	1	0	0	0.0	1	False	0.15	4.5	1.1	70	NA	NA	0.1	failed	early_stop_failed	4250	>46	46.9705621596631	-21	0.10325530400672177
766	1	0	0	0.0	1	False	0.15	4.5	1.5	70	NA	NA	0.1	failed	early_stop_failed	4900	>46	46.61264793662212	-22	0.10972993085088109
767	1	0	0	0.0	1	False	0.15	4.5	2.0	70	NA	NA	0.1	failed	early_stop_failed	4500	>46	46.39962521899327	-23	0.13395034554974697
768	1	0	0	0.0	1	False	0.15	4.5	3.0	70	NA	NA	0.1	failed	early_stop_failed	4500	>46	46.604844279507276	-24	0.13466689069444981
769	1	0	0	0.0	1	False	0.15	4.5	5.0	70	NA	NA	0.1	failed	early_stop_failed	4800	>46	46.68293366097384	-23	0.13889523228635
770	1	0	0	0.0	1	False	0.15	5.0	1.1	70	NA	NA	0.1	failed	early_stop_failed	5100	>46	46.66136142602791	-22	0.12682872441985993
771	1	0	0	0.0	1	False	0.15	5.0	1.5	70	NA	NA	0.1	failed	early_stop_failed	4600	>46	46.73163621970842	-22	0.0993838155936845
772	1	0	0	0.0	1	False	0.15	5.0	2.0	70	NA	NA	0.1	failed	early_stop_failed	4950	>46	46.61192248892921	-23	0.1283153999843422
773	1	0	0	0.0	1	False	0.15	5.0	3.0	70	NA	NA	0.1	failed	early_stop_failed	4750	>46	46.60023703099955	-22	0.1171123627783254
774	1	0	0	0.0	1	False	0.15	5.0	5.0	70	NA	NA	0.1	failed	early_stop_failed	4650	>46	46.56225911924726	-22	0.10875350334110019
775	1	0	0	0.0	1	False	0.2	3.0	1.1	70	NA	NA	0.1	failed	early_stop_failed	4800	>46	46.571625910784334	-23	0.12608256514685
776	1	0	0	0.0	1	False	0.2	3.0	1.5	70	NA	NA	0.1	failed	early_stop_failed	5050	>46	46.67273451123135	-23	0.11350793610887674
777	1	0	0	0.0	1	False	0.2	3.0	2.0	70	NA	NA	0.1	failed	early_stop_failed	4450	>46	46.686880500655406	-23	0.11555014960500878
778	1	0	0	0.0	1	False	0.2	3.0	3.0	70	NA	NA	0.1	failed	early_stop_failed	4400	>46	46.87359071054139	-22	0.09344696861445163
779	1	0	0	0.0	1	False	0.2	3.0	5.0	70	NA	NA	0.1	failed	early_stop_failed	5400	>46	46.74369354181193	-23	0.1454547772043454
780	1	0	0	0.0	1	False	0.2	3.5	1.1	70	NA	NA	0.1	failed	early_stop_failed	4900	>46	46.58658809873121	-22	0.12386872028379288
781	1	0	0	0.0	1	False	0.2	3.5	1.5	70	NA	NA	0.1	failed	early_stop_failed	5000	>46	46.40462033430586	-24	0.11044204307271409
782	1	0	0	0.0	1	False	0.2	3.5	2.0	70	NA	NA	0.1	failed	early_stop_failed	4350	>46	46.67598949265378	-23	0.10859952567124033
783	1	0	0	0.0	1	False	0.2	3.5	3.0	70	NA	NA	0.1	failed	early_stop_failed	5100	>46	46.614754890257	-24	0.11970031642136676
784	1	0	0	0.0	1	False	0.2	3.5	5.0	70	NA	NA	0.1	failed	early_stop_failed	4350	>46	47.09060497887453	-26	0.08538095678137367
785	1	0	0	0.0	1	False	0.2	4.0	1.1	70	NA	NA	0.1	failed	early_stop_failed	4450	>46	46.664956371993426	-22	0.11095039137668948
786	1	0	0	0.0	1	False	0.2	4.0	1.5	70	NA	NA	0.1	failed	early_stop_failed	4500	>46	46.65213079890511	-22	0.1067534152342832
787	1	0	0	0.0	1	False	0.2	4.0	2.0	70	NA	NA	0.1	failed	early_stop_failed	4850	>46	46.858326514421115	-22	0.12133505683238938
788	1	0	0	0.0	1	False	0.2	4.0	3.0	70	NA	NA	0.1	failed	early_stop_failed	5250	>46	46.48644188697354	-24	0.1221035579042426
789	1	0	0	0.0	1	False	0.2	4.0	5.0	70	NA	NA	0.1	failed	early_stop_failed	4100	>46	46.96628710089366	-26	0.09386853544241051
790	1	0	0	0.0	1	False	0.2	4.5	1.1	70	NA	NA	0.1	failed	early_stop_failed	4850	>46	46.60393355338016	-22	0.11675386340134918
791	1	0	0	0.0	1	False	0.2	4.5	1.5	70	NA	NA	0.1	failed	early_stop_failed	5000	>46	46.50228714344693	-23	0.1181246773198585
792	1	0	0	0.0	1	False	0.2	4.5	2.0	70	NA	NA	0.1	failed	early_stop_failed	4750	>46	46.60311675649612	-24	0.09777123254122073
793	1	0	0	0.0	1	False	0.2	4.5	3.0	70	NA	NA	0.1	failed	early_stop_failed	4850	>46	46.78168414958564	-21	0.11340814946612741
794	1	0	0	0.0	1	False	0.2	4.5	5.0	70	NA	NA	0.1	failed	early_stop_failed	4350	>46	46.5746258949743	-21	0.1204591594214054
795	1	0	0	0.0	1	False	0.2	5.0	1.1	70	NA	NA	0.1	failed	early_stop_failed	4900	>46	46.95080280092822	-24	0.11333960847496913
796	1	0	0	0.0	1	False	0.2	5.0	1.5	70	NA	NA	0.1	failed	early_stop_failed	4550	>46	46.51738927367935	-23	0.10653945870529812
797	1	0	0	0.0	1	False	0.2	5.0	2.0	70	NA	NA	0.1	failed	early_stop_failed	4200	>46	46.743854308533976	-22	0.11148706707495692
798	1	0	0	0.0	1	False	0.2	5.0	3.0	70	NA	NA	0.1	failed	early_stop_failed	4900	>46	46.56143797924969	-22	0.1518441194429284
799	1	0	0	0.0	1	False	0.2	5.0	5.0	70	NA	NA	0.1	failed	early_stop_failed	4400	>46	47.01989663026919	-22	0.11179509183266281
800	1	0	0	0.0	1	False	0.25	3.0	1.1	70	NA	NA	0.1	failed	early_stop_failed	4800	>46	46.51232219285869	-22	0.12215959414207622
801	1	0	0	0.0	1	False	0.25	3.0	1.5	70	NA	NA	0.1	failed	early_stop_failed	4300	>46	46.65891156270293	-21	0.1162976683071963
802	1	0	0	0.0	1	False	0.25	3.0	2.0	70	NA	NA	0.1	failed	early_stop_failed	4350	>46	46.95097638022955	-23	0.1117873730561568
803	1	0	0	0.0	1	False	0.25	3.0	3.0	70	NA	NA	0.1	failed	early_stop_failed	4850	>46	46.54280246083117	-23	0.11134906021698347
804	1	0	0	0.0	1	False	0.25	3.0	5.0	70	NA	NA	0.1	failed	early_stop_failed	4850	>46	46.71821848552658	-23	0.11825211254489233
805	1	0	0	0.0	1	False	0.25	3.5	1.1	70	NA	NA	0.1	failed	early_stop_failed	4100	>46	46.95021089714868	-22	0.12592987661339042
806	1	0	0	0.0	1	False	0.25	3.5	1.5	70	NA	NA	0.1	failed	early_stop_failed	4550	>46	46.8159911599286	-22	0.0985222417777654
807	1	0	0	0.0	1	False	0.25	3.5	2.0	70	NA	NA	0.1	failed	early_stop_failed	5150	>46	46.622533780782994	-25	0.11900915176623764
808	1	0	0	0.0	1	False	0.25	3.5	3.0	70	NA	NA	0.1	failed	early_stop_failed	4900	>46	46.85144216859811	-21	0.10841850589778301
809	1	0	0	0.0	1	False	0.25	3.5	5.0	70	NA	NA	0.1	failed	early_stop_failed	4700	>46	46.49637355605396	-21	0.10564860005706396
810	1	0	0	0.0	1	False	0.25	4.0	1.1	70	NA	NA	0.1	failed	early_stop_failed	4700	>46	46.546817908142906	-23	0.12206839982392267
811	1	0	0	0.0	1	False	0.25	4.0	1.5	70	NA	NA	0.1	failed	early_stop_failed	5200	>46	46.89245015237479	-23	0.10891583292326311
812	1	0	0	0.0	1	False	0.25	4.0	2.0	70	NA	NA	0.1	failed	early_stop_failed	4750	>46	46.87403300836498	-22	0.10026240128387169
813	1	0	0	0.0	1	False	0.25	4.0	3.0	70	NA	NA	0.1	failed	early_stop_failed	4700	>46	46.60466829402826	-24	0.12039404606892817
814	1	0	0	0.0	1	False	0.25	4.0	5.0	70	NA	NA	0.1	failed	early_stop_failed	4450	>46	46.7833931112618	-24	0.09659589666436105
815	1	0	0	0.0	1	False	0.25	4.5	1.1	70	NA	NA	0.1	failed	early_stop_failed	4950	>46	46.69152858265368	-22	0.12923806266894503
816	1	0	0	0.0	1	False	0.25	4.5	1.5	70	NA	NA	0.1	failed	early_stop_failed	5150	>46	46.70802459804423	-23	0.13179148714422825
817	1	0	0	0.0	1	False	0.25	4.5	2.0	70	NA	NA	0.1	failed	early_stop_failed	4400	>46	46.78616346151726	-26	0.09276984571214218
818	1	0	0	0.0	1	False	0.25	4.5	3.0	70	NA	NA	0.1	failed	early_stop_failed	4550	>46	46.601035708123035	-22	0.11663561315804413
819	1	0	0	0.0	1	False	0.25	4.5	5.0	70	NA	NA	0.1	failed	early_stop_failed	4350	>46	46.913439498287715	-23	0.10691188983420226
820	1	0	0	0.0	1	False	0.25	5.0	1.1	70	NA	NA	0.1	failed	early_stop_failed	4900	>46	46.514674570891835	-22	0.10986921595839728
821	1	0	0	0.0	1	False	0.25	5.0	1.5	70	NA	NA	0.1	failed	early_stop_failed	5200	>46	46.66595537053362	-24	0.13254308304739884
822	1	0	0	0.0	1	False	0.25	5.0	2.0	70	NA	NA	0.1	failed	early_stop_failed	4300	>46	46.79686341514308	-25	0.09192197367852599
823	1	0	0	0.0	1	False	0.25	5.0	3.0	70	NA	NA	0.1	failed	early_stop_failed	4750	>46	46.63273594486515	-22	0.14472328555831682
824	1	0	0	0.0	1	False	0.25	5.0	5.0	70	NA	NA	0.1	failed	early_stop_failed	5400	>46	46.55475637615861	-23	0.12936495496987555
825	1	0	0	0.0	1	False	0.3	3.0	1.1	70	NA	NA	0.1	failed	early_stop_failed	4850	>46	46.753457441049086	-21	0.11681738226314259
826	1	0	0	0.0	1	False	0.3	3.0	1.5	70	NA	NA	0.1	failed	early_stop_failed	4950	>46	46.364822297126175	-23	0.14465349700707986
827	1	0	0	0.0	1	False	0.3	3.0	2.0	70	NA	NA	0.1	failed	early_stop_failed	4400	>46	47.16485254543058	-25	0.07990929933506849
828	1	0	0	0.0	1	False	0.3	3.0	3.0	70	NA	NA	0.1	failed	early_stop_failed	4350	>46	46.572834638586215	-22	0.10755990004380342
829	1	0	0	0.0	1	False	0.3	3.0	5.0	70	NA	NA	0.1	failed	early_stop_failed	3750	>46	47.58648634843591	-27	0.08116745009013805
830	1	0	0	0.0	1	False	0.3	3.5	1.1	70	NA	NA	0.1	failed	early_stop_failed	4200	>46	46.93488683249999	-24	0.11866645323104016
831	1	0	0	0.0	1	False	0.3	3.5	1.5	70	NA	NA	0.1	failed	early_stop_failed	5050	>46	46.67919409649134	-23	0.12574800198896263
832	1	0	0	0.0	1	False	0.3	3.5	2.0	70	NA	NA	0.1	failed	early_stop_failed	4650	>46	46.550571516061225	-22	0.11671515475473161
833	1	0	0	0.0	1	False	0.3	3.5	3.0	70	NA	NA	0.1	failed	early_stop_failed	4750	>46	46.52534698392208	-20	0.12435384516921416
834	1	0	0	0.0	1	False	0.3	3.5	5.0	70	NA	NA	0.1	failed	early_stop_failed	5200	>46	46.737588748749694	-23	0.11663489886843333
835	1	0	0	0.0	1	False	0.3	4.0	1.1	70	NA	NA	0.1	failed	early_stop_failed	3750	>46	47.19197263682397	-23	0.09347910028436698
836	1	0	0	0.0	1	False	0.3	4.0	1.5	70	NA	NA	0.1	failed	early_stop_failed	5150	>46	46.58730914786676	-24	0.1253710501378005
837	1	0	0	0.0	1	False	0.3	4.0	2.0	70	NA	NA	0.1	failed	early_stop_failed	5200	>46	46.478771787409485	-22	0.11762831882177303
838	1	0	0	0.0	1	False	0.3	4.0	3.0	70	NA	NA	0.1	failed	early_stop_failed	4750	>46	46.73321847472554	-22	0.11684274816786192
839	1	0	0	0.0	1	False	0.3	4.0	5.0	70	NA	NA	0.1	failed	early_stop_failed	5050	>46	46.50053922385858	-24	0.12377889950126045
840	1	0	0	0.0	1	False	0.3	4.5	1.1	70	NA	NA	0.1	failed	early_stop_failed	4350	>46	47.03125609635133	-26	0.07688341239481578
841	1	0	0	0.0	1	False	0.3	4.5	1.5	70	NA	NA	0.1	failed	early_stop_failed	4450	>46	46.80447575907872	-23	0.11805549087506696
842	1	0	0	0.0	1	False	0.3	4.5	2.0	70	NA	NA	0.1	failed	early_stop_failed	4200	>46	46.74785090277577	-23	0.1272735088338039
843	1	0	0	0.0	1	False	0.3	4.5	3.0	70	NA	NA	0.1	failed	early_stop_failed	4700	>46	46.59258504748201	-21	0.13478549155258918
844	1	0	0	0.0	1	False	0.3	4.5	5.0	70	NA	NA	0.1	failed	early_stop_failed	4050	>46	47.00968487743553	-24	0.11476321333827504
845	1	0	0	0.0	1	False	0.3	5.0	1.1	70	NA	NA	0.1	failed	early_stop_failed	4500	>46	46.57052484377426	-22	0.11136906064759401
846	1	0	0	0.0	1	False	0.3	5.0	1.5	70	NA	NA	0.1	failed	early_stop_failed	4750	>46	46.66332607798718	-23	0.13528045057335306
847	1	0	0	0.0	1	False	0.3	5.0	2.0	70	NA	NA	0.1	failed	early_stop_failed	4950	>46	46.6441899917411	-23	0.13020191775591056
848	1	0	0	0.0	1	False	0.3	5.0	3.0	70	NA	NA	0.1	failed	early_stop_failed	4200	>46	46.59811593285389	-24	0.1333393328241714
849	1	0	0	0.0	1	False	0.3	5.0	5.0	70	NA	NA	0.1	failed	early_stop_failed	5050	>46	46.592921371733695	-22	0.15364680789758356
850	1	0	0	0.0	1	False	0.35	3.0	1.1	70	NA	NA	0.1	extinct	population_extinct	100000	NA	NA	NA	NA
851	1	0	0	0.0	1	False	0.35	3.0	1.5	70	NA	NA	0.1	failed	early_stop_failed	4450	>46	46.734517755653194	-21	0.11535383657994636
852	1	0	0	0.0	1	False	0.35	3.0	2.0	70	NA	NA	0.1	failed	early_stop_failed	4900	>46	46.53785216480243	-22	0.13735624608236335
853	1	0	0	0.0	1	False	0.35	3.0	3.0	70	NA	NA	0.1	failed	early_stop_failed	4600	>46	46.63291220623016	-22	0.13437943069962308
854	1	0	0	0.0	1	False	0.35	3.0	5.0	70	NA	NA	0.1	failed	early_stop_failed	4400	>46	47.04529402079997	-20	0.09187088492663716
855	1	0	0	0.0	1	False	0.35	3.5	1.1	70	NA	NA	0.1	failed	early_stop_failed	3650	>46	47.31642490068642	-18	0.1095114690232592
856	1	0	0	0.0	1	False	0.35	3.5	1.5	70	NA	NA	0.1	failed	early_stop_failed	4250	>46	46.62368069178024	-22	0.1332427287658675
857	1	0	0	0.0	1	False	0.35	3.5	2.0	70	NA	NA	0.1	failed	early_stop_failed	4350	>46	46.46545552098626	-23	0.09956204642392613
858	1	0	0	0.0	1	False	0.35	3.5	3.0	70	NA	NA	0.1	failed	early_stop_failed	4700	>46	46.47234911137049	-24	0.11532044875244822
859	1	0	0	0.0	1	False	0.35	3.5	5.0	70	NA	NA	0.1	failed	early_stop_failed	5100	>46	46.673539834041236	-21	0.13486440995134122
860	1	0	0	0.0	1	False	0.35	4.0	1.1	70	NA	NA	0.1	failed	early_stop_failed	4650	>46	46.68745634388071	-23	0.11241785988663819
861	1	0	0	0.0	1	False	0.35	4.0	1.5	70	NA	NA	0.1	failed	early_stop_failed	4850	>46	46.907611948366295	-23	0.1321713239545491
862	1	0	0	0.0	1	False	0.35	4.0	2.0	70	NA	NA	0.1	failed	early_stop_failed	5150	>46	46.62374023757964	-24	0.143019720037079
863	1	0	0	0.0	1	False	0.35	4.0	3.0	70	NA	NA	0.1	failed	early_stop_failed	4950	>46	46.56646821745046	-23	0.13042673544655348
864	1	0	0	0.0	1	False	0.35	4.0	5.0	70	NA	NA	0.1	failed	early_stop_failed	4650	>46	46.657892283114684	-23	0.11943673809827775
865	1	0	0	0.0	1	False	0.35	4.5	1.1	70	NA	NA	0.1	failed	early_stop_failed	4200	>46	47.13649504813133	-24	0.09116861145448171
866	1	0	0	0.0	1	False	0.35	4.5	1.5	70	NA	NA	0.1	failed	early_stop_failed	4500	>46	46.8952994716611	-24	0.09818473667611627
867	1	0	0	0.0	1	False	0.35	4.5	2.0	70	NA	NA	0.1	failed	early_stop_failed	4950	>46	46.4522953921974	-23	0.1381136432381558
868	1	0	0	0.0	1	False	0.35	4.5	3.0	70	NA	NA	0.1	failed	early_stop_failed	4500	>46	46.68543926497418	-22	0.12744049123793633
869	1	0	0	0.0	1	False	0.35	4.5	5.0	70	NA	NA	0.1	failed	early_stop_failed	4650	>46	46.49127335766808	-23	0.15520571928258065
870	1	0	0	0.0	1	False	0.35	5.0	1.1	70	NA	NA	0.1	failed	early_stop_failed	5000	>46	46.69063428425024	-21	0.1251739645800458
871	1	0	0	0.0	1	False	0.35	5.0	1.5	70	NA	NA	0.1	failed	early_stop_failed	4750	>46	46.55236132879201	-24	0.12013061035050746
872	1	0	0	0.0	1	False	0.35	5.0	2.0	70	NA	NA	0.1	failed	early_stop_failed	4850	>46	46.57975735361285	-22	0.11387400679168834
873	1	0	0	0.0	1	False	0.35	5.0	3.0	70	NA	NA	0.1	failed	early_stop_failed	4650	>46	46.7431621637887	-24	0.12535268795458898
874	1	0	0	0.0	1	False	0.35	5.0	5.0	70	NA	NA	0.1	failed	early_stop_failed	4200	>46	46.757339653093254	-25	0.10967581954681212
875	1	1	1	0.0	0	False	0.15	3.0	1.1	70	0.008	25.0	NA	extinct	population_extinct	100000	NA	NA	NA	NA
876	1	1	1	0.0	0	False	0.15	3.0	1.5	70	0.008	25.0	NA	succeed	early_stop_succeed	2300	39.8769589202195	39.88054159990528	-30	0.23514196575005022
877	1	1	1	0.0	0	False	0.15	3.0	2.0	70	0.008	25.0	NA	succeed	early_stop_succeed	2100	39.751258056806385	39.7304948762307	-30	0.22083913270497985
878	1	1	1	0.0	0	False	0.15	3.0	3.0	70	0.008	25.0	NA	succeed	early_stop_succeed	2000	39.891110201974996	39.90114774184677	-30	0.2377214935991584
879	1	1	1	0.0	0	False	0.15	3.0	5.0	70	0.008	25.0	NA	succeed	early_stop_succeed	2050	40.03672544906137	40.04487998367212	-30	0.23539674125241614
880	1	1	1	0.0	0	False	0.15	3.5	1.1	70	0.008	25.0	NA	succeed	early_stop_succeed	2050	39.77500522657584	39.68335413704663	-30	0.21373788650294068
881	1	1	1	0.0	0	False	0.15	3.5	1.5	70	0.008	25.0	NA	succeed	early_stop_succeed	2100	39.92175602736311	39.923574392548176	-30	0.2400067519039617
882	1	1	1	0.0	0	False	0.15	3.5	2.0	70	0.008	25.0	NA	succeed	early_stop_succeed	2050	39.900149935416415	39.898434913423685	-30	0.2348409796048818
883	1	1	1	0.0	0	False	0.15	3.5	3.0	70	0.008	25.0	NA	succeed	early_stop_succeed	2000	40.07064291458089	40.0457687536964	-30	0.23116997157824756
884	1	1	1	0.0	0	False	0.15	3.5	5.0	70	0.008	25.0	NA	succeed	early_stop_succeed	2250	40.16240077142474	40.17441672022526	-30	0.2148711223813817
885	1	1	1	0.0	0	False	0.15	4.0	1.1	70	0.008	25.0	NA	succeed	early_stop_succeed	2100	39.897662599011134	39.900841620983854	-30	0.24356628630681412
886	1	1	1	0.0	0	False	0.15	4.0	1.5	70	0.008	25.0	NA	succeed	early_stop_succeed	2100	40.03211352758791	40.046217380304434	-30	0.2224853921334004
887	1	1	1	0.0	0	False	0.15	4.0	2.0	70	0.008	25.0	NA	succeed	early_stop_succeed	2050	39.90837213098819	39.91467463448866	-30	0.2236371730439905
888	1	1	1	0.0	0	False	0.15	4.0	3.0	70	0.008	25.0	NA	succeed	early_stop_succeed	2400	40.233408679053795	40.23027758441141	-30	0.23858989649541357
889	1	1	1	0.0	0	False	0.15	4.0	5.0	70	0.008	25.0	NA	succeed	early_stop_succeed	2000	40.106631363945624	40.09419002677844	-30	0.2681700932675268
890	1	1	1	0.0	0	False	0.15	4.5	1.1	70	0.008	25.0	NA	succeed	early_stop_succeed	2450	39.917241465683794	39.8805136863829	-30	0.22327415749881915
891	1	1	1	0.0	0	False	0.15	4.5	1.5	70	0.008	25.0	NA	succeed	early_stop_succeed	2500	40.25983177620952	40.282616707658335	-30	0.17114834979092097
892	1	1	1	0.0	0	False	0.15	4.5	2.0	70	0.008	25.0	NA	succeed	early_stop_succeed	2350	40.16123464921141	40.191896110000904	-30	0.21587885711248755
893	1	1	1	0.0	0	False	0.15	4.5	3.0	70	0.008	25.0	NA	succeed	early_stop_succeed	2450	40.21359672322053	40.21785879106067	-30	0.25378288517697933
894	1	1	1	0.0	0	False	0.15	4.5	5.0	70	0.008	25.0	NA	succeed	early_stop_succeed	2500	40.27644939695714	40.2869731058658	-30	0.2002215106808657
895	1	1	1	0.0	0	False	0.15	5.0	1.1	70	0.008	25.0	NA	succeed	early_stop_succeed	2100	39.95123914620771	39.95785557553754	-30	0.2740945696574874
896	1	1	1	0.0	0	False	0.15	5.0	1.5	70	0.008	25.0	NA	succeed	early_stop_succeed	2000	39.862440102794366	39.875408758453176	-30	0.2502259368027916
897	1	1	1	0.0	0	False	0.15	5.0	2.0	70	0.008	25.0	NA	succeed	early_stop_succeed	2450	40.262359366288116	40.274555879585044	-30	0.22243633642400668
898	1	1	1	0.0	0	False	0.15	5.0	3.0	70	0.008	25.0	NA	succeed	early_stop_succeed	2900	40.43668974896687	40.45929295034033	-30	0.17947065954199107
899	1	1	1	0.0	0	False	0.15	5.0	5.0	70	0.008	25.0	NA	succeed	early_stop_succeed	2000	40.349406356932576	40.32264876969084	-30	0.25393244759548655
900	1	1	1	0.0	0	False	0.2	3.0	1.1	70	0.008	25.0	NA	extinct	population_extinct	100000	NA	NA	NA	NA
901	1	1	1	0.0	0	False	0.2	3.0	1.5	70	0.008	25.0	NA	extinct	population_extinct	100000	NA	NA	NA	NA
902	1	1	1	0.0	0	False	0.2	3.0	2.0	70	0.008	25.0	NA	succeed	early_stop_succeed	2350	39.56448889051128	39.56381669215683	-30	0.19799937536689755
903	1	1	1	0.0	0	False	0.2	3.0	3.0	70	0.008	25.0	NA	succeed	early_stop_succeed	2000	39.8741624264015	39.844703788104106	-30	0.24732562821233942
904	1	1	1	0.0	0	False	0.2	3.0	5.0	70	0.008	25.0	NA	succeed	early_stop_succeed	2100	39.69334958333528	39.70914502308802	-30	0.22545832471236044
905	1	1	1	0.0	0	False	0.2	3.5	1.1	70	0.008	25.0	NA	extinct	population_extinct	100000	NA	NA	NA	NA
906	1	1	1	0.0	0	False	0.2	3.5	1.5	70	0.008	25.0	NA	succeed	early_stop_succeed	2450	39.79446646321176	39.76681535754926	-30	0.21535705628262478
907	1	1	1	0.0	0	False	0.2	3.5	2.0	70	0.008	25.0	NA	succeed	early_stop_succeed	2000	39.92789784981804	39.9813137423578	-30	0.2570753012629404
908	1	1	1	0.0	0	False	0.2	3.5	3.0	70	0.008	25.0	NA	succeed	early_stop_succeed	2050	39.98382617783725	39.99074117681583	-30	0.2448571343309071
909	1	1	1	0.0	0	False	0.2	3.5	5.0	70	0.008	25.0	NA	succeed	early_stop_succeed	2000	40.010709178114105	40.01875419870601	-30	0.2491583022503618
910	1	1	1	0.0	0	False	0.2	4.0	1.1	70	0.008	25.0	NA	succeed	early_stop_succeed	2300	39.808020587583954	39.818964805677986	-30	0.23447194074525374
911	1	1	1	0.0	0	False	0.2	4.0	1.5	70	0.008	25.0	NA	succeed	early_stop_succeed	2050	39.734448714495336	39.70602444404629	-30	0.2586934583408666
912	1	1	1	0.0	0	False	0.2	4.0	2.0	70	0.008	25.0	NA	succeed	early_stop_succeed	2000	40.017840806671764	40.0513004064873	-30	0.24716010309759168
913	1	1	1	0.0	0	False	0.2	4.0	3.0	70	0.008	25.0	NA	succeed	early_stop_succeed	2200	40.08547187480467	40.07511187427919	-30	0.20985263374859156
914	1	1	1	0.0	0	False	0.2	4.0	5.0	70	0.008	25.0	NA	succeed	early_stop_succeed	2850	40.420576583920216	40.448725817331095	-30	0.19328267227268892
915	1	1	1	0.0	0	False	0.2	4.5	1.1	70	0.008	25.0	NA	succeed	early_stop_succeed	2000	39.94773826555447	39.96420219593741	-30	0.24809247420453884
916	1	1	1	0.0	0	False	0.2	4.5	1.5	70	0.008	25.0	NA	succeed	early_stop_succeed	2000	39.99681964924803	40.01169855316338	-30	0.23400093770106964
917	1	1	1	0.0	0	False	0.2	4.5	2.0	70	0.008	25.0	NA	succeed	early_stop_succeed	2000	40.18272273517537	40.19533471768918	-30	0.2570316515007074
918	1	1	1	0.0	0	False	0.2	4.5	3.0	70	0.008	25.0	NA	succeed	early_stop_succeed	2000	40.04832439722597	40.04287713183126	-30	0.2833166639436801
919	1	1	1	0.0	0	False	0.2	4.5	5.0	70	0.008	25.0	NA	succeed	early_stop_succeed	4150	40.95761389368201	40.95692230075439	-30	0.17509748795439417
920	1	1	1	0.0	0	False	0.2	5.0	1.1	70	0.008	25.0	NA	succeed	early_stop_succeed	2100	39.959366500909574	39.96118610553386	-30	0.24496758563057194
921	1	1	1	0.0	0	False	0.2	5.0	1.5	70	0.008	25.0	NA	succeed	early_stop_succeed	2050	39.97164370617143	39.98230181991809	-30	0.22742294176629835
922	1	1	1	0.0	0	False	0.2	5.0	2.0	70	0.008	25.0	NA	succeed	early_stop_succeed	2050	39.998486374595934	39.98048501750932	-30	0.2687760528607587
923	1	1	1	0.0	0	False	0.2	5.0	3.0	70	0.008	25.0	NA	succeed	early_stop_succeed	2000	40.0787494674847	40.12404844281259	-30	0.25919685655670915
924	1	1	1	0.0	0	False	0.2	5.0	5.0	70	0.008	25.0	NA	succeed	early_stop_succeed	2450	40.41077164035384	40.462863113455995	-30	0.2112653844156751
925	1	1	1	0.0	0	False	0.25	3.0	1.1	70	0.008	25.0	NA	extinct	population_extinct	100000	NA	NA	NA	NA
926	1	1	1	0.0	0	False	0.25	3.0	1.5	70	0.008	25.0	NA	extinct	population_extinct	100000	NA	NA	NA	NA
927	1	1	1	0.0	0	False	0.25	3.0	2.0	70	0.008	25.0	NA	succeed	early_stop_succeed	2000	39.93386558524166	40.02793858352997	-30	0.23551532299257452
928	1	1	1	0.0	0	False	0.25	3.0	3.0	70	0.008	25.0	NA	succeed	early_stop_succeed	2250	39.9272784835438	39.946955324771814	-30	0.21916553734502414
929	1	1	1	0.0	0	False	0.25	3.0	5.0	70	0.008	25.0	NA	succeed	early_stop_succeed	2000	39.734099170188095	39.719306707515116	-30	0.23496438143945395
930	1	1	1	0.0	0	False	0.25	3.5	1.1	70	0.008	25.0	NA	extinct	population_extinct	100000	NA	NA	NA	NA
931	1	1	1	0.0	0	False	0.25	3.5	1.5	70	0.008	25.0	NA	succeed	early_stop_succeed	2050	39.89432868943789	39.92157993595263	-30	0.2258865528322118
932	1	1	1	0.0	0	False	0.25	3.5	2.0	70	0.008	25.0	NA	succeed	early_stop_succeed	2000	39.945444081116946	39.94383246807744	-30	0.2492591299049022
933	1	1	1	0.0	0	False	0.25	3.5	3.0	70	0.008	25.0	NA	succeed	early_stop_succeed	2000	40.10190709396688	40.097784715911956	-30	0.2513713210336007
934	1	1	1	0.0	0	False	0.25	3.5	5.0	70	0.008	25.0	NA	succeed	early_stop_succeed	2200	40.09383741911319	40.08338985918941	-30	0.23354564077742218
935	1	1	1	0.0	0	False	0.25	4.0	1.1	70	0.008	25.0	NA	extinct	population_extinct	100000	NA	NA	NA	NA
936	1	1	1	0.0	0	False	0.25	4.0	1.5	70	0.008	25.0	NA	succeed	early_stop_succeed	3400	39.93155999983275	39.89515009687499	-30	0.17545635778841523
937	1	1	1	0.0	0	False	0.25	4.0	2.0	70	0.008	25.0	NA	succeed	early_stop_succeed	2000	40.01400025672363	40.02440922022266	-30	0.2462379052806103
938	1	1	1	0.0	0	False	0.25	4.0	3.0	70	0.008	25.0	NA	succeed	early_stop_succeed	2000	39.9772794997534	39.974005710884505	-30	0.22145573282495157
939	1	1	1	0.0	0	False	0.25	4.0	5.0	70	0.008	25.0	NA	succeed	early_stop_succeed	2000	40.04811730799034	40.04217631377372	-30	0.2976000935798328
940	1	1	1	0.0	0	False	0.25	4.5	1.1	70	0.008	25.0	NA	succeed	early_stop_succeed	2000	40.03708733330559	40.02626966159487	-30	0.2576496375362435
941	1	1	1	0.0	0	False	0.25	4.5	1.5	70	0.008	25.0	NA	succeed	early_stop_succeed	2000	40.012741658352674	39.98769085587707	-30	0.2440179888225296
942	1	1	1	0.0	0	False	0.25	4.5	2.0	70	0.008	25.0	NA	succeed	early_stop_succeed	2000	39.921209889350955	39.89635856866764	-30	0.2516887164746928
943	1	1	1	0.0	0	False	0.25	4.5	3.0	70	0.008	25.0	NA	succeed	early_stop_succeed	2400	40.349238898815976	40.37492055804467	-30	0.1630552408700076
944	1	1	1	0.0	0	False	0.25	4.5	5.0	70	0.008	25.0	NA	succeed	early_stop_succeed	2000	40.28718890114467	40.25004413496757	-30	0.2773927205131868
945	1	1	1	0.0	0	False	0.25	5.0	1.1	70	0.008	25.0	NA	succeed	early_stop_succeed	2100	40.05086956103421	40.04433556115493	-30	0.23389816476828856
946	1	1	1	0.0	0	False	0.25	5.0	1.5	70	0.008	25.0	NA	succeed	early_stop_succeed	2100	39.966747073463196	39.970187463108594	-30	0.24557818139099097
947	1	1	1	0.0	0	False	0.25	5.0	2.0	70	0.008	25.0	NA	succeed	early_stop_succeed	2350	39.87418392147887	39.94932498173202	-30	0.24172617216460096
948	1	1	1	0.0	0	False	0.25	5.0	3.0	70	0.008	25.0	NA	succeed	early_stop_succeed	2050	40.10093314473786	40.07753079142628	-30	0.24605646719310595
949	1	1	1	0.0	0	False	0.25	5.0	5.0	70	0.008	25.0	NA	succeed	early_stop_succeed	2100	40.358521935348975	40.39541291565707	-30	0.2520717481041849
950	1	1	1	0.0	0	False	0.3	3.0	1.1	70	0.008	25.0	NA	extinct	population_extinct	100000	NA	NA	NA	NA
951	1	1	1	0.0	0	False	0.3	3.0	1.5	70	0.008	25.0	NA	extinct	population_extinct	100000	NA	NA	NA	NA
952	1	1	1	0.0	0	False	0.3	3.0	2.0	70	0.008	25.0	NA	extinct	population_extinct	100000	NA	38.83607165404041	NA	NA
953	1	1	1	0.0	0	False	0.3	3.0	3.0	70	0.008	25.0	NA	succeed	early_stop_succeed	2250	39.887468230759254	39.90862664313923	-30	0.23192281447658505
954	1	1	1	0.0	0	False	0.3	3.0	5.0	70	0.008	25.0	NA	succeed	early_stop_succeed	2000	39.862670260305066	39.87782089764871	-30	0.23805651189751326
955	1	1	1	0.0	0	False	0.3	3.5	1.1	70	0.008	25.0	NA	extinct	population_extinct	100000	NA	NA	NA	NA
956	1	1	1	0.0	0	False	0.3	3.5	1.5	70	0.008	25.0	NA	extinct	population_extinct	100000	NA	NA	NA	NA
957	1	1	1	0.0	0	False	0.3	3.5	2.0	70	0.008	25.0	NA	succeed	early_stop_succeed	2150	39.71256055050319	39.72506579163224	-30	0.23897288939758876
958	1	1	1	0.0	0	False	0.3	3.5	3.0	70	0.008	25.0	NA	succeed	early_stop_succeed	2150	39.88365056999187	39.89156622468802	-30	0.19366876527752006
959	1	1	1	0.0	0	False	0.3	3.5	5.0	70	0.008	25.0	NA	succeed	early_stop_succeed	2000	39.850700420167044	39.869374390148934	-30	0.22904239535324675
960	1	1	1	0.0	0	False	0.3	4.0	1.1	70	0.008	25.0	NA	extinct	population_extinct	100000	NA	NA	NA	NA
961	1	1	1	0.0	0	False	0.3	4.0	1.5	70	0.008	25.0	NA	succeed	early_stop_succeed	2050	39.703786471663726	39.731166637864064	-30	0.26105847663901
962	1	1	1	0.0	0	False	0.3	4.0	2.0	70	0.008	25.0	NA	succeed	early_stop_succeed	2000	40.08832769855346	40.05919907379402	-30	0.2677413719662984
963	1	1	1	0.0	0	False	0.3	4.0	3.0	70	0.008	25.0	NA	succeed	early_stop_succeed	2100	40.06609374391101	40.04589957682033	-30	0.2323883757919046
964	1	1	1	0.0	0	False	0.3	4.0	5.0	70	0.008	25.0	NA	succeed	early_stop_succeed	2650	40.138563998317544	40.16948246006036	-30	0.2382005460013987
965	1	1	1	0.0	0	False	0.3	4.5	1.1	70	0.008	25.0	NA	extinct	population_extinct	100000	NA	39.5141215390114	NA	NA
966	1	1	1	0.0	0	False	0.3	4.5	1.5	70	0.008	25.0	NA	succeed	early_stop_succeed	2000	40.03262095259332	40.0396853640035	-30	0.22955776444537715
967	1	1	1	0.0	0	False	0.3	4.5	2.0	70	0.008	25.0	NA	succeed	early_stop_succeed	2500	39.972025400553946	39.972587969929315	-30	0.22371963756451904
968	1	1	1	0.0	0	False	0.3	4.5	3.0	70	0.008	25.0	NA	succeed	early_stop_succeed	2450	40.16910165495485	40.214543378433	-30	0.1860654915609308
969	1	1	1	0.0	0	False	0.3	4.5	5.0	70	0.008	25.0	NA	succeed	early_stop_succeed	3350	40.83497253637327	40.84436164293645	-29	0.15552612529584237
970	1	1	1	0.0	0	False	0.3	5.0	1.1	70	0.008	25.0	NA	succeed	early_stop_succeed	2000	40.017857583947205	40.03931632631662	-30	0.23094559776174317
971	1	1	1	0.0	0	False	0.3	5.0	1.5	70	0.008	25.0	NA	succeed	early_stop_succeed	2200	39.85435825175733	39.826202341608	-30	0.2197668496522523
972	1	1	1	0.0	0	False	0.3	5.0	2.0	70	0.008	25.0	NA	succeed	early_stop_succeed	2000	40.0522161897983	40.07813947928718	-30	0.25464877975225436
973	1	1	1	0.0	0	False	0.3	5.0	3.0	70	0.008	25.0	NA	succeed	early_stop_succeed	2000	40.072643636300484	40.11063339342694	-30	0.23374975657601746
974	1	1	1	0.0	0	False	0.3	5.0	5.0	70	0.008	25.0	NA	succeed	early_stop_succeed	3150	40.87056528185389	40.89002802805609	-30	0.1991602167402456
975	1	1	1	0.0	0	False	0.35	3.0	1.1	70	0.008	25.0	NA	extinct	population_extinct	100000	NA	NA	NA	NA
976	1	1	1	0.0	0	False	0.35	3.0	1.5	70	0.008	25.0	NA	extinct	population_extinct	100000	NA	NA	NA	NA
977	1	1	1	0.0	0	False	0.35	3.0	2.0	70	0.008	25.0	NA	extinct	population_extinct	100000	NA	NA	NA	NA
978	1	1	1	0.0	0	False	0.35	3.0	3.0	70	0.008	25.0	NA	succeed	early_stop_succeed	2000	39.8522270292973	39.86834249825767	-30	0.2435931574340342
979	1	1	1	0.0	0	False	0.35	3.0	5.0	70	0.008	25.0	NA	succeed	early_stop_succeed	2100	39.84099960429286	39.84849940574419	-30	0.25191728204836494
980	1	1	1	0.0	0	False	0.35	3.5	1.1	70	0.008	25.0	NA	extinct	population_extinct	100000	NA	NA	NA	NA
981	1	1	1	0.0	0	False	0.35	3.5	1.5	70	0.008	25.0	NA	extinct	population_extinct	100000	NA	NA	NA	NA
982	1	1	1	0.0	0	False	0.35	3.5	2.0	70	0.008	25.0	NA	succeed	early_stop_succeed	3350	39.47335978641813	39.45863493467601	-31	0.14542511946353046
983	1	1	1	0.0	0	False	0.35	3.5	3.0	70	0.008	25.0	NA	succeed	early_stop_succeed	2000	39.87135013268998	39.871919239382535	-30	0.24638784497401528
984	1	1	1	0.0	0	False	0.35	3.5	5.0	70	0.008	25.0	NA	succeed	early_stop_succeed	2400	39.830123729153456	39.82465780373078	-30	0.19677539653765996
985	1	1	1	0.0	0	False	0.35	4.0	1.1	70	0.008	25.0	NA	extinct	population_extinct	100000	NA	NA	NA	NA
986	1	1	1	0.0	0	False	0.35	4.0	1.5	70	0.008	25.0	NA	succeed	early_stop_succeed	2300	39.732944985118806	39.71558212687518	-30	0.20822822731493118
987	1	1	1	0.0	0	False	0.35	4.0	2.0	70	0.008	25.0	NA	succeed	early_stop_succeed	2200	39.97205402176749	39.96776518033885	-30	0.23694417770092197
988	1	1	1	0.0	0	False	0.35	4.0	3.0	70	0.008	25.0	NA	succeed	early_stop_succeed	2150	40.004311510608474	40.02280352980233	-30	0.22621257494467453
989	1	1	1	0.0	0	False	0.35	4.0	5.0	70	0.008	25.0	NA	succeed	early_stop_succeed	2200	40.32502798287644	40.340282954213826	-30	0.22344246665876782
990	1	1	1	0.0	0	False	0.35	4.5	1.1	70	0.008	25.0	NA	extinct	population_extinct	100000	NA	39.96781874039939	NA	NA
991	1	1	1	0.0	0	False	0.35	4.5	1.5	70	0.008	25.0	NA	succeed	early_stop_succeed	2050	40.003621033842826	40.00752805294662	-30	0.23115790336239855
992	1	1	1	0.0	0	False	0.35	4.5	2.0	70	0.008	25.0	NA	succeed	early_stop_succeed	2000	39.9274087919425	39.8977618040307	-30	0.22889934858532507
993	1	1	1	0.0	0	False	0.35	4.5	3.0	70	0.008	25.0	NA	succeed	early_stop_succeed	2000	40.018171397264325	40.03133434763474	-30	0.2721138863827451
994	1	1	1	0.0	0	False	0.35	4.5	5.0	70	0.008	25.0	NA	succeed	early_stop_succeed	2000	40.09738725960012	40.12229953005622	-30	0.26743998664825686
995	1	1	1	0.0	0	False	0.35	5.0	1.1	70	0.008	25.0	NA	succeed	early_stop_succeed	2000	39.77845741937718	39.7664841902258	-30	0.24753553591510355
996	1	1	1	0.0	0	False	0.35	5.0	1.5	70	0.008	25.0	NA	succeed	early_stop_succeed	2300	39.87803051306445	39.8633031386105	-30	0.225923093255434
997	1	1	1	0.0	0	False	0.35	5.0	2.0	70	0.008	25.0	NA	succeed	early_stop_succeed	2000	40.1119757282053	40.07473453722428	-30	0.233936197606105
998	1	1	1	0.0	0	False	0.35	5.0	3.0	70	0.008	25.0	NA	succeed	early_stop_succeed	2100	40.144288301826144	40.13629184109027	-30	0.22819481273819928
999	1	1	1	0.0	0	False	0.35	5.0	5.0	70	0.008	25.0	NA	succeed	early_stop_succeed	2900	40.35433407205421	40.31916271121749	-30	0.19032792374508367
1000	1	1	0	0.0	1	False	0.15	3.0	1.1	70	0.008	25.0	0.1	extinct	population_extinct	100000	NA	NA	NA	NA
1001	1	1	0	0.0	1	False	0.15	3.0	1.5	70	0.008	25.0	0.1	succeed	early_stop_succeed	2600	39.562967870634466	39.521302489525695	-30	0.2380342306705404
1002	1	1	0	0.0	1	False	0.15	3.0	2.0	70	0.008	25.0	0.1	succeed	early_stop_succeed	2000	39.923799657055	39.90659071010277	-30	0.2343557844763951
1003	1	1	0	0.0	1	False	0.15	3.0	3.0	70	0.008	25.0	0.1	succeed	early_stop_succeed	2000	39.98245672541934	39.998002532869705	-30	0.2372195796196055
1004	1	1	0	0.0	1	False	0.15	3.0	5.0	70	0.008	25.0	0.1	succeed	early_stop_succeed	2100	40.029803866465635	40.01511680405574	-30	0.22064410463275252
1005	1	1	0	0.0	1	False	0.15	3.5	1.1	70	0.008	25.0	0.1	succeed	early_stop_succeed	2000	39.86915373193888	39.86847429384866	-30	0.26933362662336297
1006	1	1	0	0.0	1	False	0.15	3.5	1.5	70	0.008	25.0	0.1	succeed	early_stop_succeed	2150	39.92061701260943	39.91965605845034	-30	0.23261352950308814
1007	1	1	0	0.0	1	False	0.15	3.5	2.0	70	0.008	25.0	0.1	succeed	early_stop_succeed	2100	40.10570196496166	40.09435692197614	-30	0.22642749012105376
1008	1	1	0	0.0	1	False	0.15	3.5	3.0	70	0.008	25.0	0.1	succeed	early_stop_succeed	2550	40.19895201942062	40.21488245213631	-30	0.2090430120301848
1009	1	1	0	0.0	1	False	0.15	3.5	5.0	70	0.008	25.0	0.1	succeed	early_stop_succeed	2400	40.019919146195626	40.038020086549835	-30	0.18617020351618607
1010	1	1	0	0.0	1	False	0.15	4.0	1.1	70	0.008	25.0	0.1	succeed	early_stop_succeed	2800	39.679537781131664	39.68919848520487	-30	0.1922335889749423
1011	1	1	0	0.0	1	False	0.15	4.0	1.5	70	0.008	25.0	0.1	succeed	early_stop_succeed	2250	39.854214181472265	39.83919575604284	-30	0.21475202055815218
1012	1	1	0	0.0	1	False	0.15	4.0	2.0	70	0.008	25.0	0.1	succeed	early_stop_succeed	2000	39.95259381285044	39.96384834527397	-30	0.24552875571135466
1013	1	1	0	0.0	1	False	0.15	4.0	3.0	70	0.008	25.0	0.1	succeed	early_stop_succeed	2300	40.33275719435758	40.30114614965908	-30	0.22434280994206598
1014	1	1	0	0.0	1	False	0.15	4.0	5.0	70	0.008	25.0	0.1	succeed	early_stop_succeed	4450	41.08687125208724	41.07724107617748	-30	0.1331206910414042
1015	1	1	0	0.0	1	False	0.15	4.5	1.1	70	0.008	25.0	0.1	succeed	early_stop_succeed	2150	40.165045704521305	40.148904965205375	-30	0.22793234940556284
1016	1	1	0	0.0	1	False	0.15	4.5	1.5	70	0.008	25.0	0.1	succeed	early_stop_succeed	2000	40.059020298243105	40.067564888911654	-30	0.2485097715579749
1017	1	1	0	0.0	1	False	0.15	4.5	2.0	70	0.008	25.0	0.1	succeed	early_stop_succeed	2000	40.103054025984974	40.092785991272265	-30	0.25458805834047504
1018	1	1	0	0.0	1	False	0.15	4.5	3.0	70	0.008	25.0	0.1	succeed	early_stop_succeed	3450	40.54850741349905	40.560138503878626	-30	0.16869682600377633
1019	1	1	0	0.0	1	False	0.15	4.5	5.0	70	0.008	25.0	0.1	succeed	early_stop_succeed	4250	40.936740029022715	40.97448295690125	-29	0.15018161586845266
1020	1	1	0	0.0	1	False	0.15	5.0	1.1	70	0.008	25.0	0.1	succeed	early_stop_succeed	2400	40.22663813953715	40.229029091722296	-30	0.20065557031823023
1021	1	1	0	0.0	1	False	0.15	5.0	1.5	70	0.008	25.0	0.1	succeed	early_stop_succeed	2200	40.14801877151644	40.145883785621436	-30	0.23059069243511254
1022	1	1	0	0.0	1	False	0.15	5.0	2.0	70	0.008	25.0	0.1	succeed	early_stop_succeed	2000	40.3398171914308	40.340637847573134	-30	0.25795805012156814
1023	1	1	0	0.0	1	False	0.15	5.0	3.0	70	0.008	25.0	0.1	succeed	early_stop_succeed	2400	40.31983440937405	40.32513297060961	-30	0.22161013124451845
1024	1	1	0	0.0	1	False	0.15	5.0	5.0	70	0.008	25.0	0.1	succeed	early_stop_succeed	3750	40.90642578361871	40.90483295709789	-28	0.1590564874195319
1025	1	1	0	0.0	1	False	0.2	3.0	1.1	70	0.008	25.0	0.1	extinct	population_extinct	100000	NA	NA	NA	NA
1026	1	1	0	0.0	1	False	0.2	3.0	1.5	70	0.008	25.0	0.1	extinct	population_extinct	100000	NA	NA	NA	NA
1027	1	1	0	0.0	1	False	0.2	3.0	2.0	70	0.008	25.0	0.1	succeed	early_stop_succeed	2050	39.854452885926804	39.842496504821774	-30	0.23601627417361137
1028	1	1	0	0.0	1	False	0.2	3.0	3.0	70	0.008	25.0	0.1	succeed	early_stop_succeed	2000	39.9235392871224	39.9244179589289	-30	0.24978383493522582
1029	1	1	0	0.0	1	False	0.2	3.0	5.0	70	0.008	25.0	0.1	succeed	early_stop_succeed	2000	39.82624537835995	39.80625467336793	-30	0.24087398561721265
1030	1	1	0	0.0	1	False	0.2	3.5	1.1	70	0.008	25.0	0.1	extinct	population_extinct	100000	NA	NA	NA	NA
1031	1	1	0	0.0	1	False	0.2	3.5	1.5	70	0.008	25.0	0.1	succeed	early_stop_succeed	2950	39.45129849562695	39.450042896418104	-31	0.17265014733468198
1032	1	1	0	0.0	1	False	0.2	3.5	2.0	70	0.008	25.0	0.1	succeed	early_stop_succeed	2350	39.95384810929382	39.943551965302	-30	0.22288966777396657
1033	1	1	0	0.0	1	False	0.2	3.5	3.0	70	0.008	25.0	0.1	succeed	early_stop_succeed	2100	40.075717144754684	40.1018408370952	-30	0.23002371036000735
1034	1	1	0	0.0	1	False	0.2	3.5	5.0	70	0.008	25.0	0.1	succeed	early_stop_succeed	2000	39.77472580526021	39.79094928958418	-30	0.2533228697549588
1035	1	1	0	0.0	1	False	0.2	4.0	1.1	70	0.008	25.0	0.1	succeed	early_stop_succeed	2000	39.912455381699054	39.9562508328735	-30	0.23121061827565953
1036	1	1	0	0.0	1	False	0.2	4.0	1.5	70	0.008	25.0	0.1	succeed	early_stop_succeed	2000	39.89663602110294	39.87946414870404	-30	0.27168970317628877
1037	1	1	0	0.0	1	False	0.2	4.0	2.0	70	0.008	25.0	0.1	succeed	early_stop_succeed	2200	40.065865970332716	40.06460989397228	-30	0.2267683952905567
1038	1	1	0	0.0	1	False	0.2	4.0	3.0	70	0.008	25.0	0.1	succeed	early_stop_succeed	2100	40.18755003704095	40.15937447902696	-30	0.23352746648706582
1039	1	1	0	0.0	1	False	0.2	4.0	5.0	70	0.008	25.0	0.1	succeed	early_stop_succeed	2250	40.275293428466846	40.253975440919426	-30	0.23759779298163494
1040	1	1	0	0.0	1	False	0.2	4.5	1.1	70	0.008	25.0	0.1	succeed	early_stop_succeed	2000	39.940644895533815	39.92092480650809	-30	0.20546621648907334
1041	1	1	0	0.0	1	False	0.2	4.5	1.5	70	0.008	25.0	0.1	succeed	early_stop_succeed	2000	39.97325314503993	39.99363531214536	-30	0.2618635370104565
1042	1	1	0	0.0	1	False	0.2	4.5	2.0	70	0.008	25.0	0.1	succeed	early_stop_succeed	2500	40.343607179524476	40.374463737605474	-30	0.20051764830326868
1043	1	1	0	0.0	1	False	0.2	4.5	3.0	70	0.008	25.0	0.1	succeed	early_stop_succeed	3000	40.5292456981554	40.52425916050815	-30	0.1776520572895192
1044	1	1	0	0.0	1	False	0.2	4.5	5.0	70	0.008	25.0	0.1	succeed	early_stop_succeed	2300	40.30603047164166	40.29843675953094	-30	0.257686609897292
1045	1	1	0	0.0	1	False	0.2	5.0	1.1	70	0.008	25.0	0.1	succeed	early_stop_succeed	2150	39.81007421295771	39.83582033817238	-30	0.24250129746903717
1046	1	1	0	0.0	1	False	0.2	5.0	1.5	70	0.008	25.0	0.1	succeed	early_stop_succeed	2050	40.09304665187638	40.10019250283123	-30	0.2464382473636131
1047	1	1	0	0.0	1	False	0.2	5.0	2.0	70	0.008	25.0	0.1	succeed	early_stop_succeed	2350	40.32074410804487	40.32757246580182	-30	0.23137602383518488
1048	1	1	0	0.0	1	False	0.2	5.0	3.0	70	0.008	25.0	0.1	succeed	early_stop_succeed	2750	40.32731167869447	40.32512193537081	-30	0.20298600171220396
1049	1	1	0	0.0	1	False	0.2	5.0	5.0	70	0.008	25.0	0.1	succeed	early_stop_succeed	2050	40.08246758874088	40.08188821856669	-30	0.2561962566103006
1050	1	1	0	0.0	1	False	0.25	3.0	1.1	70	0.008	25.0	0.1	extinct	population_extinct	100000	NA	NA	NA	NA
1051	1	1	0	0.0	1	False	0.25	3.0	1.5	70	0.008	25.0	0.1	extinct	population_extinct	100000	NA	NA	NA	NA
1052	1	1	0	0.0	1	False	0.25	3.0	2.0	70	0.008	25.0	0.1	succeed	early_stop_succeed	2000	39.71679178781148	39.6928355068471	-30	0.23781065543383864
1053	1	1	0	0.0	1	False	0.25	3.0	3.0	70	0.008	25.0	0.1	succeed	early_stop_succeed	2200	39.9095008002345	39.89199801144436	-30	0.22004173775344296
1054	1	1	0	0.0	1	False	0.25	3.0	5.0	70	0.008	25.0	0.1	succeed	early_stop_succeed	2350	39.92115402500515	39.93970235302194	-30	0.22380251728935124
1055	1	1	0	0.0	1	False	0.25	3.5	1.1	70	0.008	25.0	0.1	extinct	population_extinct	100000	NA	NA	NA	NA
1056	1	1	0	0.0	1	False	0.25	3.5	1.5	70	0.008	25.0	0.1	succeed	early_stop_succeed	2250	40.10717546932284	40.02278845059678	-30	0.25688423293962925
1057	1	1	0	0.0	1	False	0.25	3.5	2.0	70	0.008	25.0	0.1	succeed	early_stop_succeed	2050	39.76306449523571	39.71883855418448	-30	0.24011293336014355
1058	1	1	0	0.0	1	False	0.25	3.5	3.0	70	0.008	25.0	0.1	succeed	early_stop_succeed	2000	39.86540628935459	39.87379211580581	-30	0.23404995631828668
1059	1	1	0	0.0	1	False	0.25	3.5	5.0	70	0.008	25.0	0.1	succeed	early_stop_succeed	2350	39.98489560934004	39.98335254977078	-30	0.20323135461682132
1060	1	1	0	0.0	1	False	0.25	4.0	1.1	70	0.008	25.0	0.1	extinct	population_extinct	100000	NA	NA	NA	NA
1061	1	1	0	0.0	1	False	0.25	4.0	1.5	70	0.008	25.0	0.1	succeed	early_stop_succeed	2000	39.810038925538095	39.83061024912447	-30	0.2598411283443883
1062	1	1	0	0.0	1	False	0.25	4.0	2.0	70	0.008	25.0	0.1	succeed	early_stop_succeed	2000	40.08015032236457	40.076521842139364	-30	0.23573470852095277
1063	1	1	0	0.0	1	False	0.25	4.0	3.0	70	0.008	25.0	0.1	succeed	early_stop_succeed	2200	40.142629440255654	40.135073918664276	-30	0.20848948985012547
1064	1	1	0	0.0	1	False	0.25	4.0	5.0	70	0.008	25.0	0.1	succeed	early_stop_succeed	5100	40.98683158461982	41.01420432695243	-28	0.11736727103172441
1065	1	1	0	0.0	1	False	0.25	4.5	1.1	70	0.008	25.0	0.1	succeed	early_stop_succeed	2000	40.08502284846182	40.105614640556894	-30	0.24282183861287518
1066	1	1	0	0.0	1	False	0.25	4.5	1.5	70	0.008	25.0	0.1	succeed	early_stop_succeed	2450	40.133724453675285	40.12601236191845	-30	0.20383600647063851
1067	1	1	0	0.0	1	False	0.25	4.5	2.0	70	0.008	25.0	0.1	succeed	early_stop_succeed	2050	40.02362401681131	40.00916841032815	-30	0.2545041307673397
1068	1	1	0	0.0	1	False	0.25	4.5	3.0	70	0.008	25.0	0.1	succeed	early_stop_succeed	2400	40.294981344114596	40.29656023986426	-30	0.24166934241855823
1069	1	1	0	0.0	1	False	0.25	4.5	5.0	70	0.008	25.0	0.1	succeed	early_stop_succeed	2300	40.48338585196415	40.49140175708422	-30	0.2360967887960513
1070	1	1	0	0.0	1	False	0.25	5.0	1.1	70	0.008	25.0	0.1	succeed	early_stop_succeed	2350	39.90840256910965	39.89045982454779	-30	0.2114265851943741
1071	1	1	0	0.0	1	False	0.25	5.0	1.5	70	0.008	25.0	0.1	succeed	early_stop_succeed	2500	39.867367375808676	39.87839810293548	-30	0.21026683089288553
1072	1	1	0	0.0	1	False	0.25	5.0	2.0	70	0.008	25.0	0.1	succeed	early_stop_succeed	3400	40.41733790909903	40.451801460329385	-30	0.18198517015150475
1073	1	1	0	0.0	1	False	0.25	5.0	3.0	70	0.008	25.0	0.1	succeed	early_stop_succeed	2800	40.59868360349126	40.59938999014926	-30	0.16294265570719163
1074	1	1	0	0.0	1	False	0.25	5.0	5.0	70	0.008	25.0	0.1	succeed	early_stop_succeed	3200	40.69727155211755	40.66356599694954	-30	0.1645945038255046
1075	1	1	0	0.0	1	False	0.3	3.0	1.1	70	0.008	25.0	0.1	extinct	population_extinct	100000	NA	NA	NA	NA
1076	1	1	0	0.0	1	False	0.3	3.0	1.5	70	0.008	25.0	0.1	extinct	population_extinct	100000	NA	NA	NA	NA
1077	1	1	0	0.0	1	False	0.3	3.0	2.0	70	0.008	25.0	0.1	extinct	population_extinct	100000	NA	41.60184942315264	NA	NA
1078	1	1	0	0.0	1	False	0.3	3.0	3.0	70	0.008	25.0	0.1	succeed	early_stop_succeed	2000	39.866839590609665	39.876961897508444	-30	0.265181656175762
1079	1	1	0	0.0	1	False	0.3	3.0	5.0	70	0.008	25.0	0.1	succeed	early_stop_succeed	2000	39.86684302704952	39.85221868847938	-30	0.24828569384806654
1080	1	1	0	0.0	1	False	0.3	3.5	1.1	70	0.008	25.0	0.1	extinct	population_extinct	100000	NA	NA	NA	NA
1081	1	1	0	0.0	1	False	0.3	3.5	1.5	70	0.008	25.0	0.1	extinct	population_extinct	100000	NA	39.65758235931674	NA	NA
1082	1	1	0	0.0	1	False	0.3	3.5	2.0	70	0.008	25.0	0.1	succeed	early_stop_succeed	2000	39.91062282629305	39.91455780120469	-30	0.24399832605539082
1083	1	1	0	0.0	1	False	0.3	3.5	3.0	70	0.008	25.0	0.1	succeed	early_stop_succeed	2050	39.76483757365958	39.77482866746185	-30	0.21517842950719904
1084	1	1	0	0.0	1	False	0.3	3.5	5.0	70	0.008	25.0	0.1	succeed	early_stop_succeed	2000	39.81523921892242	39.84707399810234	-30	0.22408876258437155
1085	1	1	0	0.0	1	False	0.3	4.0	1.1	70	0.008	25.0	0.1	extinct	population_extinct	100000	NA	NA	NA	NA
1086	1	1	0	0.0	1	False	0.3	4.0	1.5	70	0.008	25.0	0.1	succeed	early_stop_succeed	2350	39.62364256254027	39.588540072896315	-30	0.2472043062240582
1087	1	1	0	0.0	1	False	0.3	4.0	2.0	70	0.008	25.0	0.1	succeed	early_stop_succeed	2350	39.82904849729596	39.82890636384754	-30	0.2304680825550759
1088	1	1	0	0.0	1	False	0.3	4.0	3.0	70	0.008	25.0	0.1	succeed	early_stop_succeed	2000	40.109116319906974	40.061373573130155	-30	0.25495166942193503
1089	1	1	0	0.0	1	False	0.3	4.0	5.0	70	0.008	25.0	0.1	succeed	early_stop_succeed	2000	40.125409241846434	40.11475734222042	-30	0.2378231637455121
1090	1	1	0	0.0	1	False	0.3	4.5	1.1	70	0.008	25.0	0.1	extinct	population_extinct	100000	NA	39.99231257428951	NA	NA
1091	1	1	0	0.0	1	False	0.3	4.5	1.5	70	0.008	25.0	0.1	succeed	early_stop_succeed	2350	40.135426840988714	40.15215045052625	-30	0.2247080829163301
1092	1	1	0	0.0	1	False	0.3	4.5	2.0	70	0.008	25.0	0.1	succeed	early_stop_succeed	2450	40.31890221889935	40.316201995850626	-30	0.22681843314529948
1093	1	1	0	0.0	1	False	0.3	4.5	3.0	70	0.008	25.0	0.1	succeed	early_stop_succeed	2000	40.00153088182489	40.025463043097915	-30	0.23767639542785957
1094	1	1	0	0.0	1	False	0.3	4.5	5.0	70	0.008	25.0	0.1	succeed	early_stop_succeed	3450	40.64466426117525	40.66544998617475	-31	0.15890221254315423
1095	1	1	0	0.0	1	False	0.3	5.0	1.1	70	0.008	25.0	0.1	succeed	early_stop_succeed	2300	39.97664058340889	39.97006565843024	-30	0.2194952867421211
1096	1	1	0	0.0	1	False	0.3	5.0	1.5	70	0.008	25.0	0.1	succeed	early_stop_succeed	2000	39.986131801325094	39.97558747077311	-30	0.2414506911133395
1097	1	1	0	0.0	1	False	0.3	5.0	2.0	70	0.008	25.0	0.1	succeed	early_stop_succeed	2000	40.091124916416405	40.08557409512515	-30	0.2509413761581624
1098	1	1	0	0.0	1	False	0.3	5.0	3.0	70	0.008	25.0	0.1	succeed	early_stop_succeed	2000	40.05183610304823	40.054668522116295	-30	0.27038199243813793
1099	1	1	0	0.0	1	False	0.3	5.0	5.0	70	0.008	25.0	0.1	succeed	early_stop_succeed	3200	40.652384907201224	40.66303131809336	-30	0.16954936490375988
1100	1	1	0	0.0	1	False	0.35	3.0	1.1	70	0.008	25.0	0.1	extinct	population_extinct	100000	NA	NA	NA	NA
1101	1	1	0	0.0	1	False	0.35	3.0	1.5	70	0.008	25.0	0.1	extinct	population_extinct	100000	NA	NA	NA	NA
1102	1	1	0	0.0	1	False	0.35	3.0	2.0	70	0.008	25.0	0.1	extinct	population_extinct	100000	NA	NA	NA	NA
1103	1	1	0	0.0	1	False	0.35	3.0	3.0	70	0.008	25.0	0.1	succeed	early_stop_succeed	2400	39.84121191623372	39.860487232957645	-30	0.2196653451707782
1104	1	1	0	0.0	1	False	0.35	3.0	5.0	70	0.008	25.0	0.1	succeed	early_stop_succeed	2000	39.915777455592135	39.915206500517144	-30	0.26692172559604344
1105	1	1	0	0.0	1	False	0.35	3.5	1.1	70	0.008	25.0	0.1	extinct	population_extinct	100000	NA	NA	NA	NA
1106	1	1	0	0.0	1	False	0.35	3.5	1.5	70	0.008	25.0	0.1	extinct	population_extinct	100000	NA	NA	NA	NA
1107	1	1	0	0.0	1	False	0.35	3.5	2.0	70	0.008	25.0	0.1	succeed	early_stop_succeed	2000	39.7891371994386	39.76858899503919	-30	0.2588943791510393
1108	1	1	0	0.0	1	False	0.35	3.5	3.0	70	0.008	25.0	0.1	succeed	early_stop_succeed	2400	39.743284890015865	39.73775963843917	-30	0.21066778660179547
1109	1	1	0	0.0	1	False	0.35	3.5	5.0	70	0.008	25.0	0.1	succeed	early_stop_succeed	2000	39.944348903071955	39.974236593998974	-30	0.2546750950768421
1110	1	1	0	0.0	1	False	0.35	4.0	1.1	70	0.008	25.0	0.1	extinct	population_extinct	100000	NA	NA	NA	NA
1111	1	1	0	0.0	1	False	0.35	4.0	1.5	70	0.008	25.0	0.1	succeed	early_stop_succeed	3100	39.623074697477975	39.59589332356622	-30	0.16704479166437525
1112	1	1	0	0.0	1	False	0.35	4.0	2.0	70	0.008	25.0	0.1	succeed	early_stop_succeed	2250	39.90289288703641	39.91549689580501	-30	0.20323333817813652
1113	1	1	0	0.0	1	False	0.35	4.0	3.0	70	0.008	25.0	0.1	succeed	early_stop_succeed	2050	40.060117143696445	40.04856337542186	-30	0.2366560557144795
1114	1	1	0	0.0	1	False	0.35	4.0	5.0	70	0.008	25.0	0.1	succeed	early_stop_succeed	2450	40.11448364955712	40.10969921179187	-30	0.1984366468830549
1115	1	1	0	0.0	1	False	0.35	4.5	1.1	70	0.008	25.0	0.1	extinct	population_extinct	100000	NA	39.99848599966194	NA	NA
1116	1	1	0	0.0	1	False	0.35	4.5	1.5	70	0.008	25.0	0.1	succeed	early_stop_succeed	2000	39.7288695174734	39.77894444789743	-30	0.2565997322162099
1117	1	1	0	0.0	1	False	0.35	4.5	2.0	70	0.008	25.0	0.1	succeed	early_stop_succeed	2000	40.04766785345407	40.01337030203723	-30	0.25810753745368553
1118	1	1	0	0.0	1	False	0.35	4.5	3.0	70	0.008	25.0	0.1	succeed	early_stop_succeed	2450	40.18224501659152	40.21175923543597	-30	0.21282991876411525
1119	1	1	0	0.0	1	False	0.35	4.5	5.0	70	0.008	25.0	0.1	succeed	early_stop_succeed	3100	40.430200857953515	40.443142987675195	-30	0.18688936789703006
1120	1	1	0	0.0	1	False	0.35	5.0	1.1	70	0.008	25.0	0.1	succeed	early_stop_succeed	2950	39.514038408737996	39.52999245237391	-30	0.18403983698066884
1121	1	1	0	0.0	1	False	0.35	5.0	1.5	70	0.008	25.0	0.1	succeed	early_stop_succeed	2100	39.81770839683351	39.81196185253989	-30	0.22190685054242695
1122	1	1	0	0.0	1	False	0.35	5.0	2.0	70	0.008	25.0	0.1	succeed	early_stop_succeed	2150	40.23525023396957	40.214649645961444	-30	0.2462469108852375
1123	1	1	0	0.0	1	False	0.35	5.0	3.0	70	0.008	25.0	0.1	succeed	early_stop_succeed	2250	40.36827114325141	40.39994793058098	-30	0.2295076458503086
1124	1	1	0	0.0	1	False	0.35	5.0	5.0	70	0.008	25.0	0.1	succeed	early_stop_succeed	2000	40.142697293158605	40.16384567494162	-30	0.2584858772579644
1125	1	0	1	0.0	1	False	0.15	3.0	1.1	70	NA	NA	0.1	failed	early_stop_failed	5250	>46	46.493045428442365	-22	0.13527386241495795
1126	1	0	1	0.0	1	False	0.15	3.0	1.5	70	NA	NA	0.1	failed	early_stop_failed	5150	>46	46.847147909520395	-23	0.11394350955101623
1127	1	0	1	0.0	1	False	0.15	3.0	2.0	70	NA	NA	0.1	failed	early_stop_failed	3800	>46	47.540831167901295	-24	0.07979654928157448
1128	1	0	1	0.0	1	False	0.15	3.0	3.0	70	NA	NA	0.1	failed	early_stop_failed	4850	>46	46.674023504974926	-22	0.139870584472494
1129	1	0	1	0.0	1	False	0.15	3.0	5.0	70	NA	NA	0.1	failed	early_stop_failed	4800	>46	46.823316693481786	-24	0.10364078043848451
1130	1	0	1	0.0	1	False	0.15	3.5	1.1	70	NA	NA	0.1	failed	early_stop_failed	4900	>46	46.4330470902355	-23	0.13029976849258584
1131	1	0	1	0.0	1	False	0.15	3.5	1.5	70	NA	NA	0.1	failed	early_stop_failed	4750	>46	46.86303191801856	-24	0.11581212857794589
1132	1	0	1	0.0	1	False	0.15	3.5	2.0	70	NA	NA	0.1	failed	early_stop_failed	4800	>46	46.81852933780816	-20	0.09482763867531324
1133	1	0	1	0.0	1	False	0.15	3.5	3.0	70	NA	NA	0.1	failed	early_stop_failed	4900	>46	46.67037943985533	-22	0.13062043343552998
1134	1	0	1	0.0	1	False	0.15	3.5	5.0	70	NA	NA	0.1	failed	early_stop_failed	5300	>46	46.74039834143914	-24	0.12574602925918493
1135	1	0	1	0.0	1	False	0.15	4.0	1.1	70	NA	NA	0.1	failed	early_stop_failed	4450	>46	47.062811388593616	-26	0.0989663376721178
1136	1	0	1	0.0	1	False	0.15	4.0	1.5	70	NA	NA	0.1	failed	early_stop_failed	4650	>46	46.687799493871175	-22	0.11361332785280703
1137	1	0	1	0.0	1	False	0.15	4.0	2.0	70	NA	NA	0.1	failed	early_stop_failed	4500	>46	46.898356726966945	-24	0.08489797861781431
1138	1	0	1	0.0	1	False	0.15	4.0	3.0	70	NA	NA	0.1	failed	early_stop_failed	5000	>46	46.54211901270005	-24	0.12701113550590085
1139	1	0	1	0.0	1	False	0.15	4.0	5.0	70	NA	NA	0.1	failed	early_stop_failed	4950	>46	46.63907443475659	-24	0.11724654521172781
1140	1	0	1	0.0	1	False	0.15	4.5	1.1	70	NA	NA	0.1	failed	early_stop_failed	5050	>46	46.80771886310325	-23	0.11542082871267752
1141	1	0	1	0.0	1	False	0.15	4.5	1.5	70	NA	NA	0.1	failed	early_stop_failed	4650	>46	46.599863994646334	-23	0.13981997620727976
1142	1	0	1	0.0	1	False	0.15	4.5	2.0	70	NA	NA	0.1	failed	early_stop_failed	5000	>46	46.546381813528164	-21	0.1235983818282255
1143	1	0	1	0.0	1	False	0.15	4.5	3.0	70	NA	NA	0.1	failed	early_stop_failed	4550	>46	46.68807697810516	-23	0.12843241148446713
1144	1	0	1	0.0	1	False	0.15	4.5	5.0	70	NA	NA	0.1	failed	early_stop_failed	4700	>46	46.56879267829444	-21	0.13373090205595003
1145	1	0	1	0.0	1	False	0.15	5.0	1.1	70	NA	NA	0.1	failed	early_stop_failed	4550	>46	47.06165128170529	-21	0.09406317130569106
1146	1	0	1	0.0	1	False	0.15	5.0	1.5	70	NA	NA	0.1	failed	early_stop_failed	5250	>46	46.711067392076075	-25	0.10804633018872702
1147	1	0	1	0.0	1	False	0.15	5.0	2.0	70	NA	NA	0.1	failed	early_stop_failed	4400	>46	46.583894274524695	-24	0.13937509108920001
1148	1	0	1	0.0	1	False	0.15	5.0	3.0	70	NA	NA	0.1	failed	early_stop_failed	4450	>46	46.985841605160196	-24	0.10465995291256107
1149	1	0	1	0.0	1	False	0.15	5.0	5.0	70	NA	NA	0.1	failed	early_stop_failed	4550	>46	46.72900926633428	-21	0.10972324724147105
1150	1	0	1	0.0	1	False	0.2	3.0	1.1	70	NA	NA	0.1	failed	early_stop_failed	4750	>46	46.60179357550715	-24	0.13397714097905414
1151	1	0	1	0.0	1	False	0.2	3.0	1.5	70	NA	NA	0.1	failed	early_stop_failed	4800	>46	46.59150326493413	-22	0.12732073087103843
1152	1	0	1	0.0	1	False	0.2	3.0	2.0	70	NA	NA	0.1	failed	early_stop_failed	4250	>46	46.89415218003141	-21	0.12212126745881832
1153	1	0	1	0.0	1	False	0.2	3.0	3.0	70	NA	NA	0.1	failed	early_stop_failed	5200	>46	46.6580745103041	-23	0.10851869469397739
1154	1	0	1	0.0	1	False	0.2	3.0	5.0	70	NA	NA	0.1	failed	early_stop_failed	4750	>46	46.81573850864626	-23	0.10534201446331588
1155	1	0	1	0.0	1	False	0.2	3.5	1.1	70	NA	NA	0.1	failed	early_stop_failed	4800	>46	46.56988563289029	-23	0.12464319685198762
1156	1	0	1	0.0	1	False	0.2	3.5	1.5	70	NA	NA	0.1	failed	early_stop_failed	4950	>46	46.5602909986748	-23	0.14659755331618668
1157	1	0	1	0.0	1	False	0.2	3.5	2.0	70	NA	NA	0.1	failed	early_stop_failed	5150	>46	46.676514111081495	-23	0.11974240855379832
1158	1	0	1	0.0	1	False	0.2	3.5	3.0	70	NA	NA	0.1	failed	early_stop_failed	5050	>46	46.57913457630925	-21	0.11551415379029537
1159	1	0	1	0.0	1	False	0.2	3.5	5.0	70	NA	NA	0.1	failed	early_stop_failed	4850	>46	46.79491417397711	-21	0.11830743206980271
1160	1	0	1	0.0	1	False	0.2	4.0	1.1	70	NA	NA	0.1	failed	early_stop_failed	4700	>46	47.257872811045104	-24	0.09776334999289465
1161	1	0	1	0.0	1	False	0.2	4.0	1.5	70	NA	NA	0.1	failed	early_stop_failed	4800	>46	46.64902309035437	-23	0.10433247428663378
1162	1	0	1	0.0	1	False	0.2	4.0	2.0	70	NA	NA	0.1	failed	early_stop_failed	4900	>46	46.5090892549664	-21	0.1264724721586931
1163	1	0	1	0.0	1	False	0.2	4.0	3.0	70	NA	NA	0.1	failed	early_stop_failed	5000	>46	46.529485817617996	-24	0.12120161317534903
1164	1	0	1	0.0	1	False	0.2	4.0	5.0	70	NA	NA	0.1	failed	early_stop_failed	4700	>46	46.505321575202515	-24	0.12826222566636813
1165	1	0	1	0.0	1	False	0.2	4.5	1.1	70	NA	NA	0.1	failed	early_stop_failed	4400	>46	46.97022620031289	-23	0.08999003325159484
1166	1	0	1	0.0	1	False	0.2	4.5	1.5	70	NA	NA	0.1	failed	early_stop_failed	5250	>46	46.809579327275664	-22	0.1217714473607634
1167	1	0	1	0.0	1	False	0.2	4.5	2.0	70	NA	NA	0.1	failed	early_stop_failed	4900	>46	46.481795006714016	-22	0.11662083514949499
1168	1	0	1	0.0	1	False	0.2	4.5	3.0	70	NA	NA	0.1	failed	early_stop_failed	5050	>46	46.278323962277454	-23	0.15746826010730358
1169	1	0	1	0.0	1	False	0.2	4.5	5.0	70	NA	NA	0.1	failed	early_stop_failed	5000	>46	46.60021227707077	-22	0.13680172065014445
1170	1	0	1	0.0	1	False	0.2	5.0	1.1	70	NA	NA	0.1	failed	early_stop_failed	5000	>46	46.78178746226463	-23	0.11857844770144473
1171	1	0	1	0.0	1	False	0.2	5.0	1.5	70	NA	NA	0.1	failed	early_stop_failed	4950	>46	46.702373667077	-22	0.12073743243712239
1172	1	0	1	0.0	1	False	0.2	5.0	2.0	70	NA	NA	0.1	failed	early_stop_failed	4250	>46	46.92459545965281	-25	0.09453559420643404
1173	1	0	1	0.0	1	False	0.2	5.0	3.0	70	NA	NA	0.1	failed	early_stop_failed	4700	>46	46.54532731845493	-24	0.11240288011046166
1174	1	0	1	0.0	1	False	0.2	5.0	5.0	70	NA	NA	0.1	failed	early_stop_failed	4500	>46	46.41483313621677	-23	0.13532251237678006
1175	1	0	1	0.0	1	False	0.25	3.0	1.1	70	NA	NA	0.1	failed	early_stop_failed	4250	>46	46.5709736953084	-24	0.1059137418935874
1176	1	0	1	0.0	1	False	0.25	3.0	1.5	70	NA	NA	0.1	failed	early_stop_failed	4800	>46	46.64448798451097	-21	0.13604729345179245
1177	1	0	1	0.0	1	False	0.25	3.0	2.0	70	NA	NA	0.1	failed	early_stop_failed	4850	>46	46.96008903235289	-23	0.09595295288360006
1178	1	0	1	0.0	1	False	0.25	3.0	3.0	70	NA	NA	0.1	failed	early_stop_failed	4800	>46	46.66469166475814	-20	0.11293222322242187
1179	1	0	1	0.0	1	False	0.25	3.0	5.0	70	NA	NA	0.1	failed	early_stop_failed	4750	>46	46.640984792823225	-22	0.12563954487901088
1180	1	0	1	0.0	1	False	0.25	3.5	1.1	70	NA	NA	0.1	failed	early_stop_failed	4350	>46	46.83007843490661	-22	0.1208376804105741
1181	1	0	1	0.0	1	False	0.25	3.5	1.5	70	NA	NA	0.1	failed	early_stop_failed	5100	>46	46.69045287180172	-24	0.12689010600086495
1182	1	0	1	0.0	1	False	0.25	3.5	2.0	70	NA	NA	0.1	failed	early_stop_failed	5700	>46	46.627651151688994	-23	0.1200377510296641
1183	1	0	1	0.0	1	False	0.25	3.5	3.0	70	NA	NA	0.1	failed	early_stop_failed	4550	>46	47.09068950334777	-18	0.10130081222997146
1184	1	0	1	0.0	1	False	0.25	3.5	5.0	70	NA	NA	0.1	failed	early_stop_failed	4300	>46	46.84154430413127	-21	0.08234061023718234
1185	1	0	1	0.0	1	False	0.25	4.0	1.1	70	NA	NA	0.1	failed	early_stop_failed	4900	>46	46.712717183643214	-25	0.11086045048635768
1186	1	0	1	0.0	1	False	0.25	4.0	1.5	70	NA	NA	0.1	failed	early_stop_failed	4900	>46	46.7276426804256	-24	0.1265438550714475
1187	1	0	1	0.0	1	False	0.25	4.0	2.0	70	NA	NA	0.1	failed	early_stop_failed	5250	>46	46.56000568205849	-23	0.12979105610241817
1188	1	0	1	0.0	1	False	0.25	4.0	3.0	70	NA	NA	0.1	failed	early_stop_failed	4250	>46	46.700978356470564	-23	0.11224769086040096
1189	1	0	1	0.0	1	False	0.25	4.0	5.0	70	NA	NA	0.1	failed	early_stop_failed	4900	>46	46.85524593096512	-23	0.11167773627348147
1190	1	0	1	0.0	1	False	0.25	4.5	1.1	70	NA	NA	0.1	failed	early_stop_failed	4850	>46	46.64491606659448	-23	0.1179218501337413
1191	1	0	1	0.0	1	False	0.25	4.5	1.5	70	NA	NA	0.1	failed	early_stop_failed	4600	>46	46.85523035761031	-23	0.11082349540239367
1192	1	0	1	0.0	1	False	0.25	4.5	2.0	70	NA	NA	0.1	failed	early_stop_failed	4550	>46	46.8683690536296	-24	0.10310207169237257
1193	1	0	1	0.0	1	False	0.25	4.5	3.0	70	NA	NA	0.1	failed	early_stop_failed	5300	>46	46.64895975156791	-23	0.13774925440702965
1194	1	0	1	0.0	1	False	0.25	4.5	5.0	70	NA	NA	0.1	failed	early_stop_failed	4550	>46	46.47948629488844	-23	0.15622869325806188
1195	1	0	1	0.0	1	False	0.25	5.0	1.1	70	NA	NA	0.1	failed	early_stop_failed	4950	>46	46.65519783091349	-23	0.11153733708788768
1196	1	0	1	0.0	1	False	0.25	5.0	1.5	70	NA	NA	0.1	failed	early_stop_failed	4700	>46	46.835849835308984	-22	0.12470081575424471
1197	1	0	1	0.0	1	False	0.25	5.0	2.0	70	NA	NA	0.1	failed	early_stop_failed	4350	>46	47.00396289790225	-18	0.08376707889665762
1198	1	0	1	0.0	1	False	0.25	5.0	3.0	70	NA	NA	0.1	failed	early_stop_failed	4850	>46	46.614419921594916	-24	0.12693833822377434
1199	1	0	1	0.0	1	False	0.25	5.0	5.0	70	NA	NA	0.1	failed	early_stop_failed	5400	>46	46.706485940618805	-23	0.12124063731168304
1200	1	0	1	0.0	1	False	0.3	3.0	1.1	70	NA	NA	0.1	extinct	population_extinct	100000	NA	NA	NA	NA
1201	1	0	1	0.0	1	False	0.3	3.0	1.5	70	NA	NA	0.1	failed	early_stop_failed	5000	>46	46.701023206596226	-22	0.12558703772811727
1202	1	0	1	0.0	1	False	0.3	3.0	2.0	70	NA	NA	0.1	failed	early_stop_failed	5000	>46	46.64887375281716	-24	0.12605773594398836
1203	1	0	1	0.0	1	False	0.3	3.0	3.0	70	NA	NA	0.1	failed	early_stop_failed	5250	>46	46.53633759670943	-24	0.14050954032018736
1204	1	0	1	0.0	1	False	0.3	3.0	5.0	70	NA	NA	0.1	failed	early_stop_failed	5050	>46	46.48426893598581	-22	0.12720570494814998
1205	1	0	1	0.0	1	False	0.3	3.5	1.1	70	NA	NA	0.1	failed	early_stop_failed	4950	>46	46.827248514074334	-24	0.11825722054318728
1206	1	0	1	0.0	1	False	0.3	3.5	1.5	70	NA	NA	0.1	failed	early_stop_failed	4950	>46	46.694049893804	-22	0.1331114205201155
1207	1	0	1	0.0	1	False	0.3	3.5	2.0	70	NA	NA	0.1	failed	early_stop_failed	5050	>46	46.55119903652646	-22	0.12319775391583804
1208	1	0	1	0.0	1	False	0.3	3.5	3.0	70	NA	NA	0.1	failed	early_stop_failed	5050	>46	46.440076815983105	-23	0.14640078322551736
1209	1	0	1	0.0	1	False	0.3	3.5	5.0	70	NA	NA	0.1	failed	early_stop_failed	5050	>46	46.67774237601022	-23	0.11993510588237496
1210	1	0	1	0.0	1	False	0.3	4.0	1.1	70	NA	NA	0.1	failed	early_stop_failed	4350	>46	46.72687411914191	-21	0.12137788699092418
1211	1	0	1	0.0	1	False	0.3	4.0	1.5	70	NA	NA	0.1	failed	early_stop_failed	4800	>46	46.52134154941334	-24	0.14455060614683668
1212	1	0	1	0.0	1	False	0.3	4.0	2.0	70	NA	NA	0.1	failed	early_stop_failed	5050	>46	46.454013002177106	-22	0.12347535963627776
1213	1	0	1	0.0	1	False	0.3	4.0	3.0	70	NA	NA	0.1	failed	early_stop_failed	4700	>46	46.69878382041833	-23	0.12330750763636981
1214	1	0	1	0.0	1	False	0.3	4.0	5.0	70	NA	NA	0.1	failed	early_stop_failed	5200	>46	46.578097347281876	-22	0.1148331427249458
1215	1	0	1	0.0	1	False	0.3	4.5	1.1	70	NA	NA	0.1	failed	early_stop_failed	4900	>46	46.47678216729479	-23	0.14171984110237054
1216	1	0	1	0.0	1	False	0.3	4.5	1.5	70	NA	NA	0.1	failed	early_stop_failed	4450	>46	46.72302061782109	-21	0.11824784823275689
1217	1	0	1	0.0	1	False	0.3	4.5	2.0	70	NA	NA	0.1	failed	early_stop_failed	4900	>46	46.59987086798611	-24	0.10648406640814696
1218	1	0	1	0.0	1	False	0.3	4.5	3.0	70	NA	NA	0.1	failed	early_stop_failed	5050	>46	46.57081812214886	-23	0.13855531839747826
1219	1	0	1	0.0	1	False	0.3	4.5	5.0	70	NA	NA	0.1	failed	early_stop_failed	4600	>46	46.57745633836136	-24	0.11852103382605378
1220	1	0	1	0.0	1	False	0.3	5.0	1.1	70	NA	NA	0.1	failed	early_stop_failed	4550	>46	46.68173080912483	-21	0.12147785288686387
1221	1	0	1	0.0	1	False	0.3	5.0	1.5	70	NA	NA	0.1	failed	early_stop_failed	4650	>46	46.58611889138021	-21	0.1189834561249122
1222	1	0	1	0.0	1	False	0.3	5.0	2.0	70	NA	NA	0.1	failed	early_stop_failed	5000	>46	46.7190983194239	-24	0.11679091581700582
1223	1	0	1	0.0	1	False	0.3	5.0	3.0	70	NA	NA	0.1	failed	early_stop_failed	4550	>46	46.54971839447325	-21	0.11615925542816323
1224	1	0	1	0.0	1	False	0.3	5.0	5.0	70	NA	NA	0.1	failed	early_stop_failed	4850	>46	46.53867186336346	-22	0.14229072335566645
1225	1	0	1	0.0	1	False	0.35	3.0	1.1	70	NA	NA	0.1	extinct	population_extinct	100000	NA	NA	NA	NA
1226	1	0	1	0.0	1	False	0.35	3.0	1.5	70	NA	NA	0.1	failed	early_stop_failed	4600	>46	46.51513284439112	-26	0.10896179330326346
1227	1	0	1	0.0	1	False	0.35	3.0	2.0	70	NA	NA	0.1	failed	early_stop_failed	4400	>46	46.754977666550744	-22	0.11355761178687303
1228	1	0	1	0.0	1	False	0.35	3.0	3.0	70	NA	NA	0.1	failed	early_stop_failed	4150	>46	46.87083756553824	-23	0.11290232946516564
1229	1	0	1	0.0	1	False	0.35	3.0	5.0	70	NA	NA	0.1	failed	early_stop_failed	4250	>46	47.40287729475972	-15	0.0984874213059356
1230	1	0	1	0.0	1	False	0.35	3.5	1.1	70	NA	NA	0.1	failed	early_stop_failed	5600	>46	46.44656551071503	-24	0.1512050252244446
1231	1	0	1	0.0	1	False	0.35	3.5	1.5	70	NA	NA	0.1	failed	early_stop_failed	4950	>46	46.61525258193315	-24	0.11917473896177631
1232	1	0	1	0.0	1	False	0.35	3.5	2.0	70	NA	NA	0.1	failed	early_stop_failed	4900	>46	46.818529777647086	-23	0.11861370294332735
1233	1	0	1	0.0	1	False	0.35	3.5	3.0	70	NA	NA	0.1	failed	early_stop_failed	5150	>46	46.592497607308424	-23	0.10705244874702755
1234	1	0	1	0.0	1	False	0.35	3.5	5.0	70	NA	NA	0.1	failed	early_stop_failed	4850	>46	46.65651461560559	-21	0.12266109185166664
1235	1	0	1	0.0	1	False	0.35	4.0	1.1	70	NA	NA	0.1	failed	early_stop_failed	4600	>46	46.740555404926226	-22	0.12697338673727523
1236	1	0	1	0.0	1	False	0.35	4.0	1.5	70	NA	NA	0.1	failed	early_stop_failed	4650	>46	46.665103668953705	-21	0.12273316277142766
1237	1	0	1	0.0	1	False	0.35	4.0	2.0	70	NA	NA	0.1	failed	early_stop_failed	4700	>46	46.6694107261252	-21	0.1203772178293715
1238	1	0	1	0.0	1	False	0.35	4.0	3.0	70	NA	NA	0.1	failed	early_stop_failed	4650	>46	46.79300505566999	-22	0.10569899042523956
1239	1	0	1	0.0	1	False	0.35	4.0	5.0	70	NA	NA	0.1	failed	early_stop_failed	5000	>46	46.60029271197438	-23	0.12602480943118674
1240	1	0	1	0.0	1	False	0.35	4.5	1.1	70	NA	NA	0.1	failed	early_stop_failed	5300	>46	46.87735537869941	-22	0.1193528482950965
1241	1	0	1	0.0	1	False	0.35	4.5	1.5	70	NA	NA	0.1	failed	early_stop_failed	4950	>46	46.51889346255526	-23	0.10406628253959019
1242	1	0	1	0.0	1	False	0.35	4.5	2.0	70	NA	NA	0.1	failed	early_stop_failed	4950	>46	46.747661010863254	-23	0.10489714828694054
1243	1	0	1	0.0	1	False	0.35	4.5	3.0	70	NA	NA	0.1	failed	early_stop_failed	4100	>46	46.71626472486993	-21	0.1103429847781597
1244	1	0	1	0.0	1	False	0.35	4.5	5.0	70	NA	NA	0.1	failed	early_stop_failed	4450	>46	46.755535421393574	-20	0.10113041125224217
1245	1	0	1	0.0	1	False	0.35	5.0	1.1	70	NA	NA	0.1	failed	early_stop_failed	4500	>46	46.7947146265269	-23	0.09675899543045936
1246	1	0	1	0.0	1	False	0.35	5.0	1.5	70	NA	NA	0.1	failed	early_stop_failed	5000	>46	46.61572872268796	-22	0.12474637215658513
1247	1	0	1	0.0	1	False	0.35	5.0	2.0	70	NA	NA	0.1	failed	early_stop_failed	4450	>46	46.644279985190714	-22	0.12301555613159133
1248	1	0	1	0.0	1	False	0.35	5.0	3.0	70	NA	NA	0.1	failed	early_stop_failed	5300	>46	46.34077179673233	-22	0.13873646040625853
1249	1	0	1	0.0	1	False	0.35	5.0	5.0	70	NA	NA	0.1	failed	early_stop_failed	4600	>46	46.68489392871385	-24	0.11639980736049525
1250	1	1	1	0.0	1	False	0.15	3.0	1.1	70	0.008	25.0	0.1	extinct	population_extinct	100000	NA	NA	NA	NA
1251	1	1	1	0.0	1	False	0.15	3.0	1.5	70	0.008	25.0	0.1	extinct	population_extinct	100000	NA	40.17272849590345	NA	NA
1252	1	1	1	0.0	1	False	0.15	3.0	2.0	70	0.008	25.0	0.1	succeed	early_stop_succeed	2400	39.497953758616156	39.461193326734424	-30	0.1991713238939732
1253	1	1	1	0.0	1	False	0.15	3.0	3.0	70	0.008	25.0	0.1	succeed	early_stop_succeed	2050	40.0022669523795	40.05588447358936	-30	0.2538852283079744
1254	1	1	1	0.0	1	False	0.15	3.0	5.0	70	0.008	25.0	0.1	succeed	early_stop_succeed	2200	40.078724044898216	40.0599812026352	-30	0.25019897359791105
1255	1	1	1	0.0	1	False	0.15	3.5	1.1	70	0.008	25.0	0.1	extinct	population_extinct	100000	NA	39.57962301587302	NA	NA
1256	1	1	1	0.0	1	False	0.15	3.5	1.5	70	0.008	25.0	0.1	succeed	early_stop_succeed	2250	39.73242923029143	39.735289259236495	-30	0.21017527448261691
1257	1	1	1	0.0	1	False	0.15	3.5	2.0	70	0.008	25.0	0.1	succeed	early_stop_succeed	2000	39.797508816306895	39.73988985854568	-30	0.25662875508414845
1258	1	1	1	0.0	1	False	0.15	3.5	3.0	70	0.008	25.0	0.1	succeed	early_stop_succeed	2000	39.89444914489647	39.870343792527855	-30	0.24243360618581608
1259	1	1	1	0.0	1	False	0.15	3.5	5.0	70	0.008	25.0	0.1	succeed	early_stop_succeed	2150	40.022732872294846	40.039107162087575	-30	0.23334563378655723
1260	1	1	1	0.0	1	False	0.15	4.0	1.1	70	0.008	25.0	0.1	succeed	early_stop_succeed	2000	39.85593552662409	39.831434944751706	-30	0.2695656641558775
1261	1	1	1	0.0	1	False	0.15	4.0	1.5	70	0.008	25.0	0.1	succeed	early_stop_succeed	2050	39.94516021996837	39.9268742826443	-30	0.22680058061521968
1262	1	1	1	0.0	1	False	0.15	4.0	2.0	70	0.008	25.0	0.1	succeed	early_stop_succeed	2400	40.03734748049076	40.01474141923701	-30	0.2387033240716109
1263	1	1	1	0.0	1	False	0.15	4.0	3.0	70	0.008	25.0	0.1	succeed	early_stop_succeed	2650	40.29500187905935	40.29934979045334	-30	0.16454127136897634
1264	1	1	1	0.0	1	False	0.15	4.0	5.0	70	0.008	25.0	0.1	succeed	early_stop_succeed	2600	40.33406686491813	40.34753347374405	-30	0.19360643117881693
1265	1	1	1	0.0	1	False	0.15	4.5	1.1	70	0.008	25.0	0.1	succeed	early_stop_succeed	2200	40.11773127074915	40.087309221412845	-30	0.2292215195740331
1266	1	1	1	0.0	1	False	0.15	4.5	1.5	70	0.008	25.0	0.1	succeed	early_stop_succeed	2150	40.05228190454427	40.08009285986304	-30	0.2414021771977359
1267	1	1	1	0.0	1	False	0.15	4.5	2.0	70	0.008	25.0	0.1	succeed	early_stop_succeed	2300	40.25808969144128	40.25130767937935	-30	0.22402665002545155
1268	1	1	1	0.0	1	False	0.15	4.5	3.0	70	0.008	25.0	0.1	succeed	early_stop_succeed	3350	40.49627681235388	40.49931028336168	-30	0.17076190453340026
1269	1	1	1	0.0	1	False	0.15	4.5	5.0	70	0.008	25.0	0.1	succeed	early_stop_succeed	2200	40.306109986091144	40.327690031834656	-30	0.23688665367426384
1270	1	1	1	0.0	1	False	0.15	5.0	1.1	70	0.008	25.0	0.1	succeed	early_stop_succeed	2650	40.28234301942241	40.28185047525081	-30	0.20751796051123259
1271	1	1	1	0.0	1	False	0.15	5.0	1.5	70	0.008	25.0	0.1	succeed	early_stop_succeed	2000	40.038226893500564	40.03623487007657	-30	0.2366048245092781
1272	1	1	1	0.0	1	False	0.15	5.0	2.0	70	0.008	25.0	0.1	succeed	early_stop_succeed	3450	40.444838573786974	40.47015453623657	-30	0.16050629923175389
1273	1	1	1	0.0	1	False	0.15	5.0	3.0	70	0.008	25.0	0.1	succeed	early_stop_succeed	2100	40.21580245814087	40.19636250566984	-30	0.23322491367250028
1274	1	1	1	0.0	1	False	0.15	5.0	5.0	70	0.008	25.0	0.1	succeed	early_stop_succeed	2500	40.32025350809135	40.34011133215997	-30	0.2026660346922897
1275	1	1	1	0.0	1	False	0.2	3.0	1.1	70	0.008	25.0	0.1	extinct	population_extinct	100000	NA	NA	NA	NA
1276	1	1	1	0.0	1	False	0.2	3.0	1.5	70	0.008	25.0	0.1	extinct	population_extinct	100000	NA	NA	NA	NA
1277	1	1	1	0.0	1	False	0.2	3.0	2.0	70	0.008	25.0	0.1	succeed	early_stop_succeed	2350	39.64818169877738	39.656458327809084	-30	0.22651671911745497
1278	1	1	1	0.0	1	False	0.2	3.0	3.0	70	0.008	25.0	0.1	succeed	early_stop_succeed	2400	39.9091012662111	39.92696512849178	-30	0.22883389772174356
1279	1	1	1	0.0	1	False	0.2	3.0	5.0	70	0.008	25.0	0.1	succeed	early_stop_succeed	2000	39.99811323368968	39.97987859746127	-30	0.2877442134684046
1280	1	1	1	0.0	1	False	0.2	3.5	1.1	70	0.008	25.0	0.1	extinct	population_extinct	100000	NA	NA	NA	NA
1281	1	1	1	0.0	1	False	0.2	3.5	1.5	70	0.008	25.0	0.1	succeed	early_stop_succeed	2450	39.691177279467915	39.61061270387602	-30	0.20722015501805582
1282	1	1	1	0.0	1	False	0.2	3.5	2.0	70	0.008	25.0	0.1	succeed	early_stop_succeed	2350	39.96392274504448	39.964128488678604	-30	0.20718329338128832
1283	1	1	1	0.0	1	False	0.2	3.5	3.0	70	0.008	25.0	0.1	succeed	early_stop_succeed	2000	39.900877195113296	39.91251327863191	-30	0.2724424587630132
1284	1	1	1	0.0	1	False	0.2	3.5	5.0	70	0.008	25.0	0.1	succeed	early_stop_succeed	2000	40.11825201171943	40.134127070200584	-30	0.22994260359465393
1285	1	1	1	0.0	1	False	0.2	4.0	1.1	70	0.008	25.0	0.1	succeed	early_stop_succeed	2000	40.01434453838	40.14985926744682	-30	0.23111386247066637
1286	1	1	1	0.0	1	False	0.2	4.0	1.5	70	0.008	25.0	0.1	succeed	early_stop_succeed	2000	39.943295858877086	39.9251311722301	-30	0.23954978100909077
1287	1	1	1	0.0	1	False	0.2	4.0	2.0	70	0.008	25.0	0.1	succeed	early_stop_succeed	2100	39.849368828377116	39.84551969147647	-30	0.22706948985975628
1288	1	1	1	0.0	1	False	0.2	4.0	3.0	70	0.008	25.0	0.1	succeed	early_stop_succeed	2350	40.20130539761273	40.15734019829013	-30	0.2180583654822565
1289	1	1	1	0.0	1	False	0.2	4.0	5.0	70	0.008	25.0	0.1	succeed	early_stop_succeed	2000	40.106974486531094	40.087692322467845	-30	0.2610012681988961
1290	1	1	1	0.0	1	False	0.2	4.5	1.1	70	0.008	25.0	0.1	succeed	early_stop_succeed	2050	39.81989687686602	39.83331827395216	-30	0.22943663456550772
1291	1	1	1	0.0	1	False	0.2	4.5	1.5	70	0.008	25.0	0.1	succeed	early_stop_succeed	2250	40.01566394676262	40.0127456330642	-30	0.2188178291796529
1292	1	1	1	0.0	1	False	0.2	4.5	2.0	70	0.008	25.0	0.1	succeed	early_stop_succeed	2000	40.087755040537424	40.06889005500125	-30	0.26161553751741734
1293	1	1	1	0.0	1	False	0.2	4.5	3.0	70	0.008	25.0	0.1	succeed	early_stop_succeed	2500	40.160595469780354	40.17309490625425	-30	0.2235020045210068
1294	1	1	1	0.0	1	False	0.2	4.5	5.0	70	0.008	25.0	0.1	succeed	early_stop_succeed	2200	40.16529680611438	40.18821731836433	-30	0.19934562517247664
1295	1	1	1	0.0	1	False	0.2	5.0	1.1	70	0.008	25.0	0.1	succeed	early_stop_succeed	2000	39.93045772207304	39.90964298631246	-30	0.2584052902564958
1296	1	1	1	0.0	1	False	0.2	5.0	1.5	70	0.008	25.0	0.1	succeed	early_stop_succeed	2000	39.92403649202939	39.90037158093457	-30	0.2653556817437396
1297	1	1	1	0.0	1	False	0.2	5.0	2.0	70	0.008	25.0	0.1	succeed	early_stop_succeed	2050	40.11350392308468	40.10396411703275	-30	0.22110948619896767
1298	1	1	1	0.0	1	False	0.2	5.0	3.0	70	0.008	25.0	0.1	succeed	early_stop_succeed	2000	40.222682695013326	40.19221589659082	-30	0.25219803146530195
1299	1	1	1	0.0	1	False	0.2	5.0	5.0	70	0.008	25.0	0.1	succeed	early_stop_succeed	2550	40.478002494362116	40.469871406104566	-30	0.2113004431788648
1300	1	1	1	0.0	1	False	0.25	3.0	1.1	70	0.008	25.0	0.1	extinct	population_extinct	100000	NA	NA	NA	NA
1301	1	1	1	0.0	1	False	0.25	3.0	1.5	70	0.008	25.0	0.1	extinct	population_extinct	100000	NA	NA	NA	NA
1302	1	1	1	0.0	1	False	0.25	3.0	2.0	70	0.008	25.0	0.1	extinct	population_extinct	100000	NA	40.74249478839399	NA	NA
1303	1	1	1	0.0	1	False	0.25	3.0	3.0	70	0.008	25.0	0.1	succeed	early_stop_succeed	2050	39.7735130998635	39.79735668737857	-30	0.2710860424428473
1304	1	1	1	0.0	1	False	0.25	3.0	5.0	70	0.008	25.0	0.1	succeed	early_stop_succeed	2450	39.75798524179008	39.75154183062526	-30	0.2061340914187012
1305	1	1	1	0.0	1	False	0.25	3.5	1.1	70	0.008	25.0	0.1	extinct	population_extinct	100000	NA	NA	NA	NA
1306	1	1	1	0.0	1	False	0.25	3.5	1.5	70	0.008	25.0	0.1	extinct	population_extinct	100000	NA	NA	NA	NA
1307	1	1	1	0.0	1	False	0.25	3.5	2.0	70	0.008	25.0	0.1	succeed	early_stop_succeed	2050	39.96950189326735	39.999974349977286	-30	0.24666827916011283
1308	1	1	1	0.0	1	False	0.25	3.5	3.0	70	0.008	25.0	0.1	succeed	early_stop_succeed	2000	39.81735782989487	39.83933553647749	-30	0.2404937938037564
1309	1	1	1	0.0	1	False	0.25	3.5	5.0	70	0.008	25.0	0.1	succeed	early_stop_succeed	2300	39.88451339718079	39.87191344914643	-30	0.20540143179258
1310	1	1	1	0.0	1	False	0.25	4.0	1.1	70	0.008	25.0	0.1	extinct	population_extinct	100000	NA	NA	NA	NA
1311	1	1	1	0.0	1	False	0.25	4.0	1.5	70	0.008	25.0	0.1	succeed	early_stop_succeed	2000	39.78572153382893	39.761643322215335	-30	0.25191850274654704
1312	1	1	1	0.0	1	False	0.25	4.0	2.0	70	0.008	25.0	0.1	succeed	early_stop_succeed	2350	39.75424983174298	39.74740593420513	-30	0.21683210607704012
1313	1	1	1	0.0	1	False	0.25	4.0	3.0	70	0.008	25.0	0.1	succeed	early_stop_succeed	2650	40.16692665988168	40.19961040863341	-30	0.21504802497974013
1314	1	1	1	0.0	1	False	0.25	4.0	5.0	70	0.008	25.0	0.1	succeed	early_stop_succeed	2500	40.07086938534484	40.10380209574427	-30	0.22738832820720012
1315	1	1	1	0.0	1	False	0.25	4.5	1.1	70	0.008	25.0	0.1	succeed	early_stop_succeed	2650	39.38211402320565	39.320217665399085	-30	0.21072418077563604
1316	1	1	1	0.0	1	False	0.25	4.5	1.5	70	0.008	25.0	0.1	succeed	early_stop_succeed	2250	39.72532194793239	39.71854965695477	-30	0.21012526036805096
1317	1	1	1	0.0	1	False	0.25	4.5	2.0	70	0.008	25.0	0.1	succeed	early_stop_succeed	2400	39.96913858881038	39.943030858248775	-30	0.19243837853758475
1318	1	1	1	0.0	1	False	0.25	4.5	3.0	70	0.008	25.0	0.1	succeed	early_stop_succeed	2000	40.098729467476765	40.095058771319955	-30	0.21895997436508752
1319	1	1	1	0.0	1	False	0.25	4.5	5.0	70	0.008	25.0	0.1	succeed	early_stop_succeed	2750	40.322571549839616	40.3053149335593	-30	0.21673832798148632
1320	1	1	1	0.0	1	False	0.25	5.0	1.1	70	0.008	25.0	0.1	succeed	early_stop_succeed	2050	39.93980759332137	39.9405974089068	-30	0.2358086449815282
1321	1	1	1	0.0	1	False	0.25	5.0	1.5	70	0.008	25.0	0.1	succeed	early_stop_succeed	2100	40.0245299537466	40.01217880353364	-30	0.26180160006064174
1322	1	1	1	0.0	1	False	0.25	5.0	2.0	70	0.008	25.0	0.1	succeed	early_stop_succeed	2050	40.09445365602593	40.092106376632394	-30	0.2215292259813843
1323	1	1	1	0.0	1	False	0.25	5.0	3.0	70	0.008	25.0	0.1	succeed	early_stop_succeed	2000	40.11453951391623	40.11616821616731	-30	0.24064436474608278
1324	1	1	1	0.0	1	False	0.25	5.0	5.0	70	0.008	25.0	0.1	succeed	early_stop_succeed	3150	40.62953427449564	40.61557417379401	-30	0.1727416839417492
1325	1	1	1	0.0	1	False	0.3	3.0	1.1	70	0.008	25.0	0.1	extinct	population_extinct	100000	NA	NA	NA	NA
1326	1	1	1	0.0	1	False	0.3	3.0	1.5	70	0.008	25.0	0.1	extinct	population_extinct	100000	NA	NA	NA	NA
1327	1	1	1	0.0	1	False	0.3	3.0	2.0	70	0.008	25.0	0.1	extinct	population_extinct	100000	NA	NA	NA	NA
1328	1	1	1	0.0	1	False	0.3	3.0	3.0	70	0.008	25.0	0.1	succeed	early_stop_succeed	2700	39.39764350958119	39.429437752646926	-30	0.19135010742559813
1329	1	1	1	0.0	1	False	0.3	3.0	5.0	70	0.008	25.0	0.1	succeed	early_stop_succeed	2000	39.864097867450205	39.89047729489684	-30	0.2552421005973121
1330	1	1	1	0.0	1	False	0.3	3.5	1.1	70	0.008	25.0	0.1	extinct	population_extinct	100000	NA	NA	NA	NA
1331	1	1	1	0.0	1	False	0.3	3.5	1.5	70	0.008	25.0	0.1	extinct	population_extinct	100000	NA	NA	NA	NA
1332	1	1	1	0.0	1	False	0.3	3.5	2.0	70	0.008	25.0	0.1	succeed	early_stop_succeed	3000	39.59352568714626	39.56894379544132	-31	0.17678480140100686
1333	1	1	1	0.0	1	False	0.3	3.5	3.0	70	0.008	25.0	0.1	succeed	early_stop_succeed	2150	39.852770463719615	39.808047101125716	-30	0.2202176229188081
1334	1	1	1	0.0	1	False	0.3	3.5	5.0	70	0.008	25.0	0.1	succeed	early_stop_succeed	2250	39.88507992107321	39.89733581681672	-30	0.23128021889886427
1335	1	1	1	0.0	1	False	0.3	4.0	1.1	70	0.008	25.0	0.1	extinct	population_extinct	100000	NA	NA	NA	NA
1336	1	1	1	0.0	1	False	0.3	4.0	1.5	70	0.008	25.0	0.1	succeed	early_stop_succeed	2000	39.874614667104595	39.87007627798083	-30	0.2531037368573952
1337	1	1	1	0.0	1	False	0.3	4.0	2.0	70	0.008	25.0	0.1	succeed	early_stop_succeed	2000	40.03754832681951	40.01622457014569	-30	0.24496895181714973
1338	1	1	1	0.0	1	False	0.3	4.0	3.0	70	0.008	25.0	0.1	succeed	early_stop_succeed	2300	40.00467480573803	40.00548019430618	-30	0.20135958748902447
1339	1	1	1	0.0	1	False	0.3	4.0	5.0	70	0.008	25.0	0.1	succeed	early_stop_succeed	2000	39.914040226375796	39.91217643017434	-30	0.26152208629173185
1340	1	1	1	0.0	1	False	0.3	4.5	1.1	70	0.008	25.0	0.1	extinct	population_extinct	100000	NA	39.55528772322128	NA	NA
1341	1	1	1	0.0	1	False	0.3	4.5	1.5	70	0.008	25.0	0.1	succeed	early_stop_succeed	2050	39.7498504348394	39.73689595945605	-30	0.24809083347371796
1342	1	1	1	0.0	1	False	0.3	4.5	2.0	70	0.008	25.0	0.1	succeed	early_stop_succeed	2000	40.041743525093004	40.04175482419236	-30	0.2743774189577391
1343	1	1	1	0.0	1	False	0.3	4.5	3.0	70	0.008	25.0	0.1	succeed	early_stop_succeed	2050	40.086224643710395	40.10562400556669	-30	0.24633061565970038
1344	1	1	1	0.0	1	False	0.3	4.5	5.0	70	0.008	25.0	0.1	succeed	early_stop_succeed	2250	40.3023997528481	40.34041935191551	-30	0.21159848177861992
1345	1	1	1	0.0	1	False	0.3	5.0	1.1	70	0.008	25.0	0.1	succeed	early_stop_succeed	2400	39.80344843744506	39.81984271832242	-30	0.20629525840861254
1346	1	1	1	0.0	1	False	0.3	5.0	1.5	70	0.008	25.0	0.1	succeed	early_stop_succeed	2250	39.952301347204454	39.93706275862692	-30	0.2382364644961412
1347	1	1	1	0.0	1	False	0.3	5.0	2.0	70	0.008	25.0	0.1	succeed	early_stop_succeed	2350	40.165563863064556	40.158797207185984	-30	0.22112274783460503
1348	1	1	1	0.0	1	False	0.3	5.0	3.0	70	0.008	25.0	0.1	succeed	early_stop_succeed	2500	40.3795970646734	40.40638565107176	-30	0.2167730164508581
1349	1	1	1	0.0	1	False	0.3	5.0	5.0	70	0.008	25.0	0.1	succeed	early_stop_succeed	3850	40.99784498346828	41.00226552029829	-30	0.14420222785290365
1350	1	1	1	0.0	1	False	0.35	3.0	1.1	70	0.008	25.0	0.1	extinct	population_extinct	100000	NA	NA	NA	NA
1351	1	1	1	0.0	1	False	0.35	3.0	1.5	70	0.008	25.0	0.1	extinct	population_extinct	100000	NA	NA	NA	NA
1352	1	1	1	0.0	1	False	0.35	3.0	2.0	70	0.008	25.0	0.1	extinct	population_extinct	100000	NA	NA	NA	NA
1353	1	1	1	0.0	1	False	0.35	3.0	3.0	70	0.008	25.0	0.1	succeed	early_stop_succeed	2000	39.648656295697585	39.6737912706122	-30	0.25919901854699234
1354	1	1	1	0.0	1	False	0.35	3.0	5.0	70	0.008	25.0	0.1	succeed	early_stop_succeed	2000	39.944044863210586	39.964515838671495	-30	0.26046195104087055
1355	1	1	1	0.0	1	False	0.35	3.5	1.1	70	0.008	25.0	0.1	extinct	population_extinct	100000	NA	NA	NA	NA
1356	1	1	1	0.0	1	False	0.35	3.5	1.5	70	0.008	25.0	0.1	extinct	population_extinct	100000	NA	NA	NA	NA
1357	1	1	1	0.0	1	False	0.35	3.5	2.0	70	0.008	25.0	0.1	succeed	early_stop_succeed	2400	39.68282877452338	39.69390962069321	-30	0.1907818706437332
1358	1	1	1	0.0	1	False	0.35	3.5	3.0	70	0.008	25.0	0.1	succeed	early_stop_succeed	2050	39.91333350070279	39.91981676087717	-30	0.22727792288348567
1359	1	1	1	0.0	1	False	0.35	3.5	5.0	70	0.008	25.0	0.1	succeed	early_stop_succeed	2350	40.04669470256495	40.034736658721215	-30	0.20490681471035066
1360	1	1	1	0.0	1	False	0.35	4.0	1.1	70	0.008	25.0	0.1	extinct	population_extinct	100000	NA	NA	NA	NA
1361	1	1	1	0.0	1	False	0.35	4.0	1.5	70	0.008	25.0	0.1	succeed	early_stop_succeed	2200	39.894342580674795	39.8210013854115	-30	0.24356420321688824
1362	1	1	1	0.0	1	False	0.35	4.0	2.0	70	0.008	25.0	0.1	succeed	early_stop_succeed	2050	39.905966041196635	39.904820034961	-30	0.23816198583076387
1363	1	1	1	0.0	1	False	0.35	4.0	3.0	70	0.008	25.0	0.1	succeed	early_stop_succeed	2000	39.96120268933898	39.97975003817926	-30	0.2607267259176815
1364	1	1	1	0.0	1	False	0.35	4.0	5.0	70	0.008	25.0	0.1	succeed	early_stop_succeed	2000	39.918204002539476	39.929482118181475	-30	0.23108434038366737
1365	1	1	1	0.0	1	False	0.35	4.5	1.1	70	0.008	25.0	0.1	extinct	population_extinct	100000	NA	NA	NA	NA
1366	1	1	1	0.0	1	False	0.35	4.5	1.5	70	0.008	25.0	0.1	succeed	early_stop_succeed	2050	39.834847385589576	39.81539800852212	-30	0.21588579579364267
1367	1	1	1	0.0	1	False	0.35	4.5	2.0	70	0.008	25.0	0.1	succeed	early_stop_succeed	2250	39.712540710218576	39.72380303911546	-30	0.2503312387689446
1368	1	1	1	0.0	1	False	0.35	4.5	3.0	70	0.008	25.0	0.1	succeed	early_stop_succeed	2000	40.15483737388749	40.14629204405247	-30	0.23744651153082408
1369	1	1	1	0.0	1	False	0.35	4.5	5.0	70	0.008	25.0	0.1	succeed	early_stop_succeed	2000	39.92983194412875	39.93238894394657	-30	0.2833966797807099
1370	1	1	1	0.0	1	False	0.35	5.0	1.1	70	0.008	25.0	0.1	succeed	early_stop_succeed	2000	40.09094314147917	40.056418638758146	-30	0.21512561240389386
1371	1	1	1	0.0	1	False	0.35	5.0	1.5	70	0.008	25.0	0.1	succeed	early_stop_succeed	2150	40.048658501256	40.059524167367535	-30	0.267932371599599
1372	1	1	1	0.0	1	False	0.35	5.0	2.0	70	0.008	25.0	0.1	succeed	early_stop_succeed	2400	39.902633745034464	39.88576112378281	-30	0.21970192748521913
1373	1	1	1	0.0	1	False	0.35	5.0	3.0	70	0.008	25.0	0.1	succeed	early_stop_succeed	2000	40.26020068606539	40.25022042591964	-30	0.25673951437395415
1374	1	1	1	0.0	1	False	0.35	5.0	5.0	70	0.008	25.0	0.1	succeed	early_stop_succeed	2950	40.68195595223218	40.694544576627564	-30	0.18309889818617786
1375	0	0	0	NA	0	False	NA	NA	NA	70	NA	NA	NA	failed	early_stop_failed	4650	>46	46.784507149158934	-22	0.10846283017605599
1376	0	0	0	NA	0	False	NA	NA	NA	70	NA	NA	NA	failed	early_stop_failed	4950	>46	46.66052717590175	-24	0.12138380500279826
1377	0	0	0	NA	0	False	NA	NA	NA	70	NA	NA	NA	failed	early_stop_failed	4650	>46	46.517994979642026	-20	0.10410307094058
1378	0	0	0	NA	0	False	NA	NA	NA	70	NA	NA	NA	failed	early_stop_failed	4900	>46	46.4339604752359	-23	0.12356471536506061
1379	0	0	0	NA	0	False	NA	NA	NA	70	NA	NA	NA	failed	early_stop_failed	4800	>46	46.60529658507152	-23	0.10670668055042434
1380	0	0	0	NA	0	False	NA	NA	NA	70	NA	NA	NA	failed	early_stop_failed	4650	>46	46.716488821566784	-20	0.11255681957525283
1381	0	0	0	NA	0	False	NA	NA	NA	70	NA	NA	NA	failed	early_stop_failed	5000	>46	46.572320186099574	-23	0.1489511467317115
1382	0	0	0	NA	0	False	NA	NA	NA	70	NA	NA	NA	failed	early_stop_failed	4800	>46	46.64753283596321	-23	0.13757910667893808
1383	0	0	0	NA	0	False	NA	NA	NA	70	NA	NA	NA	failed	early_stop_failed	4550	>46	46.51996336975935	-22	0.14382612217064714
1384	0	0	0	NA	0	False	NA	NA	NA	70	NA	NA	NA	failed	early_stop_failed	5050	>46	46.74721909834522	-24	0.12980182231232182
1385	0	0	0	NA	0	False	NA	NA	NA	70	NA	NA	NA	failed	early_stop_failed	4600	>46	46.798191274174606	-23	0.11818016917593355
1386	0	0	0	NA	0	False	NA	NA	NA	70	NA	NA	NA	failed	early_stop_failed	4900	>46	46.603485272969	-23	0.13761103735693667
1387	0	0	0	NA	0	False	NA	NA	NA	70	NA	NA	NA	failed	early_stop_failed	4350	>46	46.65001256033537	-23	0.13800957113667012
1388	0	0	0	NA	0	False	NA	NA	NA	70	NA	NA	NA	failed	early_stop_failed	4750	>46	46.539638066213406	-24	0.12680663298592829
1389	0	0	0	NA	0	False	NA	NA	NA	70	NA	NA	NA	failed	early_stop_failed	4750	>46	46.749659750404824	-21	0.10824002090208688
1390	0	0	0	NA	0	False	NA	NA	NA	70	NA	NA	NA	failed	early_stop_failed	4400	>46	46.61837889225391	-22	0.11841595491448567
1391	0	0	0	NA	0	False	NA	NA	NA	70	NA	NA	NA	failed	early_stop_failed	4350	>46	46.69060707007602	-22	0.12903206912785678
1392	0	0	0	NA	0	False	NA	NA	NA	70	NA	NA	NA	failed	early_stop_failed	4300	>46	46.703539482341924	-21	0.156440545669904
1393	0	0	0	NA	0	False	NA	NA	NA	70	NA	NA	NA	failed	early_stop_failed	4450	>46	47.11556810539905	-23	0.11450361171081219
1394	0	0	0	NA	0	False	NA	NA	NA	70	NA	NA	NA	failed	early_stop_failed	4450	>46	46.485501216995615	-24	0.12409151354853137
1395	0	0	0	NA	0	False	NA	NA	NA	70	NA	NA	NA	failed	early_stop_failed	4850	>46	46.79672915449329	-21	0.1196329503272638
1396	0	0	0	NA	0	False	NA	NA	NA	70	NA	NA	NA	failed	early_stop_failed	4950	>46	46.52839092862535	-23	0.12194772974925482
1397	0	0	0	NA	0	False	NA	NA	NA	70	NA	NA	NA	failed	early_stop_failed	4600	>46	46.56346332927573	-23	0.14438342728864442
1398	0	0	0	NA	0	False	NA	NA	NA	70	NA	NA	NA	failed	early_stop_failed	4600	>46	46.69660551549861	-23	0.11330431665551714
1399	0	0	0	NA	0	False	NA	NA	NA	70	NA	NA	NA	failed	early_stop_failed	4300	>46	46.72399693111514	-22	0.11356802066919051
1400	0	0	0	NA	0	False	NA	NA	NA	70	NA	NA	NA	failed	early_stop_failed	4500	>46	46.68927844216369	-22	0.13772306443489954
1401	0	0	0	NA	0	False	NA	NA	NA	70	NA	NA	NA	failed	early_stop_failed	4900	>46	46.5772478287905	-23	0.12035044862465284
1402	0	0	0	NA	0	False	NA	NA	NA	70	NA	NA	NA	failed	early_stop_failed	3950	>46	46.99042592228812	-26	0.08954122682140123
1403	0	0	0	NA	0	False	NA	NA	NA	70	NA	NA	NA	failed	early_stop_failed	4550	>46	46.51517064338017	-25	0.12735649676290206
1404	0	0	0	NA	0	False	NA	NA	NA	70	NA	NA	NA	failed	early_stop_failed	5000	>46	46.63080106600697	-22	0.12251522767099551
1405	0	0	0	NA	0	False	NA	NA	NA	70	NA	NA	NA	failed	early_stop_failed	4100	>46	47.29345669446267	-25	0.09098831119693182
1406	0	0	0	NA	0	False	NA	NA	NA	70	NA	NA	NA	failed	early_stop_failed	4600	>46	46.608053609070865	-23	0.12193821553561233
1407	0	0	0	NA	0	False	NA	NA	NA	70	NA	NA	NA	failed	early_stop_failed	4800	>46	46.514588306655206	-23	0.12726018896452565
1408	0	0	0	NA	0	False	NA	NA	NA	70	NA	NA	NA	failed	early_stop_failed	4650	>46	46.524614011713844	-23	0.12974890604508926
1409	0	0	0	NA	0	False	NA	NA	NA	70	NA	NA	NA	failed	early_stop_failed	4500	>46	46.66210554072185	-24	0.15487157816129538
1410	0	0	0	NA	0	False	NA	NA	NA	70	NA	NA	NA	failed	early_stop_failed	4800	>46	46.663205745277516	-21	0.1123342172103435
1411	0	0	0	NA	0	False	NA	NA	NA	70	NA	NA	NA	failed	early_stop_failed	4650	>46	46.675695760969845	-24	0.1234217925996178
1412	0	0	0	NA	0	False	NA	NA	NA	70	NA	NA	NA	failed	early_stop_failed	4900	>46	46.623552500752034	-22	0.13563021732087194
1413	0	0	0	NA	0	False	NA	NA	NA	70	NA	NA	NA	failed	early_stop_failed	4400	>46	46.55752791661625	-24	0.12917237638345944
1414	0	0	0	NA	0	False	NA	NA	NA	70	NA	NA	NA	failed	early_stop_failed	4000	>46	46.64047040730275	-22	0.12919484405157727
1415	0	0	0	NA	0	False	NA	NA	NA	70	NA	NA	NA	failed	early_stop_failed	4800	>46	46.77325417709455	-24	0.10553187769659553
1416	0	0	0	NA	0	False	NA	NA	NA	70	NA	NA	NA	failed	early_stop_failed	4450	>46	46.59436812817636	-24	0.11601276405356174
1417	0	0	0	NA	0	False	NA	NA	NA	70	NA	NA	NA	failed	early_stop_failed	4650	>46	46.75163981927748	-19	0.109025337855538
1418	0	0	0	NA	0	False	NA	NA	NA	70	NA	NA	NA	failed	early_stop_failed	4350	>46	46.663178027138486	-23	0.13296849036011768
1419	0	0	0	NA	0	False	NA	NA	NA	70	NA	NA	NA	failed	early_stop_failed	4450	>46	46.6333611162049	-23	0.1264411147532815
1420	0	0	0	NA	0	False	NA	NA	NA	70	NA	NA	NA	failed	early_stop_failed	4500	>46	46.781723078096434	-23	0.1097077225257559
1421	0	0	0	NA	0	False	NA	NA	NA	70	NA	NA	NA	failed	early_stop_failed	4750	>46	46.75866762005075	-23	0.12869358055657007
1422	0	0	0	NA	0	False	NA	NA	NA	70	NA	NA	NA	failed	early_stop_failed	4650	>46	46.78929928939923	-23	0.12787051225374765
1423	0	0	0	NA	0	False	NA	NA	NA	70	NA	NA	NA	failed	early_stop_failed	4400	>46	46.770394164118315	-22	0.12224506974352149
1424	0	0	0	NA	0	False	NA	NA	NA	70	NA	NA	NA	failed	early_stop_failed	4500	>46	46.680187320791795	-23	0.12298405015250154
1425	0	0	0	NA	0	False	NA	NA	NA	70	NA	NA	NA	failed	early_stop_failed	4650	>46	46.725356778502665	-21	0.12391975887245668
1426	0	0	0	NA	0	False	NA	NA	NA	70	NA	NA	NA	failed	early_stop_failed	4550	>46	46.52472390898938	-23	0.147931827028075
1427	0	0	0	NA	0	False	NA	NA	NA	70	NA	NA	NA	failed	early_stop_failed	4350	>46	46.55348020091563	-24	0.11619651613914694
1428	0	0	0	NA	0	False	NA	NA	NA	70	NA	NA	NA	failed	early_stop_failed	4250	>46	47.205682655834316	-24	0.11749597745374428
1429	0	0	0	NA	0	False	NA	NA	NA	70	NA	NA	NA	failed	early_stop_failed	4000	>46	46.620913196337845	-20	0.11429656678524022
1430	0	0	0	NA	0	False	NA	NA	NA	70	NA	NA	NA	failed	early_stop_failed	3850	>46	46.8329050790176	-25	0.09720055783793087
1431	0	0	0	NA	0	False	NA	NA	NA	70	NA	NA	NA	failed	early_stop_failed	4250	>46	46.638709044154446	-23	0.13824885004899815
1432	0	0	0	NA	0	False	NA	NA	NA	70	NA	NA	NA	failed	early_stop_failed	4850	>46	46.573584877680126	-22	0.11506925955646728
1433	0	0	0	NA	0	False	NA	NA	NA	70	NA	NA	NA	failed	early_stop_failed	4750	>46	46.987967977962896	-23	0.100879307105285
1434	0	0	0	NA	0	False	NA	NA	NA	70	NA	NA	NA	failed	early_stop_failed	4850	>46	46.533909593836405	-24	0.1421781494521997
1435	0	0	0	NA	0	False	NA	NA	NA	70	NA	NA	NA	failed	early_stop_failed	4250	>46	46.48162135332219	-22	0.1281655349815246
1436	0	0	0	NA	0	False	NA	NA	NA	70	NA	NA	NA	failed	early_stop_failed	4550	>46	46.76956681383941	-21	0.10825926876065883
1437	0	0	0	NA	0	False	NA	NA	NA	70	NA	NA	NA	failed	early_stop_failed	4500	>46	46.79223207196227	-21	0.12234421724607326
1438	0	0	0	NA	0	False	NA	NA	NA	70	NA	NA	NA	failed	early_stop_failed	4750	>46	46.602371785701514	-22	0.1147565158464948
1439	0	0	0	NA	0	False	NA	NA	NA	70	NA	NA	NA	failed	early_stop_failed	4150	>46	46.79316167775055	-22	0.11225712905176426
1440	0	0	0	NA	0	False	NA	NA	NA	70	NA	NA	NA	failed	early_stop_failed	4050	>46	46.974480202552066	-24	0.11646249503898347
1441	0	0	0	NA	0	False	NA	NA	NA	70	NA	NA	NA	failed	early_stop_failed	4500	>46	46.692687569408726	-23	0.10395649699464152
1442	0	0	0	NA	0	False	NA	NA	NA	70	NA	NA	NA	failed	early_stop_failed	4200	>46	46.85782028401803	-24	0.09781592214154042
1443	0	0	0	NA	0	False	NA	NA	NA	70	NA	NA	NA	failed	early_stop_failed	4800	>46	46.64437519604878	-22	0.13997650101302794
1444	0	0	0	NA	0	False	NA	NA	NA	70	NA	NA	NA	failed	early_stop_failed	4950	>46	46.617157419588565	-23	0.13373847410732953
1445	0	0	0	NA	0	False	NA	NA	NA	70	NA	NA	NA	failed	early_stop_failed	4700	>46	46.79910557139836	-24	0.11961119655497285
1446	0	0	0	NA	0	False	NA	NA	NA	70	NA	NA	NA	failed	early_stop_failed	4200	>46	46.66554432689628	-25	0.10872172223167093
1447	0	0	0	NA	0	False	NA	NA	NA	70	NA	NA	NA	failed	early_stop_failed	4550	>46	46.62520043247168	-21	0.11728250437825441
1448	0	0	0	NA	0	False	NA	NA	NA	70	NA	NA	NA	failed	early_stop_failed	4650	>46	46.67693024915007	-22	0.12393768160984754
1449	0	0	0	NA	0	False	NA	NA	NA	70	NA	NA	NA	failed	early_stop_failed	5250	>46	46.56329927998138	-24	0.12008416700679865
1450	0	0	0	NA	0	False	NA	NA	NA	70	NA	NA	NA	failed	early_stop_failed	4650	>46	46.637842861444994	-25	0.1202204316185734
1451	0	0	0	NA	0	False	NA	NA	NA	70	NA	NA	NA	failed	early_stop_failed	4600	>46	46.45196886284979	-24	0.11547551038524775
1452	0	0	0	NA	0	False	NA	NA	NA	70	NA	NA	NA	failed	early_stop_failed	4250	>46	46.97366864159128	-24	0.11255535605645256
1453	0	0	0	NA	0	False	NA	NA	NA	70	NA	NA	NA	failed	early_stop_failed	4350	>46	46.82032476400803	-26	0.09779386426569174
1454	0	0	0	NA	0	False	NA	NA	NA	70	NA	NA	NA	failed	early_stop_failed	4600	>46	46.693083105383515	-25	0.10548540004047709
1455	0	0	0	NA	0	False	NA	NA	NA	70	NA	NA	NA	failed	early_stop_failed	4700	>46	46.72252027317056	-24	0.1250498364834447
1456	0	0	0	NA	0	False	NA	NA	NA	70	NA	NA	NA	failed	early_stop_failed	4650	>46	46.93118088334984	-23	0.1177603505322512
1457	0	0	0	NA	0	False	NA	NA	NA	70	NA	NA	NA	failed	early_stop_failed	5100	>46	46.55398265693101	-23	0.133395571643484
1458	0	0	0	NA	0	False	NA	NA	NA	70	NA	NA	NA	failed	early_stop_failed	4800	>46	46.6024184025407	-22	0.14522841206715187
1459	0	0	0	NA	0	False	NA	NA	NA	70	NA	NA	NA	failed	early_stop_failed	5300	>46	46.663043715622784	-22	0.134072272811273
1460	0	0	0	NA	0	False	NA	NA	NA	70	NA	NA	NA	failed	early_stop_failed	4600	>46	46.657246965741926	-23	0.11884335960554476
1461	0	0	0	NA	0	False	NA	NA	NA	70	NA	NA	NA	failed	early_stop_failed	3900	>46	47.47585254688875	-23	0.0786790129702549
1462	0	0	0	NA	0	False	NA	NA	NA	70	NA	NA	NA	failed	early_stop_failed	4550	>46	46.72084006959342	-24	0.11701685374439348
1463	0	0	0	NA	0	False	NA	NA	NA	70	NA	NA	NA	failed	early_stop_failed	4750	>46	46.488955920149564	-24	0.1429363918753647
1464	0	0	0	NA	0	False	NA	NA	NA	70	NA	NA	NA	failed	early_stop_failed	4400	>46	46.80444694412082	-23	0.11877849080671826
1465	0	0	0	NA	0	False	NA	NA	NA	70	NA	NA	NA	failed	early_stop_failed	5150	>46	46.37509149139647	-24	0.12800454450353851
1466	0	0	0	NA	0	False	NA	NA	NA	70	NA	NA	NA	failed	early_stop_failed	5100	>46	46.489783475336736	-22	0.1286493767558923
1467	0	0	0	NA	0	False	NA	NA	NA	70	NA	NA	NA	failed	early_stop_failed	4400	>46	46.67433439360674	-24	0.10963521377822526
1468	0	0	0	NA	0	False	NA	NA	NA	70	NA	NA	NA	failed	early_stop_failed	4400	>46	46.65326824480122	-24	0.12333247620349785
1469	0	0	0	NA	0	False	NA	NA	NA	70	NA	NA	NA	failed	early_stop_failed	4100	>46	47.28571026315432	-26	0.08996990551244584
1470	0	0	0	NA	0	False	NA	NA	NA	70	NA	NA	NA	failed	early_stop_failed	4150	>46	46.61945424525526	-23	0.10533318251683915
1471	0	0	0	NA	0	False	NA	NA	NA	70	NA	NA	NA	failed	early_stop_failed	4300	>46	46.59287771769283	-23	0.12083850358184359
1472	0	0	0	NA	0	False	NA	NA	NA	70	NA	NA	NA	failed	early_stop_failed	4100	>46	46.83040885489825	-21	0.12207124892314955
1473	0	0	0	NA	0	False	NA	NA	NA	70	NA	NA	NA	failed	early_stop_failed	4550	>46	46.549222045434334	-21	0.11135231867238189
1474	0	0	0	NA	0	False	NA	NA	NA	70	NA	NA	NA	failed	early_stop_failed	4950	>46	46.49709867980982	-22	0.1368891154367424
1475	0	0	0	NA	0	False	NA	NA	NA	70	NA	NA	NA	failed	early_stop_failed	4500	>46	46.56708441974559	-23	0.13543772042584012
1476	0	0	0	NA	0	False	NA	NA	NA	70	NA	NA	NA	failed	early_stop_failed	3850	>46	46.71914428626389	-24	0.10700115661687937
1477	0	0	0	NA	0	False	NA	NA	NA	70	NA	NA	NA	failed	early_stop_failed	4050	>46	46.94248697108693	-19	0.09191049170629695
1478	0	0	0	NA	0	False	NA	NA	NA	70	NA	NA	NA	failed	early_stop_failed	5150	>46	46.439109895991535	-23	0.12478231420834784
1479	0	0	0	NA	0	False	NA	NA	NA	70	NA	NA	NA	failed	early_stop_failed	4900	>46	46.789405919957424	-23	0.12543895663026722
1480	0	0	0	NA	0	False	NA	NA	NA	70	NA	NA	NA	failed	early_stop_failed	4450	>46	46.54185096630192	-22	0.12163921375960936
1481	0	0	0	NA	0	False	NA	NA	NA	70	NA	NA	NA	failed	early_stop_failed	4200	>46	46.873679221603254	-20	0.11596840300269301
1482	0	0	0	NA	0	False	NA	NA	NA	70	NA	NA	NA	failed	early_stop_failed	4150	>46	47.011762471942276	-21	0.11134693454884373
1483	0	0	0	NA	0	False	NA	NA	NA	70	NA	NA	NA	failed	early_stop_failed	4250	>46	46.838134394698166	-21	0.10850018108663935
1484	0	0	0	NA	0	False	NA	NA	NA	70	NA	NA	NA	failed	early_stop_failed	4500	>46	46.68660644354422	-22	0.10459809291769806
1485	0	0	0	NA	0	False	NA	NA	NA	70	NA	NA	NA	failed	early_stop_failed	4800	>46	46.78272627283918	-22	0.12546328336558946
1486	0	0	0	NA	0	False	NA	NA	NA	70	NA	NA	NA	failed	early_stop_failed	4750	>46	46.75446810912145	-23	0.14407898400998448
1487	0	0	0	NA	0	False	NA	NA	NA	70	NA	NA	NA	failed	early_stop_failed	4350	>46	46.58134169240522	-23	0.13820113103973095
1488	0	0	0	NA	0	False	NA	NA	NA	70	NA	NA	NA	failed	early_stop_failed	4850	>46	46.59481150170493	-23	0.12779434227298084
1489	0	0	0	NA	0	False	NA	NA	NA	70	NA	NA	NA	failed	early_stop_failed	4500	>46	46.90353398149546	-24	0.10391490762267117
1490	0	0	0	NA	0	False	NA	NA	NA	70	NA	NA	NA	failed	early_stop_failed	3950	>46	46.58382754761148	-23	0.11402193795105578
1491	0	0	0	NA	0	False	NA	NA	NA	70	NA	NA	NA	failed	early_stop_failed	4550	>46	46.8611098716845	-24	0.11535725917828524
1492	0	0	0	NA	0	False	NA	NA	NA	70	NA	NA	NA	failed	early_stop_failed	4700	>46	46.57017369777594	-23	0.10975959316020013
1493	0	0	0	NA	0	False	NA	NA	NA	70	NA	NA	NA	failed	early_stop_failed	4350	>46	46.94806042686117	-25	0.09649088744671755
1494	0	0	0	NA	0	False	NA	NA	NA	70	NA	NA	NA	failed	early_stop_failed	4500	>46	46.63770844645321	-22	0.14347571427088254
1495	0	0	0	NA	0	False	NA	NA	NA	70	NA	NA	NA	failed	early_stop_failed	4600	>46	46.47375391190091	-21	0.12175377813571603
1496	0	0	0	NA	0	False	NA	NA	NA	70	NA	NA	NA	failed	early_stop_failed	4900	>46	46.66340336875274	-23	0.13274933215418502
1497	0	0	0	NA	0	False	NA	NA	NA	70	NA	NA	NA	failed	early_stop_failed	4650	>46	46.601093364436075	-23	0.12664548351151422
1498	0	0	0	NA	0	False	NA	NA	NA	70	NA	NA	NA	failed	early_stop_failed	4400	>46	46.589697337812964	-23	0.12069144595017102
1499	0	0	0	NA	0	False	NA	NA	NA	70	NA	NA	NA	failed	early_stop_failed	4050	>46	46.66402261436035	-24	0.10662105510516844
1500	1	0	0	0.1	0	False	0.15	3.0	1.1	70	NA	NA	NA	failed	early_stop_failed	4650	>46	46.57548684707105	-23	0.11401850611708107
1501	1	0	0	0.1	0	False	0.15	3.0	1.5	70	NA	NA	NA	failed	early_stop_failed	4000	>46	47.39425055619655	-17	0.10412419989608063
1502	1	0	0	0.1	0	False	0.15	3.0	2.0	70	NA	NA	NA	failed	early_stop_failed	5150	>46	46.57624445679813	-22	0.12342243128645468
1503	1	0	0	0.1	0	False	0.15	3.0	3.0	70	NA	NA	NA	failed	early_stop_failed	5300	>46	46.3997140701448	-22	0.15267819278049216
1504	1	0	0	0.1	0	False	0.15	3.0	5.0	70	NA	NA	NA	failed	early_stop_failed	5150	>46	46.549794398805794	-23	0.1002154075202758
1505	1	0	0	0.1	0	False	0.15	3.5	1.1	70	NA	NA	NA	failed	early_stop_failed	4850	>46	46.73986985938688	-22	0.11075068004291229
1506	1	0	0	0.1	0	False	0.15	3.5	1.5	70	NA	NA	NA	failed	early_stop_failed	4750	>46	46.54115421543625	-22	0.1110620081980867
1507	1	0	0	0.1	0	False	0.15	3.5	2.0	70	NA	NA	NA	failed	early_stop_failed	5050	>46	46.76266357213898	-21	0.11271986620935133
1508	1	0	0	0.1	0	False	0.15	3.5	3.0	70	NA	NA	NA	failed	early_stop_failed	4550	>46	46.79629854668154	-20	0.11917259084477871
1509	1	0	0	0.1	0	False	0.15	3.5	5.0	70	NA	NA	NA	failed	early_stop_failed	4750	>46	46.92991017665125	-23	0.11977546140622891
1510	1	0	0	0.1	0	False	0.15	4.0	1.1	70	NA	NA	NA	failed	early_stop_failed	4800	>46	46.660716520435464	-21	0.12191240456972176
1511	1	0	0	0.1	0	False	0.15	4.0	1.5	70	NA	NA	NA	failed	early_stop_failed	4300	>46	46.75502808968858	-20	0.10821891372174926
1512	1	0	0	0.1	0	False	0.15	4.0	2.0	70	NA	NA	NA	failed	early_stop_failed	5650	>46	46.51271244849278	-23	0.10265449181555956
1513	1	0	0	0.1	0	False	0.15	4.0	3.0	70	NA	NA	NA	failed	early_stop_failed	4750	>46	46.41281867111234	-23	0.14342934149920225
1514	1	0	0	0.1	0	False	0.15	4.0	5.0	70	NA	NA	NA	failed	early_stop_failed	4300	>46	46.59514976076437	-22	0.10370201505091023
1515	1	0	0	0.1	0	False	0.15	4.5	1.1	70	NA	NA	NA	failed	early_stop_failed	4700	>46	47.01553484439868	-24	0.09115911261377393
1516	1	0	0	0.1	0	False	0.15	4.5	1.5	70	NA	NA	NA	failed	early_stop_failed	4450	>46	46.81780205221983	-21	0.10855221649316532
1517	1	0	0	0.1	0	False	0.15	4.5	2.0	70	NA	NA	NA	failed	early_stop_failed	4900	>46	46.72107548897228	-24	0.10578163342595726
1518	1	0	0	0.1	0	False	0.15	4.5	3.0	70	NA	NA	NA	failed	early_stop_failed	4850	>46	46.53982803183117	-22	0.11506347232060421
1519	1	0	0	0.1	0	False	0.15	4.5	5.0	70	NA	NA	NA	failed	early_stop_failed	4800	>46	46.51214427071761	-22	0.14533994149121748
1520	1	0	0	0.1	0	False	0.15	5.0	1.1	70	NA	NA	NA	failed	early_stop_failed	4150	>46	47.29603401381582	-17	0.10453375971468981
1521	1	0	0	0.1	0	False	0.15	5.0	1.5	70	NA	NA	NA	failed	early_stop_failed	5250	>46	46.343605331633036	-24	0.13287086107110066
1522	1	0	0	0.1	0	False	0.15	5.0	2.0	70	NA	NA	NA	failed	early_stop_failed	4750	>46	46.801918602676125	-24	0.12601109681473704
1523	1	0	0	0.1	0	False	0.15	5.0	3.0	70	NA	NA	NA	failed	early_stop_failed	4600	>46	46.6395113246391	-23	0.12180395504284675
1524	1	0	0	0.1	0	False	0.15	5.0	5.0	70	NA	NA	NA	failed	early_stop_failed	4400	>46	46.57985640133402	-23	0.13085667161426592
1525	1	0	0	0.1	0	False	0.2	3.0	1.1	70	NA	NA	NA	failed	early_stop_failed	4650	>46	46.55001538832276	-24	0.13914218749016727
1526	1	0	0	0.1	0	False	0.2	3.0	1.5	70	NA	NA	NA	failed	early_stop_failed	4550	>46	46.75610164919569	-23	0.09480025947142327
1527	1	0	0	0.1	0	False	0.2	3.0	2.0	70	NA	NA	NA	failed	early_stop_failed	4950	>46	46.67955028850146	-22	0.12280863889540736
1528	1	0	0	0.1	0	False	0.2	3.0	3.0	70	NA	NA	NA	failed	early_stop_failed	5350	>46	46.65235239209358	-21	0.11911992164196429
1529	1	0	0	0.1	0	False	0.2	3.0	5.0	70	NA	NA	NA	failed	early_stop_failed	4950	>46	46.637308016475	-21	0.1126646651812251
1530	1	0	0	0.1	0	False	0.2	3.5	1.1	70	NA	NA	NA	failed	early_stop_failed	4750	>46	46.78343984538887	-21	0.11084455373044784
1531	1	0	0	0.1	0	False	0.2	3.5	1.5	70	NA	NA	NA	failed	early_stop_failed	4700	>46	46.652577043457214	-22	0.14939730478993718
1532	1	0	0	0.1	0	False	0.2	3.5	2.0	70	NA	NA	NA	failed	early_stop_failed	5150	>46	46.57957866901854	-22	0.11830469696721824
1533	1	0	0	0.1	0	False	0.2	3.5	3.0	70	NA	NA	NA	failed	early_stop_failed	5000	>46	46.68749179089563	-22	0.1286936570970055
1534	1	0	0	0.1	0	False	0.2	3.5	5.0	70	NA	NA	NA	failed	early_stop_failed	5000	>46	46.55198675800441	-21	0.11222923439717736
1535	1	0	0	0.1	0	False	0.2	4.0	1.1	70	NA	NA	NA	failed	early_stop_failed	5000	>46	46.69859762282032	-22	0.10949260205045258
1536	1	0	0	0.1	0	False	0.2	4.0	1.5	70	NA	NA	NA	failed	early_stop_failed	3950	>46	47.137050413924456	-20	0.08153415271896224
1537	1	0	0	0.1	0	False	0.2	4.0	2.0	70	NA	NA	NA	failed	early_stop_failed	5300	>46	46.63946105619118	-24	0.1098108598070596
1538	1	0	0	0.1	0	False	0.2	4.0	3.0	70	NA	NA	NA	failed	early_stop_failed	5150	>46	46.66481086359161	-21	0.12328921649185544
1539	1	0	0	0.1	0	False	0.2	4.0	5.0	70	NA	NA	NA	failed	early_stop_failed	4900	>46	46.76875189013759	-24	0.11856926887602644
1540	1	0	0	0.1	0	False	0.2	4.5	1.1	70	NA	NA	NA	failed	early_stop_failed	4500	>46	46.94805421932402	-25	0.10023580832657941
1541	1	0	0	0.1	0	False	0.2	4.5	1.5	70	NA	NA	NA	failed	early_stop_failed	4350	>46	47.07910096294142	-23	0.10509960149446934
1542	1	0	0	0.1	0	False	0.2	4.5	2.0	70	NA	NA	NA	failed	early_stop_failed	4950	>46	46.788608820262624	-22	0.12342720795908738
1543	1	0	0	0.1	0	False	0.2	4.5	3.0	70	NA	NA	NA	failed	early_stop_failed	4950	>46	46.783769615845884	-24	0.09993740037160963
1544	1	0	0	0.1	0	False	0.2	4.5	5.0	70	NA	NA	NA	failed	early_stop_failed	4750	>46	46.656906997827086	-22	0.14190589550588326
1545	1	0	0	0.1	0	False	0.2	5.0	1.1	70	NA	NA	NA	failed	early_stop_failed	4850	>46	46.54481640427583	-24	0.11528983599686969
1546	1	0	0	0.1	0	False	0.2	5.0	1.5	70	NA	NA	NA	failed	early_stop_failed	5600	>46	46.57897859899965	-23	0.1179112699579843
1547	1	0	0	0.1	0	False	0.2	5.0	2.0	70	NA	NA	NA	failed	early_stop_failed	4750	>46	46.62900022454996	-21	0.13057354562888374
1548	1	0	0	0.1	0	False	0.2	5.0	3.0	70	NA	NA	NA	failed	early_stop_failed	5100	>46	46.52365810182998	-24	0.13346658731521685
1549	1	0	0	0.1	0	False	0.2	5.0	5.0	70	NA	NA	NA	failed	early_stop_failed	4750	>46	46.69541031785792	-24	0.12578570568031733
1550	1	0	0	0.1	0	False	0.25	3.0	1.1	70	NA	NA	NA	succeed	early_stop_succeed	2750	41.19841436094395	41.242642817261185	-28	0.21627211695885848
1551	1	0	0	0.1	0	False	0.25	3.0	1.5	70	NA	NA	NA	failed	early_stop_failed	5350	>46	46.54796936025622	-22	0.1537269332762992
1552	1	0	0	0.1	0	False	0.25	3.0	2.0	70	NA	NA	NA	failed	early_stop_failed	4950	>46	46.75433618204287	-22	0.14928545662619505
1553	1	0	0	0.1	0	False	0.25	3.0	3.0	70	NA	NA	NA	failed	early_stop_failed	4700	>46	46.87417041621571	-21	0.10850592406217147
1554	1	0	0	0.1	0	False	0.25	3.0	5.0	70	NA	NA	NA	failed	early_stop_failed	5200	>46	46.58009388202439	-22	0.1296389834410504
1555	1	0	0	0.1	0	False	0.25	3.5	1.1	70	NA	NA	NA	failed	early_stop_failed	5250	>46	46.54493718838297	-24	0.11631327937423112
1556	1	0	0	0.1	0	False	0.25	3.5	1.5	70	NA	NA	NA	failed	early_stop_failed	5000	>46	46.57616336764535	-22	0.12920279812794697
1557	1	0	0	0.1	0	False	0.25	3.5	2.0	70	NA	NA	NA	failed	early_stop_failed	4200	>46	46.886522881118765	-20	0.10574436631350004
1558	1	0	0	0.1	0	False	0.25	3.5	3.0	70	NA	NA	NA	failed	early_stop_failed	4900	>46	46.62447694304108	-23	0.11445297253949956
1559	1	0	0	0.1	0	False	0.25	3.5	5.0	70	NA	NA	NA	failed	early_stop_failed	4950	>46	46.65504469410173	-23	0.1355642075499281
1560	1	0	0	0.1	0	False	0.25	4.0	1.1	70	NA	NA	NA	failed	early_stop_failed	5200	>46	46.61835495501636	-23	0.13351858572989422
1561	1	0	0	0.1	0	False	0.25	4.0	1.5	70	NA	NA	NA	failed	early_stop_failed	4800	>46	46.660829900759374	-23	0.12021763611085365
1562	1	0	0	0.1	0	False	0.25	4.0	2.0	70	NA	NA	NA	failed	early_stop_failed	5100	>46	47.08896637711858	-25	0.09280196867557748
1563	1	0	0	0.1	0	False	0.25	4.0	3.0	70	NA	NA	NA	failed	early_stop_failed	4750	>46	46.74730398566015	-23	0.1239344883504528
1564	1	0	0	0.1	0	False	0.25	4.0	5.0	70	NA	NA	NA	failed	early_stop_failed	4750	>46	46.75943504833504	-23	0.10591473568601074
1565	1	0	0	0.1	0	False	0.25	4.5	1.1	70	NA	NA	NA	failed	early_stop_failed	4800	>46	46.92406421215326	-25	0.09658282815979112
1566	1	0	0	0.1	0	False	0.25	4.5	1.5	70	NA	NA	NA	failed	early_stop_failed	5000	>46	46.50867492655745	-24	0.1320667595093094
1567	1	0	0	0.1	0	False	0.25	4.5	2.0	70	NA	NA	NA	failed	early_stop_failed	4600	>46	46.629913101326366	-23	0.11452505265756399
1568	1	0	0	0.1	0	False	0.25	4.5	3.0	70	NA	NA	NA	failed	early_stop_failed	4650	>46	46.92036865996535	-23	0.09372319663301104
1569	1	0	0	0.1	0	False	0.25	4.5	5.0	70	NA	NA	NA	failed	early_stop_failed	4650	>46	46.73125483671657	-23	0.1205843624682107
1570	1	0	0	0.1	0	False	0.25	5.0	1.1	70	NA	NA	NA	failed	early_stop_failed	3900	>46	47.41925630648147	-17	0.08061414630187355
1571	1	0	0	0.1	0	False	0.25	5.0	1.5	70	NA	NA	NA	failed	early_stop_failed	5100	>46	46.50557009545527	-22	0.12459345929535298
1572	1	0	0	0.1	0	False	0.25	5.0	2.0	70	NA	NA	NA	failed	early_stop_failed	4650	>46	46.6020631074306	-22	0.13139046247757963
1573	1	0	0	0.1	0	False	0.25	5.0	3.0	70	NA	NA	NA	failed	early_stop_failed	4600	>46	46.68864554532913	-23	0.11002827684556621
1574	1	0	0	0.1	0	False	0.25	5.0	5.0	70	NA	NA	NA	failed	early_stop_failed	4750	>46	46.53985030927746	-22	0.15550715415051983
1575	1	0	0	0.1	0	False	0.3	3.0	1.1	70	NA	NA	NA	extinct	population_extinct	100000	NA	NA	NA	NA
1576	1	0	0	0.1	0	False	0.3	3.0	1.5	70	NA	NA	NA	failed	early_stop_failed	4600	>46	46.78294146098809	-24	0.11094685616792732
1577	1	0	0	0.1	0	False	0.3	3.0	2.0	70	NA	NA	NA	failed	early_stop_failed	4900	>46	46.68069626511376	-22	0.11489629864975173
1578	1	0	0	0.1	0	False	0.3	3.0	3.0	70	NA	NA	NA	failed	early_stop_failed	5050	>46	46.60580232530638	-23	0.13896197886394526
1579	1	0	0	0.1	0	False	0.3	3.0	5.0	70	NA	NA	NA	failed	early_stop_failed	5550	>46	46.72661428219006	-23	0.11884551061832756
1580	1	0	0	0.1	0	False	0.3	3.5	1.1	70	NA	NA	NA	failed	early_stop_failed	4550	>46	46.9415055277113	-23	0.07643179992174097
1581	1	0	0	0.1	0	False	0.3	3.5	1.5	70	NA	NA	NA	failed	early_stop_failed	5100	>46	46.59724094000268	-24	0.12408458912430569
1582	1	0	0	0.1	0	False	0.3	3.5	2.0	70	NA	NA	NA	failed	early_stop_failed	5050	>46	46.63625271202137	-24	0.12311703987609518
1583	1	0	0	0.1	0	False	0.3	3.5	3.0	70	NA	NA	NA	failed	early_stop_failed	5050	>46	46.499925046609015	-20	0.12380869495452919
1584	1	0	0	0.1	0	False	0.3	3.5	5.0	70	NA	NA	NA	failed	early_stop_failed	5200	>46	46.4877939134056	-22	0.1301324721325608
1585	1	0	0	0.1	0	False	0.3	4.0	1.1	70	NA	NA	NA	failed	early_stop_failed	4800	>46	46.72945138541305	-23	0.10908144624266089
1586	1	0	0	0.1	0	False	0.3	4.0	1.5	70	NA	NA	NA	failed	early_stop_failed	5150	>46	46.50290152976409	-23	0.13834002835785525
1587	1	0	0	0.1	0	False	0.3	4.0	2.0	70	NA	NA	NA	failed	early_stop_failed	4650	>46	46.65351908771217	-25	0.09972210734377641
1588	1	0	0	0.1	0	False	0.3	4.0	3.0	70	NA	NA	NA	failed	early_stop_failed	4700	>46	46.69102337952689	-19	0.10054922351566745
1589	1	0	0	0.1	0	False	0.3	4.0	5.0	70	NA	NA	NA	failed	early_stop_failed	4900	>46	46.47195900090878	-23	0.12911511636541845
1590	1	0	0	0.1	0	False	0.3	4.5	1.1	70	NA	NA	NA	failed	early_stop_failed	5350	>46	46.591036208573755	-23	0.14183549931606657
1591	1	0	0	0.1	0	False	0.3	4.5	1.5	70	NA	NA	NA	failed	early_stop_failed	4850	>46	46.73542304095003	-23	0.1106514578338563
1592	1	0	0	0.1	0	False	0.3	4.5	2.0	70	NA	NA	NA	failed	early_stop_failed	4950	>46	46.637765699388666	-22	0.11650224453609179
1593	1	0	0	0.1	0	False	0.3	4.5	3.0	70	NA	NA	NA	failed	early_stop_failed	4800	>46	46.71984420389669	-22	0.13674997646026152
1594	1	0	0	0.1	0	False	0.3	4.5	5.0	70	NA	NA	NA	failed	early_stop_failed	4400	>46	46.65020303012564	-24	0.12809720983549433
1595	1	0	0	0.1	0	False	0.3	5.0	1.1	70	NA	NA	NA	failed	early_stop_failed	4650	>46	46.4935466808747	-22	0.1285889095855122
1596	1	0	0	0.1	0	False	0.3	5.0	1.5	70	NA	NA	NA	failed	early_stop_failed	4800	>46	46.58480063158767	-23	0.1201257578324691
1597	1	0	0	0.1	0	False	0.3	5.0	2.0	70	NA	NA	NA	failed	early_stop_failed	4950	>46	46.55008640054162	-22	0.11679724335941215
1598	1	0	0	0.1	0	False	0.3	5.0	3.0	70	NA	NA	NA	failed	early_stop_failed	4950	>46	46.847786553951735	-24	0.15049776511826785
1599	1	0	0	0.1	0	False	0.3	5.0	5.0	70	NA	NA	NA	failed	early_stop_failed	4550	>46	46.758513082296076	-21	0.12360410013798548
1600	1	0	0	0.1	0	False	0.35	3.0	1.1	70	NA	NA	NA	extinct	population_extinct	100000	NA	NA	NA	NA
1601	1	0	0	0.1	0	False	0.35	3.0	1.5	70	NA	NA	NA	failed	early_stop_failed	4700	>46	46.60105581577571	-22	0.15712825142681555
1602	1	0	0	0.1	0	False	0.35	3.0	2.0	70	NA	NA	NA	failed	early_stop_failed	4500	>46	46.6183392041428	-22	0.11578137380666628
1603	1	0	0	0.1	0	False	0.35	3.0	3.0	70	NA	NA	NA	failed	early_stop_failed	4950	>46	46.59606736830064	-25	0.1255412895659197
1604	1	0	0	0.1	0	False	0.35	3.0	5.0	70	NA	NA	NA	failed	early_stop_failed	4950	>46	46.82892674979488	-23	0.10858477920435972
1605	1	0	0	0.1	0	False	0.35	3.5	1.1	70	NA	NA	NA	extinct	population_extinct	100000	NA	39.392857142857146	NA	NA
1606	1	0	0	0.1	0	False	0.35	3.5	1.5	70	NA	NA	NA	failed	early_stop_failed	5000	>46	46.58482133700865	-22	0.1413143572303005
1607	1	0	0	0.1	0	False	0.35	3.5	2.0	70	NA	NA	NA	failed	early_stop_failed	5150	>46	46.41069564167905	-22	0.13835881042779613
1608	1	0	0	0.1	0	False	0.35	3.5	3.0	70	NA	NA	NA	failed	early_stop_failed	4850	>46	46.67198649865235	-23	0.10973368970802916
1609	1	0	0	0.1	0	False	0.35	3.5	5.0	70	NA	NA	NA	failed	early_stop_failed	5050	>46	46.87334392626003	-24	0.09400952851826964
1610	1	0	0	0.1	0	False	0.35	4.0	1.1	70	NA	NA	NA	failed	early_stop_failed	4950	>46	46.617362148096944	-22	0.1359095220172603
1611	1	0	0	0.1	0	False	0.35	4.0	1.5	70	NA	NA	NA	failed	early_stop_failed	4600	>46	46.77403094349769	-22	0.11663001049493171
1612	1	0	0	0.1	0	False	0.35	4.0	2.0	70	NA	NA	NA	failed	early_stop_failed	4900	>46	46.74105256083922	-21	0.10186611538016477
1613	1	0	0	0.1	0	False	0.35	4.0	3.0	70	NA	NA	NA	failed	early_stop_failed	5250	>46	46.644797822762364	-20	0.11210231276869476
1614	1	0	0	0.1	0	False	0.35	4.0	5.0	70	NA	NA	NA	failed	early_stop_failed	4900	>46	46.588047774141494	-23	0.151353589045283
1615	1	0	0	0.1	0	False	0.35	4.5	1.1	70	NA	NA	NA	failed	early_stop_failed	5050	>46	46.54732747885586	-23	0.16947363479927155
1616	1	0	0	0.1	0	False	0.35	4.5	1.5	70	NA	NA	NA	failed	early_stop_failed	4850	>46	46.76163208015477	-21	0.12755357731834624
1617	1	0	0	0.1	0	False	0.35	4.5	2.0	70	NA	NA	NA	failed	early_stop_failed	5200	>46	46.54318550319002	-22	0.13161519179761533
1618	1	0	0	0.1	0	False	0.35	4.5	3.0	70	NA	NA	NA	failed	early_stop_failed	5150	>46	46.542834199086535	-23	0.13380426586298225
1619	1	0	0	0.1	0	False	0.35	4.5	5.0	70	NA	NA	NA	failed	early_stop_failed	4850	>46	46.556325544403634	-24	0.1342632831513632
1620	1	0	0	0.1	0	False	0.35	5.0	1.1	70	NA	NA	NA	failed	early_stop_failed	4850	>46	46.670445106798134	-20	0.10551482750329479
1621	1	0	0	0.1	0	False	0.35	5.0	1.5	70	NA	NA	NA	failed	early_stop_failed	4800	>46	46.48599144599204	-22	0.16423101892393333
1622	1	0	0	0.1	0	False	0.35	5.0	2.0	70	NA	NA	NA	failed	early_stop_failed	5200	>46	46.851995317363254	-24	0.1166268202937088
1623	1	0	0	0.1	0	False	0.35	5.0	3.0	70	NA	NA	NA	failed	early_stop_failed	4500	>46	46.68462876267343	-22	0.10241044126227869
1624	1	0	0	0.1	0	False	0.35	5.0	5.0	70	NA	NA	NA	failed	early_stop_failed	4200	>46	46.73812623653666	-24	0.1222873051888465
1625	0	1	0	0.1	0	False	NA	NA	NA	70	0.008	25.0	NA	succeed	early_stop_succeed	6400	41.66002013860923	41.70613993710382	-30	0.11492888126547522
1626	0	1	0	0.1	0	False	NA	NA	NA	70	0.008	25.0	NA	succeed	early_stop_succeed	2000	40.31781565404975	40.31412492465715	-30	0.26903342659283935
1627	0	1	0	0.1	0	False	NA	NA	NA	70	0.008	25.0	NA	succeed	early_stop_succeed	2000	40.130633778486114	40.12572535113773	-30	0.23052238797489996
1628	0	1	0	0.1	0	False	NA	NA	NA	70	0.008	25.0	NA	succeed	early_stop_succeed	2700	40.225112271203194	40.23454111002166	-30	0.20345213855467847
1629	0	1	0	0.1	0	False	NA	NA	NA	70	0.008	25.0	NA	succeed	early_stop_succeed	4700	41.21343402709497	41.22983278894672	-29	0.14633540185724714
1630	0	1	0	0.1	0	False	NA	NA	NA	70	0.008	25.0	NA	succeed	early_stop_succeed	3300	40.601348819062885	40.59220373305323	-30	0.1719587381952544
1631	0	1	0	0.1	0	False	NA	NA	NA	70	0.008	25.0	NA	succeed	early_stop_succeed	2000	40.09779279523106	40.04498646061373	-30	0.24077045208873757
1632	0	1	0	0.1	0	False	NA	NA	NA	70	0.008	25.0	NA	succeed	early_stop_succeed	2550	40.303106183805276	40.32511384307938	-30	0.19900141597561471
1633	0	1	0	0.1	0	False	NA	NA	NA	70	0.008	25.0	NA	succeed	early_stop_succeed	3100	40.615211585419345	40.63178626032581	-30	0.21831885088501163
1634	0	1	0	0.1	0	False	NA	NA	NA	70	0.008	25.0	NA	succeed	early_stop_succeed	3300	40.54391895331468	40.53610851797788	-30	0.16008150667197568
1635	0	1	0	0.1	0	False	NA	NA	NA	70	0.008	25.0	NA	succeed	early_stop_succeed	3000	40.578652411762995	40.59312770221479	-30	0.19176227221381328
1636	0	1	0	0.1	0	False	NA	NA	NA	70	0.008	25.0	NA	succeed	early_stop_succeed	2000	40.25894658463626	40.2414977072785	-30	0.25165291088333175
1637	0	1	0	0.1	0	False	NA	NA	NA	70	0.008	25.0	NA	succeed	early_stop_succeed	2500	40.36440976580873	40.389643512750624	-30	0.22022088657191344
1638	0	1	0	0.1	0	False	NA	NA	NA	70	0.008	25.0	NA	succeed	early_stop_succeed	4150	41.03693255905705	41.03585801953641	-29	0.15176502114399207
1639	0	1	0	0.1	0	False	NA	NA	NA	70	0.008	25.0	NA	succeed	early_stop_succeed	3450	40.93132366814806	40.8981223665776	-30	0.15781596943773463
1640	0	1	0	0.1	0	False	NA	NA	NA	70	0.008	25.0	NA	succeed	early_stop_succeed	3550	40.863564257788475	40.83458379085771	-29	0.1416302338405522
1641	0	1	0	0.1	0	False	NA	NA	NA	70	0.008	25.0	NA	succeed	early_stop_succeed	2050	40.256958837220836	40.242467167714835	-30	0.2207028666790644
1642	0	1	0	0.1	0	False	NA	NA	NA	70	0.008	25.0	NA	succeed	early_stop_succeed	2650	40.557421668707725	40.578171992438214	-30	0.19197030133044193
1643	0	1	0	0.1	0	False	NA	NA	NA	70	0.008	25.0	NA	succeed	early_stop_succeed	2000	40.156510776886584	40.115312258985405	-30	0.2673434123672535
1644	0	1	0	0.1	0	False	NA	NA	NA	70	0.008	25.0	NA	succeed	early_stop_succeed	4400	41.27707322190823	41.26049511671669	-28	0.15563153003964308
1645	0	1	0	0.1	0	False	NA	NA	NA	70	0.008	25.0	NA	succeed	early_stop_succeed	2000	40.135125187262794	40.15236085203418	-30	0.2727787170183547
1646	0	1	0	0.1	0	False	NA	NA	NA	70	0.008	25.0	NA	succeed	early_stop_succeed	2500	40.61559615727198	40.62085727373179	-30	0.18040074965923572
1647	0	1	0	0.1	0	False	NA	NA	NA	70	0.008	25.0	NA	succeed	early_stop_succeed	2250	40.31218642577708	40.32531888030365	-30	0.22772182880003566
1648	0	1	0	0.1	0	False	NA	NA	NA	70	0.008	25.0	NA	succeed	early_stop_succeed	4950	41.65631007029483	41.659033141545194	-27	0.12819615908994428
1649	0	1	0	0.1	0	False	NA	NA	NA	70	0.008	25.0	NA	succeed	early_stop_succeed	2000	40.192924572209826	40.15733291062652	-30	0.2514553902242701
1650	0	1	0	0.1	0	False	NA	NA	NA	70	0.008	25.0	NA	succeed	early_stop_succeed	2000	40.254075062092774	40.22827461840655	-30	0.27025919333433496
1651	0	1	0	0.1	0	False	NA	NA	NA	70	0.008	25.0	NA	succeed	early_stop_succeed	4350	41.06503049220177	41.07932794176276	-30	0.14200180011939403
1652	0	1	0	0.1	0	False	NA	NA	NA	70	0.008	25.0	NA	succeed	early_stop_succeed	2350	40.29894583842144	40.284462828728095	-30	0.2361629329733525
1653	0	1	0	0.1	0	False	NA	NA	NA	70	0.008	25.0	NA	succeed	early_stop_succeed	2350	40.27243877306094	40.27639208901312	-30	0.20772827541704872
1654	0	1	0	0.1	0	False	NA	NA	NA	70	0.008	25.0	NA	succeed	early_stop_succeed	2000	40.098833625769224	40.09613130213847	-30	0.285077197755384
1655	0	1	0	0.1	0	False	NA	NA	NA	70	0.008	25.0	NA	succeed	early_stop_succeed	3700	41.14280764955453	41.172498545432404	-30	0.14729097079222847
1656	0	1	0	0.1	0	False	NA	NA	NA	70	0.008	25.0	NA	succeed	early_stop_succeed	2200	40.290922891208176	40.260087620070465	-30	0.23224900478804397
1657	0	1	0	0.1	0	False	NA	NA	NA	70	0.008	25.0	NA	succeed	early_stop_succeed	2650	40.41136193097521	40.41864632405597	-30	0.2023098940613896
1658	0	1	0	0.1	0	False	NA	NA	NA	70	0.008	25.0	NA	succeed	early_stop_succeed	2250	40.18735979131239	40.201852552353245	-30	0.23984652396080455
1659	0	1	0	0.1	0	False	NA	NA	NA	70	0.008	25.0	NA	succeed	early_stop_succeed	4900	41.37591652744585	41.36880617488039	-30	0.15316502594903786
1660	0	1	0	0.1	0	False	NA	NA	NA	70	0.008	25.0	NA	succeed	early_stop_succeed	3850	41.15207530602593	41.19327516890867	-30	0.16028833609210025
1661	0	1	0	0.1	0	False	NA	NA	NA	70	0.008	25.0	NA	succeed	early_stop_succeed	2050	40.27394780933252	40.29392219483612	-30	0.2743138662262692
1662	0	1	0	0.1	0	False	NA	NA	NA	70	0.008	25.0	NA	succeed	early_stop_succeed	4150	41.235172253775126	41.23160854017801	-28	0.15106987967146732
1663	0	1	0	0.1	0	False	NA	NA	NA	70	0.008	25.0	NA	succeed	early_stop_succeed	6650	42.072377837712835	42.10275282571705	-27	0.12548413545176132
1664	0	1	0	0.1	0	False	NA	NA	NA	70	0.008	25.0	NA	succeed	early_stop_succeed	2300	40.18588931334468	40.136016456614406	-30	0.1971735398822117
1665	0	1	0	0.1	0	False	NA	NA	NA	70	0.008	25.0	NA	succeed	early_stop_succeed	2850	40.51694406443037	40.50185785163111	-30	0.19060014757687813
1666	0	1	0	0.1	0	False	NA	NA	NA	70	0.008	25.0	NA	succeed	early_stop_succeed	2850	40.512832907118536	40.5452381194892	-30	0.19667498295299057
1667	0	1	0	0.1	0	False	NA	NA	NA	70	0.008	25.0	NA	succeed	early_stop_succeed	2900	40.5339801528283	40.54937147312527	-30	0.16423181347701818
1668	0	1	0	0.1	0	False	NA	NA	NA	70	0.008	25.0	NA	succeed	early_stop_succeed	5100	41.19267940182263	41.18837880812326	-28	0.1474545972250287
1669	0	1	0	0.1	0	False	NA	NA	NA	70	0.008	25.0	NA	succeed	early_stop_succeed	3250	40.51948003511139	40.537641685978365	-30	0.15669871549663378
1670	0	1	0	0.1	0	False	NA	NA	NA	70	0.008	25.0	NA	succeed	early_stop_succeed	2000	40.273341072555155	40.2949996195939	-30	0.24043870275310086
1671	0	1	0	0.1	0	False	NA	NA	NA	70	0.008	25.0	NA	succeed	early_stop_succeed	4450	41.04679506402759	41.0509547486482	-29	0.14726506209597828
1672	0	1	0	0.1	0	False	NA	NA	NA	70	0.008	25.0	NA	succeed	early_stop_succeed	2400	40.15938673619334	40.19627962648005	-30	0.21999706781292105
1673	0	1	0	0.1	0	False	NA	NA	NA	70	0.008	25.0	NA	succeed	early_stop_succeed	2250	40.24038473837253	40.22623240517799	-30	0.23543495217116456
1674	0	1	0	0.1	0	False	NA	NA	NA	70	0.008	25.0	NA	succeed	early_stop_succeed	2050	40.14820767696343	40.11836723568692	-30	0.2746710218859391
1675	0	1	0	0.1	0	False	NA	NA	NA	70	0.008	25.0	NA	succeed	early_stop_succeed	4300	41.39130287093966	41.370806474408454	-30	0.1405110804183591
1676	0	1	0	0.1	0	False	NA	NA	NA	70	0.008	25.0	NA	succeed	early_stop_succeed	4450	41.22697857561662	41.23215453402518	-28	0.1510382771207652
1677	0	1	0	0.1	0	False	NA	NA	NA	70	0.008	25.0	NA	succeed	early_stop_succeed	2750	40.50872662878366	40.53136908334623	-30	0.19379655340748506
1678	0	1	0	0.1	0	False	NA	NA	NA	70	0.008	25.0	NA	succeed	early_stop_succeed	3400	40.65047655568013	40.647148553860205	-30	0.1503206634167647
1679	0	1	0	0.1	0	False	NA	NA	NA	70	0.008	25.0	NA	succeed	early_stop_succeed	4000	40.84630469995257	40.877206716802306	-30	0.1554568153521675
1680	0	1	0	0.1	0	False	NA	NA	NA	70	0.008	25.0	NA	succeed	early_stop_succeed	2150	40.089559808667076	40.096108809203265	-30	0.26296102616721273
1681	0	1	0	0.1	0	False	NA	NA	NA	70	0.008	25.0	NA	succeed	early_stop_succeed	2700	40.46539281525829	40.4836236435408	-30	0.19793143144160427
1682	0	1	0	0.1	0	False	NA	NA	NA	70	0.008	25.0	NA	succeed	early_stop_succeed	3400	40.760847730659194	40.755324167246016	-30	0.16103734020329963
1683	0	1	0	0.1	0	False	NA	NA	NA	70	0.008	25.0	NA	succeed	early_stop_succeed	2500	40.41325896590137	40.40427746811812	-30	0.2130252455662689
1684	0	1	0	0.1	0	False	NA	NA	NA	70	0.008	25.0	NA	succeed	early_stop_succeed	3100	40.817907950261905	40.81706916338491	-29	0.16263187784514585
1685	0	1	0	0.1	0	False	NA	NA	NA	70	0.008	25.0	NA	succeed	early_stop_succeed	2150	40.15793550884711	40.15494663030838	-30	0.2635121825374274
1686	0	1	0	0.1	0	False	NA	NA	NA	70	0.008	25.0	NA	succeed	early_stop_succeed	2050	40.262156923199754	40.248436126000406	-30	0.22928726358254678
1687	0	1	0	0.1	0	False	NA	NA	NA	70	0.008	25.0	NA	succeed	early_stop_succeed	2750	40.69534265190106	40.72770844014996	-30	0.1731747883920671
1688	0	1	0	0.1	0	False	NA	NA	NA	70	0.008	25.0	NA	succeed	early_stop_succeed	2250	40.375102793221394	40.36179156439015	-30	0.22356330332229418
1689	0	1	0	0.1	0	False	NA	NA	NA	70	0.008	25.0	NA	succeed	early_stop_succeed	2200	40.22257259877227	40.19806075254332	-30	0.21345621816491797
1690	0	1	0	0.1	0	False	NA	NA	NA	70	0.008	25.0	NA	succeed	early_stop_succeed	2400	40.14132668255562	40.13322176102865	-30	0.20550774621684537
1691	0	1	0	0.1	0	False	NA	NA	NA	70	0.008	25.0	NA	succeed	early_stop_succeed	2000	40.195811827378336	40.220031740484515	-30	0.25183940589026815
1692	0	1	0	0.1	0	False	NA	NA	NA	70	0.008	25.0	NA	succeed	early_stop_succeed	2050	39.98842509445675	39.9763367783337	-30	0.25977372188829767
1693	0	1	0	0.1	0	False	NA	NA	NA	70	0.008	25.0	NA	succeed	early_stop_succeed	4250	41.36768680223891	41.346695397746196	-29	0.16266139940263843
1694	0	1	0	0.1	0	False	NA	NA	NA	70	0.008	25.0	NA	succeed	early_stop_succeed	3750	40.93421879275992	40.96690131446968	-30	0.16338120122056568
1695	0	1	0	0.1	0	False	NA	NA	NA	70	0.008	25.0	NA	succeed	early_stop_succeed	3350	40.74227832944547	40.731175573168585	-29	0.16925789414385356
1696	0	1	0	0.1	0	False	NA	NA	NA	70	0.008	25.0	NA	succeed	early_stop_succeed	3350	40.45207487098202	40.4219451697609	-30	0.1653532765932873
1697	0	1	0	0.1	0	False	NA	NA	NA	70	0.008	25.0	NA	succeed	early_stop_succeed	3800	40.93434473003063	40.92635656301016	-30	0.1569179887047989
1698	0	1	0	0.1	0	False	NA	NA	NA	70	0.008	25.0	NA	succeed	early_stop_succeed	3000	40.59243949243136	40.59123278278798	-30	0.15607009313551262
1699	0	1	0	0.1	0	False	NA	NA	NA	70	0.008	25.0	NA	succeed	early_stop_succeed	4150	41.0915016739505	41.11447250313011	-29	0.15427075296872828
1700	0	1	0	0.1	0	False	NA	NA	NA	70	0.008	25.0	NA	succeed	early_stop_succeed	2200	40.34665376308909	40.331471689285316	-30	0.22235049123058498
1701	0	1	0	0.1	0	False	NA	NA	NA	70	0.008	25.0	NA	succeed	early_stop_succeed	2800	40.35096964690703	40.35561231414419	-30	0.17770291646217387
1702	0	1	0	0.1	0	False	NA	NA	NA	70	0.008	25.0	NA	succeed	early_stop_succeed	2750	40.41586192794833	40.40423469900794	-30	0.18823607567057432
1703	0	1	0	0.1	0	False	NA	NA	NA	70	0.008	25.0	NA	succeed	early_stop_succeed	2250	40.24583554500967	40.26568836179834	-30	0.19802038710882794
1704	0	1	0	0.1	0	False	NA	NA	NA	70	0.008	25.0	NA	succeed	early_stop_succeed	2000	40.16635568267263	40.1593481141564	-30	0.23955280341208515
1705	0	1	0	0.1	0	False	NA	NA	NA	70	0.008	25.0	NA	succeed	early_stop_succeed	2400	40.35345788912843	40.352689603031386	-30	0.21685353099201699
1706	0	1	0	0.1	0	False	NA	NA	NA	70	0.008	25.0	NA	succeed	early_stop_succeed	2200	40.24216736984358	40.24152835031081	-30	0.2559754998914172
1707	0	1	0	0.1	0	False	NA	NA	NA	70	0.008	25.0	NA	succeed	early_stop_succeed	2000	40.15033938460611	40.117453351601796	-30	0.26293691814134645
1708	0	1	0	0.1	0	False	NA	NA	NA	70	0.008	25.0	NA	succeed	early_stop_succeed	2050	40.200442882592185	40.19141229083895	-30	0.22399652384159602
1709	0	1	0	0.1	0	False	NA	NA	NA	70	0.008	25.0	NA	succeed	early_stop_succeed	2050	40.32142712886037	40.323983042076286	-30	0.25921148496415986
1710	0	1	0	0.1	0	False	NA	NA	NA	70	0.008	25.0	NA	succeed	early_stop_succeed	4300	40.99746329021871	40.972132795160874	-30	0.13921393947917632
1711	0	1	0	0.1	0	False	NA	NA	NA	70	0.008	25.0	NA	succeed	early_stop_succeed	3200	40.63888787553844	40.619049033845045	-30	0.19413531522488467
1712	0	1	0	0.1	0	False	NA	NA	NA	70	0.008	25.0	NA	succeed	early_stop_succeed	2450	40.577219565069896	40.57522523753174	-30	0.17175772136236958
1713	0	1	0	0.1	0	False	NA	NA	NA	70	0.008	25.0	NA	succeed	early_stop_succeed	2400	40.29330985364893	40.27197364165172	-30	0.24557585762263634
1714	0	1	0	0.1	0	False	NA	NA	NA	70	0.008	25.0	NA	succeed	early_stop_succeed	2700	40.420159326556906	40.42698032841907	-30	0.19788848520400182
1715	0	1	0	0.1	0	False	NA	NA	NA	70	0.008	25.0	NA	succeed	early_stop_succeed	2050	40.156460651737945	40.142860208007434	-30	0.2277513823507307
1716	0	1	0	0.1	0	False	NA	NA	NA	70	0.008	25.0	NA	succeed	early_stop_succeed	2800	40.63549872812099	40.656893343036266	-30	0.16696620959967043
1717	0	1	0	0.1	0	False	NA	NA	NA	70	0.008	25.0	NA	succeed	early_stop_succeed	2700	40.34145673184191	40.34686743959074	-30	0.1977633958932766
1718	0	1	0	0.1	0	False	NA	NA	NA	70	0.008	25.0	NA	succeed	early_stop_succeed	2050	40.18833930072359	40.17183654721003	-30	0.27019936619307044
1719	0	1	0	0.1	0	False	NA	NA	NA	70	0.008	25.0	NA	succeed	early_stop_succeed	2000	40.00856375425164	40.021796027320974	-30	0.2779651226744864
1720	0	1	0	0.1	0	False	NA	NA	NA	70	0.008	25.0	NA	succeed	early_stop_succeed	6800	42.50626899675637	42.50943571864511	-27	0.12261212663028688
1721	0	1	0	0.1	0	False	NA	NA	NA	70	0.008	25.0	NA	succeed	early_stop_succeed	2400	40.511827418454466	40.51276471846712	-30	0.20106533542646404
1722	0	1	0	0.1	0	False	NA	NA	NA	70	0.008	25.0	NA	succeed	early_stop_succeed	3100	40.589735455821625	40.58435945010402	-30	0.16292794916716807
1723	0	1	0	0.1	0	False	NA	NA	NA	70	0.008	25.0	NA	succeed	early_stop_succeed	2200	40.212999389532285	40.1994300136608	-30	0.2566548883406977
1724	0	1	0	0.1	0	False	NA	NA	NA	70	0.008	25.0	NA	succeed	early_stop_succeed	2900	40.512345512182584	40.50070063530111	-30	0.20996475822180852
1725	0	1	0	0.1	0	False	NA	NA	NA	70	0.008	25.0	NA	succeed	early_stop_succeed	3800	40.99685138552939	40.976071902809906	-28	0.1536022812911578
1726	0	1	0	0.1	0	False	NA	NA	NA	70	0.008	25.0	NA	succeed	early_stop_succeed	4100	40.95722777444033	40.95876941195387	-29	0.15944551972768603
1727	0	1	0	0.1	0	False	NA	NA	NA	70	0.008	25.0	NA	succeed	early_stop_succeed	4950	41.843216118780546	41.882593316888006	-29	0.13348770419242745
1728	0	1	0	0.1	0	False	NA	NA	NA	70	0.008	25.0	NA	succeed	early_stop_succeed	2000	40.12094074503374	40.09729972076732	-30	0.28432164452059855
1729	0	1	0	0.1	0	False	NA	NA	NA	70	0.008	25.0	NA	succeed	early_stop_succeed	2850	40.486716827480635	40.475003226030566	-30	0.19410883976081625
1730	0	1	0	0.1	0	False	NA	NA	NA	70	0.008	25.0	NA	succeed	early_stop_succeed	3850	40.995952720192136	41.03953563221693	-30	0.13430105250163898
1731	0	1	0	0.1	0	False	NA	NA	NA	70	0.008	25.0	NA	succeed	early_stop_succeed	5450	41.48682534745987	41.48301717331023	-29	0.1606930066186425
1732	0	1	0	0.1	0	False	NA	NA	NA	70	0.008	25.0	NA	succeed	early_stop_succeed	2400	40.39303129679687	40.37990360169197	-30	0.1912603018133505
1733	0	1	0	0.1	0	False	NA	NA	NA	70	0.008	25.0	NA	succeed	early_stop_succeed	4400	41.12634002463477	41.113649854644756	-30	0.15228281051529483
1734	0	1	0	0.1	0	False	NA	NA	NA	70	0.008	25.0	NA	succeed	early_stop_succeed	2650	40.311158328574734	40.312444348357424	-30	0.2186096997994377
1735	0	1	0	0.1	0	False	NA	NA	NA	70	0.008	25.0	NA	succeed	early_stop_succeed	5250	41.93210979221399	41.97652193563662	-28	0.13271857438296616
1736	0	1	0	0.1	0	False	NA	NA	NA	70	0.008	25.0	NA	succeed	early_stop_succeed	2000	40.17856453259964	40.173243371680016	-30	0.25168336333082963
1737	0	1	0	0.1	0	False	NA	NA	NA	70	0.008	25.0	NA	succeed	early_stop_succeed	3300	41.08579409482114	41.10751005833957	-30	0.17492851880449478
1738	0	1	0	0.1	0	False	NA	NA	NA	70	0.008	25.0	NA	succeed	early_stop_succeed	4000	41.020569620974236	41.005133853716316	-30	0.17233176067703465
1739	0	1	0	0.1	0	False	NA	NA	NA	70	0.008	25.0	NA	succeed	early_stop_succeed	3450	40.825074241590315	40.91018774502972	-30	0.1685179591004709
1740	0	1	0	0.1	0	False	NA	NA	NA	70	0.008	25.0	NA	succeed	early_stop_succeed	2250	40.47298246519978	40.48996248474538	-30	0.24460196499835352
1741	0	1	0	0.1	0	False	NA	NA	NA	70	0.008	25.0	NA	succeed	early_stop_succeed	2600	40.17162562793056	40.21017774118051	-30	0.18481287049690484
1742	0	1	0	0.1	0	False	NA	NA	NA	70	0.008	25.0	NA	succeed	early_stop_succeed	4100	41.18738370180013	41.20497291456883	-27	0.1543033281165803
1743	0	1	0	0.1	0	False	NA	NA	NA	70	0.008	25.0	NA	succeed	early_stop_succeed	3600	40.785187255657185	40.8113836664548	-28	0.15666010412349204
1744	0	1	0	0.1	0	False	NA	NA	NA	70	0.008	25.0	NA	succeed	early_stop_succeed	2100	40.21811063751693	40.21238463292645	-30	0.24920110755193928
1745	0	1	0	0.1	0	False	NA	NA	NA	70	0.008	25.0	NA	succeed	early_stop_succeed	2050	40.344164424394286	40.35315134851002	-30	0.25607373408890605
1746	0	1	0	0.1	0	False	NA	NA	NA	70	0.008	25.0	NA	succeed	early_stop_succeed	3250	40.691994432155326	40.717892241807064	-30	0.1830505657400453
1747	0	1	0	0.1	0	False	NA	NA	NA	70	0.008	25.0	NA	succeed	early_stop_succeed	3750	40.743743013186865	40.760426648743085	-30	0.14990737340437454
1748	0	1	0	0.1	0	False	NA	NA	NA	70	0.008	25.0	NA	succeed	early_stop_succeed	3600	40.59625828075938	40.61604224785248	-30	0.17586516181184272
1749	0	1	0	0.1	0	False	NA	NA	NA	70	0.008	25.0	NA	succeed	early_stop_succeed	2550	40.45719236958724	40.4660534346907	-30	0.2032701571206058
1750	0	0	1	0.1	0	False	NA	NA	NA	70	NA	NA	NA	failed	early_stop_failed	4900	>46	46.64687791444149	-22	0.11263616210627152
1751	0	0	1	0.1	0	False	NA	NA	NA	70	NA	NA	NA	failed	early_stop_failed	5100	>46	46.86928511844763	-24	0.12710510098676064
1752	0	0	1	0.1	0	False	NA	NA	NA	70	NA	NA	NA	failed	early_stop_failed	4800	>46	46.60121630923782	-23	0.13273761148383442
1753	0	0	1	0.1	0	False	NA	NA	NA	70	NA	NA	NA	failed	early_stop_failed	4200	>46	46.79783608752176	-20	0.09801044211876205
1754	0	0	1	0.1	0	False	NA	NA	NA	70	NA	NA	NA	failed	early_stop_failed	4200	>46	47.2857423324118	-23	0.09216393432618976
1755	0	0	1	0.1	0	False	NA	NA	NA	70	NA	NA	NA	failed	early_stop_failed	4800	>46	46.74494268868114	-23	0.1279337160770667
1756	0	0	1	0.1	0	False	NA	NA	NA	70	NA	NA	NA	failed	early_stop_failed	4400	>46	46.601729490893256	-23	0.12918352138313965
1757	0	0	1	0.1	0	False	NA	NA	NA	70	NA	NA	NA	failed	early_stop_failed	4800	>46	46.6661760749511	-23	0.13869903152717294
1758	0	0	1	0.1	0	False	NA	NA	NA	70	NA	NA	NA	failed	early_stop_failed	4350	>46	46.64359109547018	-21	0.12242650266747758
1759	0	0	1	0.1	0	False	NA	NA	NA	70	NA	NA	NA	failed	early_stop_failed	4450	>46	46.5489518740174	-23	0.11052674231705936
1760	0	0	1	0.1	0	False	NA	NA	NA	70	NA	NA	NA	failed	early_stop_failed	4350	>46	46.66714873452241	-21	0.11518613011320794
1761	0	0	1	0.1	0	False	NA	NA	NA	70	NA	NA	NA	failed	early_stop_failed	4200	>46	46.78331585453913	-24	0.10282147964951195
1762	0	0	1	0.1	0	False	NA	NA	NA	70	NA	NA	NA	failed	early_stop_failed	3950	>46	46.616821055266946	-23	0.13137353677717775
1763	0	0	1	0.1	0	False	NA	NA	NA	70	NA	NA	NA	failed	early_stop_failed	4600	>46	46.65582479819457	-24	0.14812095057090466
1764	0	0	1	0.1	0	False	NA	NA	NA	70	NA	NA	NA	failed	early_stop_failed	4500	>46	46.64037231188834	-25	0.1136937340739278
1765	0	0	1	0.1	0	False	NA	NA	NA	70	NA	NA	NA	failed	early_stop_failed	4400	>46	46.80867969626049	-24	0.10904650289419356
1766	0	0	1	0.1	0	False	NA	NA	NA	70	NA	NA	NA	failed	early_stop_failed	4350	>46	46.62327680737162	-24	0.11706075831853653
1767	0	0	1	0.1	0	False	NA	NA	NA	70	NA	NA	NA	failed	early_stop_failed	4850	>46	46.5544736032715	-22	0.1224204889214704
1768	0	0	1	0.1	0	False	NA	NA	NA	70	NA	NA	NA	failed	early_stop_failed	4400	>46	46.57112019050153	-23	0.14252191045418475
1769	0	0	1	0.1	0	False	NA	NA	NA	70	NA	NA	NA	failed	early_stop_failed	5000	>46	46.55608148314252	-21	0.12492862162309677
1770	0	0	1	0.1	0	False	NA	NA	NA	70	NA	NA	NA	failed	early_stop_failed	4200	>46	47.074698824147696	-24	0.11292550622692986
1771	0	0	1	0.1	0	False	NA	NA	NA	70	NA	NA	NA	failed	early_stop_failed	4550	>46	46.646681496409876	-22	0.14393463000155363
1772	0	0	1	0.1	0	False	NA	NA	NA	70	NA	NA	NA	failed	early_stop_failed	3850	>46	46.56087694620694	-21	0.13230379965070305
1773	0	0	1	0.1	0	False	NA	NA	NA	70	NA	NA	NA	failed	early_stop_failed	4600	>46	46.722851162911205	-21	0.12523492570164865
1774	0	0	1	0.1	0	False	NA	NA	NA	70	NA	NA	NA	failed	early_stop_failed	4100	>46	47.120382008560746	-22	0.08965027112794755
1775	0	0	1	0.1	0	False	NA	NA	NA	70	NA	NA	NA	failed	early_stop_failed	5200	>46	46.77775872814044	-23	0.12352036600706619
1776	0	0	1	0.1	0	False	NA	NA	NA	70	NA	NA	NA	failed	early_stop_failed	4800	>46	46.369746549182715	-23	0.16210693139882132
1777	0	0	1	0.1	0	False	NA	NA	NA	70	NA	NA	NA	failed	early_stop_failed	4600	>46	46.5660991450218	-22	0.13165882270798268
1778	0	0	1	0.1	0	False	NA	NA	NA	70	NA	NA	NA	failed	early_stop_failed	4300	>46	46.94177709484841	-22	0.11235014369055987
1779	0	0	1	0.1	0	False	NA	NA	NA	70	NA	NA	NA	failed	early_stop_failed	4500	>46	46.72160214997508	-25	0.10288020442134162
1780	0	0	1	0.1	0	False	NA	NA	NA	70	NA	NA	NA	failed	early_stop_failed	4750	>46	46.51975127161162	-22	0.14142798064622394
1781	0	0	1	0.1	0	False	NA	NA	NA	70	NA	NA	NA	failed	early_stop_failed	4400	>46	46.6989089569661	-22	0.16008097098747354
1782	0	0	1	0.1	0	False	NA	NA	NA	70	NA	NA	NA	failed	early_stop_failed	4750	>46	46.8149625781831	-23	0.1272829629147011
1783	0	0	1	0.1	0	False	NA	NA	NA	70	NA	NA	NA	failed	early_stop_failed	4900	>46	46.71145697972672	-23	0.11666490750627334
1784	0	0	1	0.1	0	False	NA	NA	NA	70	NA	NA	NA	failed	early_stop_failed	4850	>46	46.42967514943955	-22	0.1168013041872573
1785	0	0	1	0.1	0	False	NA	NA	NA	70	NA	NA	NA	failed	early_stop_failed	4450	>46	46.85676952351979	-23	0.1071864431797385
1786	0	0	1	0.1	0	False	NA	NA	NA	70	NA	NA	NA	failed	early_stop_failed	4750	>46	46.52704151413409	-25	0.11666778429788772
1787	0	0	1	0.1	0	False	NA	NA	NA	70	NA	NA	NA	failed	early_stop_failed	4150	>46	46.85908981572723	-24	0.09111631140095461
1788	0	0	1	0.1	0	False	NA	NA	NA	70	NA	NA	NA	failed	early_stop_failed	4800	>46	46.64936251321225	-22	0.12775793668548105
1789	0	0	1	0.1	0	False	NA	NA	NA	70	NA	NA	NA	failed	early_stop_failed	4650	>46	46.74445929479057	-23	0.12625145934065563
1790	0	0	1	0.1	0	False	NA	NA	NA	70	NA	NA	NA	failed	early_stop_failed	4550	>46	46.60191495415829	-23	0.10408548090893001
1791	0	0	1	0.1	0	False	NA	NA	NA	70	NA	NA	NA	failed	early_stop_failed	5000	>46	46.592395485982344	-24	0.13769170325420274
1792	0	0	1	0.1	0	False	NA	NA	NA	70	NA	NA	NA	failed	early_stop_failed	4150	>46	46.48272372478711	-23	0.12784958598787652
1793	0	0	1	0.1	0	False	NA	NA	NA	70	NA	NA	NA	failed	early_stop_failed	4250	>46	46.836683317270975	-23	0.10592363518574036
1794	0	0	1	0.1	0	False	NA	NA	NA	70	NA	NA	NA	failed	early_stop_failed	4100	>46	46.724707565583955	-21	0.12117227495769281
1795	0	0	1	0.1	0	False	NA	NA	NA	70	NA	NA	NA	failed	early_stop_failed	4900	>46	46.371987276077824	-22	0.1524712947265793
1796	0	0	1	0.1	0	False	NA	NA	NA	70	NA	NA	NA	failed	early_stop_failed	4400	>46	46.69093659999986	-22	0.10788154064776594
1797	0	0	1	0.1	0	False	NA	NA	NA	70	NA	NA	NA	failed	early_stop_failed	4550	>46	46.68168933580893	-24	0.13263573500400797
1798	0	0	1	0.1	0	False	NA	NA	NA	70	NA	NA	NA	failed	early_stop_failed	4250	>46	46.63156410850294	-23	0.13002356636753262
1799	0	0	1	0.1	0	False	NA	NA	NA	70	NA	NA	NA	failed	early_stop_failed	4700	>46	46.63006980452468	-23	0.1651925939784495
1800	0	0	1	0.1	0	False	NA	NA	NA	70	NA	NA	NA	failed	early_stop_failed	4650	>46	46.67471744652341	-22	0.11475234646261752
1801	0	0	1	0.1	0	False	NA	NA	NA	70	NA	NA	NA	failed	early_stop_failed	4100	>46	46.91274427860973	-24	0.10893693313405362
1802	0	0	1	0.1	0	False	NA	NA	NA	70	NA	NA	NA	failed	early_stop_failed	4100	>46	46.56648021947082	-24	0.10285193238103515
1803	0	0	1	0.1	0	False	NA	NA	NA	70	NA	NA	NA	failed	early_stop_failed	4200	>46	46.65563020025904	-24	0.12022735568261439
1804	0	0	1	0.1	0	False	NA	NA	NA	70	NA	NA	NA	failed	early_stop_failed	4750	>46	46.49853280113164	-23	0.15802575652922898
1805	0	0	1	0.1	0	False	NA	NA	NA	70	NA	NA	NA	failed	early_stop_failed	4500	>46	46.5696796423312	-21	0.12305874303254974
1806	0	0	1	0.1	0	False	NA	NA	NA	70	NA	NA	NA	failed	early_stop_failed	4850	>46	46.40251724681601	-24	0.14768473404396495
1807	0	0	1	0.1	0	False	NA	NA	NA	70	NA	NA	NA	failed	early_stop_failed	4500	>46	46.484052914119516	-24	0.14380117030637016
1808	0	0	1	0.1	0	False	NA	NA	NA	70	NA	NA	NA	failed	early_stop_failed	5050	>46	46.50755705176281	-24	0.1320330527524518
1809	0	0	1	0.1	0	False	NA	NA	NA	70	NA	NA	NA	failed	early_stop_failed	4500	>46	46.680451803570556	-24	0.1332518020680152
1810	0	0	1	0.1	0	False	NA	NA	NA	70	NA	NA	NA	failed	early_stop_failed	4550	>46	46.47505905200188	-23	0.11635138692352244
1811	0	0	1	0.1	0	False	NA	NA	NA	70	NA	NA	NA	failed	early_stop_failed	4800	>46	46.69309882510576	-24	0.11683281770260358
1812	0	0	1	0.1	0	False	NA	NA	NA	70	NA	NA	NA	failed	early_stop_failed	5250	>46	46.62236852283179	-23	0.1388732547185344
1813	0	0	1	0.1	0	False	NA	NA	NA	70	NA	NA	NA	failed	early_stop_failed	4500	>46	46.94146663111434	-20	0.10989604925772245
1814	0	0	1	0.1	0	False	NA	NA	NA	70	NA	NA	NA	failed	early_stop_failed	4950	>46	46.51276954608285	-22	0.1255518918760814
1815	0	0	1	0.1	0	False	NA	NA	NA	70	NA	NA	NA	failed	early_stop_failed	4800	>46	46.473852474754786	-22	0.15955379395263208
1816	0	0	1	0.1	0	False	NA	NA	NA	70	NA	NA	NA	failed	early_stop_failed	4650	>46	46.65431698369143	-24	0.12072840051266023
1817	0	0	1	0.1	0	False	NA	NA	NA	70	NA	NA	NA	failed	early_stop_failed	4700	>46	46.71512799249285	-20	0.10743395562606342
1818	0	0	1	0.1	0	False	NA	NA	NA	70	NA	NA	NA	failed	early_stop_failed	4950	>46	46.68273418968747	-23	0.13410301393774832
1819	0	0	1	0.1	0	False	NA	NA	NA	70	NA	NA	NA	failed	early_stop_failed	4000	>46	47.030827452505044	-25	0.10148226331363361
1820	0	0	1	0.1	0	False	NA	NA	NA	70	NA	NA	NA	failed	early_stop_failed	4650	>46	46.571818818440526	-22	0.10524604767103307
1821	0	0	1	0.1	0	False	NA	NA	NA	70	NA	NA	NA	failed	early_stop_failed	4450	>46	46.46216779232711	-24	0.13866747090716436
1822	0	0	1	0.1	0	False	NA	NA	NA	70	NA	NA	NA	failed	early_stop_failed	4450	>46	46.99138403903424	-23	0.09699002013927462
1823	0	0	1	0.1	0	False	NA	NA	NA	70	NA	NA	NA	failed	early_stop_failed	4450	>46	46.7395266165206	-21	0.10119605317338767
1824	0	0	1	0.1	0	False	NA	NA	NA	70	NA	NA	NA	failed	early_stop_failed	4250	>46	46.687019418348925	-22	0.1261817751244896
1825	0	0	1	0.1	0	False	NA	NA	NA	70	NA	NA	NA	failed	early_stop_failed	4200	>46	46.74541833383229	-23	0.12408585839494313
1826	0	0	1	0.1	0	False	NA	NA	NA	70	NA	NA	NA	failed	early_stop_failed	4300	>46	46.92272047741169	-22	0.10289554766919064
1827	0	0	1	0.1	0	False	NA	NA	NA	70	NA	NA	NA	failed	early_stop_failed	4150	>46	46.57175768530938	-24	0.1067332622138077
1828	0	0	1	0.1	0	False	NA	NA	NA	70	NA	NA	NA	failed	early_stop_failed	4150	>46	46.761427094361515	-26	0.10419964584072934
1829	0	0	1	0.1	0	False	NA	NA	NA	70	NA	NA	NA	failed	early_stop_failed	4650	>46	46.71861366546294	-23	0.12292013130983138
1830	0	0	1	0.1	0	False	NA	NA	NA	70	NA	NA	NA	failed	early_stop_failed	4650	>46	46.80533270987211	-22	0.11353233018926934
1831	0	0	1	0.1	0	False	NA	NA	NA	70	NA	NA	NA	failed	early_stop_failed	4550	>46	46.84969146141147	-25	0.11342509510184912
1832	0	0	1	0.1	0	False	NA	NA	NA	70	NA	NA	NA	failed	early_stop_failed	4350	>46	46.7639356356211	-20	0.10127231808970295
1833	0	0	1	0.1	0	False	NA	NA	NA	70	NA	NA	NA	failed	early_stop_failed	4650	>46	46.774670035881236	-23	0.12434146546539254
1834	0	0	1	0.1	0	False	NA	NA	NA	70	NA	NA	NA	failed	early_stop_failed	4800	>46	46.83669887198462	-24	0.12966602289710785
1835	0	0	1	0.1	0	False	NA	NA	NA	70	NA	NA	NA	failed	early_stop_failed	4400	>46	46.73412586761366	-22	0.12403305961688053
1836	0	0	1	0.1	0	False	NA	NA	NA	70	NA	NA	NA	failed	early_stop_failed	4500	>46	46.48713400499882	-23	0.1278877046507977
1837	0	0	1	0.1	0	False	NA	NA	NA	70	NA	NA	NA	failed	early_stop_failed	5150	>46	46.55047498058666	-24	0.1179776372837116
1838	0	0	1	0.1	0	False	NA	NA	NA	70	NA	NA	NA	failed	early_stop_failed	4400	>46	46.788112281952316	-22	0.12222953169890279
1839	0	0	1	0.1	0	False	NA	NA	NA	70	NA	NA	NA	failed	early_stop_failed	5400	>46	46.559047390790134	-21	0.12435428094586604
1840	0	0	1	0.1	0	False	NA	NA	NA	70	NA	NA	NA	failed	early_stop_failed	4450	>46	46.63238434547652	-23	0.15042747246128438
1841	0	0	1	0.1	0	False	NA	NA	NA	70	NA	NA	NA	failed	early_stop_failed	4400	>46	46.780123059294056	-24	0.10277292954627221
1842	0	0	1	0.1	0	False	NA	NA	NA	70	NA	NA	NA	failed	early_stop_failed	4350	>46	46.48486248863714	-23	0.12065490617682856
1843	0	0	1	0.1	0	False	NA	NA	NA	70	NA	NA	NA	failed	early_stop_failed	4550	>46	46.67284951167663	-22	0.10698844593740585
1844	0	0	1	0.1	0	False	NA	NA	NA	70	NA	NA	NA	failed	early_stop_failed	4300	>46	46.872391705105535	-23	0.11133235296795269
1845	0	0	1	0.1	0	False	NA	NA	NA	70	NA	NA	NA	failed	early_stop_failed	4550	>46	46.856802470142114	-24	0.11930949442497858
1846	0	0	1	0.1	0	False	NA	NA	NA	70	NA	NA	NA	failed	early_stop_failed	4450	>46	46.63427277651253	-22	0.15293061891353876
1847	0	0	1	0.1	0	False	NA	NA	NA	70	NA	NA	NA	failed	early_stop_failed	4500	>46	46.60630212719768	-22	0.12897451978391303
1848	0	0	1	0.1	0	False	NA	NA	NA	70	NA	NA	NA	failed	early_stop_failed	4500	>46	46.875099022562665	-25	0.09948976497857753
1849	0	0	1	0.1	0	False	NA	NA	NA	70	NA	NA	NA	failed	early_stop_failed	4450	>46	46.97808859157094	-19	0.10595265901833095
1850	0	0	1	0.1	0	False	NA	NA	NA	70	NA	NA	NA	failed	early_stop_failed	4300	>46	46.47868629928454	-23	0.1188776148274556
1851	0	0	1	0.1	0	False	NA	NA	NA	70	NA	NA	NA	failed	early_stop_failed	4350	>46	46.58630259890141	-23	0.13986342365336144
1852	0	0	1	0.1	0	False	NA	NA	NA	70	NA	NA	NA	failed	early_stop_failed	4450	>46	46.55979416214889	-24	0.15431928391220814
1853	0	0	1	0.1	0	False	NA	NA	NA	70	NA	NA	NA	failed	early_stop_failed	4750	>46	46.43753864537824	-24	0.12450093068614003
1854	0	0	1	0.1	0	False	NA	NA	NA	70	NA	NA	NA	failed	early_stop_failed	4600	>46	46.502509126108244	-23	0.12959242297515308
1855	0	0	1	0.1	0	False	NA	NA	NA	70	NA	NA	NA	failed	early_stop_failed	4700	>46	46.53011029086939	-22	0.13729016788893486
1856	0	0	1	0.1	0	False	NA	NA	NA	70	NA	NA	NA	failed	early_stop_failed	4350	>46	46.706076772791945	-23	0.10483284338356888
1857	0	0	1	0.1	0	False	NA	NA	NA	70	NA	NA	NA	failed	early_stop_failed	4000	>46	47.257458054657995	-25	0.09161021736170445
1858	0	0	1	0.1	0	False	NA	NA	NA	70	NA	NA	NA	failed	early_stop_failed	4700	>46	46.62637692836884	-24	0.12329864640341803
1859	0	0	1	0.1	0	False	NA	NA	NA	70	NA	NA	NA	failed	early_stop_failed	4850	>46	46.66140001050901	-22	0.1633893880534583
1860	0	0	1	0.1	0	False	NA	NA	NA	70	NA	NA	NA	failed	early_stop_failed	4700	>46	46.72354710348367	-25	0.11627987759955698
1861	0	0	1	0.1	0	False	NA	NA	NA	70	NA	NA	NA	failed	early_stop_failed	5000	>46	46.62446010107333	-22	0.12427443918167504
1862	0	0	1	0.1	0	False	NA	NA	NA	70	NA	NA	NA	failed	early_stop_failed	4500	>46	46.66154902820322	-20	0.11945402611240671
1863	0	0	1	0.1	0	False	NA	NA	NA	70	NA	NA	NA	failed	early_stop_failed	5100	>46	46.809793372056504	-23	0.12166498310636366
1864	0	0	1	0.1	0	False	NA	NA	NA	70	NA	NA	NA	failed	early_stop_failed	4400	>46	46.91400518345657	-22	0.11132667727767392
1865	0	0	1	0.1	0	False	NA	NA	NA	70	NA	NA	NA	failed	early_stop_failed	5050	>46	46.839055669153545	-23	0.12305009873731003
1866	0	0	1	0.1	0	False	NA	NA	NA	70	NA	NA	NA	failed	early_stop_failed	4250	>46	46.734666521189155	-21	0.13143994737772619
1867	0	0	1	0.1	0	False	NA	NA	NA	70	NA	NA	NA	failed	early_stop_failed	4500	>46	46.66963863054618	-25	0.11020245187600958
1868	0	0	1	0.1	0	False	NA	NA	NA	70	NA	NA	NA	failed	early_stop_failed	4500	>46	46.85615844950319	-22	0.12812404608238542
1869	0	0	1	0.1	0	False	NA	NA	NA	70	NA	NA	NA	failed	early_stop_failed	4850	>46	46.61156610039795	-22	0.11756344586725387
1870	0	0	1	0.1	0	False	NA	NA	NA	70	NA	NA	NA	failed	early_stop_failed	4750	>46	46.60272096064663	-24	0.12872639788663975
1871	0	0	1	0.1	0	False	NA	NA	NA	70	NA	NA	NA	failed	early_stop_failed	4650	>46	46.686095500579206	-21	0.13964281924683017
1872	0	0	1	0.1	0	False	NA	NA	NA	70	NA	NA	NA	failed	early_stop_failed	5100	>46	46.3567832986204	-23	0.15056538518264895
1873	0	0	1	0.1	0	False	NA	NA	NA	70	NA	NA	NA	failed	early_stop_failed	4300	>46	46.67266470881752	-21	0.12171203121622716
1874	0	0	1	0.1	0	False	NA	NA	NA	70	NA	NA	NA	failed	early_stop_failed	4650	>46	46.75132066429492	-21	0.12140533379194453
1875	1	1	0	0.1	0	False	0.15	3.0	1.1	70	0.008	25.0	NA	extinct	population_extinct	100000	NA	NA	NA	NA
1876	1	1	0	0.1	0	False	0.15	3.0	1.5	70	0.008	25.0	NA	succeed	early_stop_succeed	2100	39.768319506767995	39.736579276597155	-30	0.2366383138196863
1877	1	1	0	0.1	0	False	0.15	3.0	2.0	70	0.008	25.0	NA	succeed	early_stop_succeed	2200	39.8043460231139	39.835508124992224	-30	0.22015538005216626
1878	1	1	0	0.1	0	False	0.15	3.0	3.0	70	0.008	25.0	NA	succeed	early_stop_succeed	2000	39.79876692679858	39.850115784689095	-30	0.21954345987374602
1879	1	1	0	0.1	0	False	0.15	3.0	5.0	70	0.008	25.0	NA	succeed	early_stop_succeed	2300	39.91604622982525	39.89921544197324	-30	0.22820835740890644
1880	1	1	0	0.1	0	False	0.15	3.5	1.1	70	0.008	25.0	NA	extinct	population_extinct	100000	NA	39.10311098621901	NA	NA
1881	1	1	0	0.1	0	False	0.15	3.5	1.5	70	0.008	25.0	NA	succeed	early_stop_succeed	2300	39.847739617253204	39.82578991082193	-30	0.18259367735337315
1882	1	1	0	0.1	0	False	0.15	3.5	2.0	70	0.008	25.0	NA	succeed	early_stop_succeed	2150	39.841078447308334	39.82676471030153	-30	0.24092502791567405
1883	1	1	0	0.1	0	False	0.15	3.5	3.0	70	0.008	25.0	NA	succeed	early_stop_succeed	2150	40.02265470710606	40.038006043991565	-30	0.2678230870605008
1884	1	1	0	0.1	0	False	0.15	3.5	5.0	70	0.008	25.0	NA	succeed	early_stop_succeed	2200	39.984984657149866	39.9969723608604	-30	0.24649103732812228
1885	1	1	0	0.1	0	False	0.15	4.0	1.1	70	0.008	25.0	NA	succeed	early_stop_succeed	2000	39.77619479892123	39.80000575632896	-30	0.23967260292368234
1886	1	1	0	0.1	0	False	0.15	4.0	1.5	70	0.008	25.0	NA	succeed	early_stop_succeed	2150	39.90920378738505	39.86778043531964	-30	0.23821721684882532
1887	1	1	0	0.1	0	False	0.15	4.0	2.0	70	0.008	25.0	NA	succeed	early_stop_succeed	2000	39.90994390719952	39.895302093380515	-30	0.24688790983977946
1888	1	1	0	0.1	0	False	0.15	4.0	3.0	70	0.008	25.0	NA	succeed	early_stop_succeed	2700	40.27534014960336	40.25888687775368	-30	0.18845521109271224
1889	1	1	0	0.1	0	False	0.15	4.0	5.0	70	0.008	25.0	NA	succeed	early_stop_succeed	2000	40.23637612313979	40.24584871421238	-30	0.23023317802739385
1890	1	1	0	0.1	0	False	0.15	4.5	1.1	70	0.008	25.0	NA	succeed	early_stop_succeed	2250	39.97696312812625	39.95596013734607	-30	0.23722799936632125
1891	1	1	0	0.1	0	False	0.15	4.5	1.5	70	0.008	25.0	NA	succeed	early_stop_succeed	2000	40.0792920938983	40.0863126821965	-30	0.2569244507818827
1892	1	1	0	0.1	0	False	0.15	4.5	2.0	70	0.008	25.0	NA	succeed	early_stop_succeed	2250	40.145808017526676	40.136052690017735	-30	0.24842387339099412
1893	1	1	0	0.1	0	False	0.15	4.5	3.0	70	0.008	25.0	NA	succeed	early_stop_succeed	2000	39.984787945654986	40.006333364683755	-30	0.29964417422765416
1894	1	1	0	0.1	0	False	0.15	4.5	5.0	70	0.008	25.0	NA	succeed	early_stop_succeed	2000	40.11861282294504	40.118352220215975	-30	0.2616608672520668
1895	1	1	0	0.1	0	False	0.15	5.0	1.1	70	0.008	25.0	NA	succeed	early_stop_succeed	2000	39.93214468508728	39.911236648011865	-30	0.2681095111587705
1896	1	1	0	0.1	0	False	0.15	5.0	1.5	70	0.008	25.0	NA	succeed	early_stop_succeed	2150	39.98171531623098	39.968900434001334	-30	0.23946785393353867
1897	1	1	0	0.1	0	False	0.15	5.0	2.0	70	0.008	25.0	NA	succeed	early_stop_succeed	2000	40.21280141099707	40.19773895193991	-30	0.2742676564566809
1898	1	1	0	0.1	0	False	0.15	5.0	3.0	70	0.008	25.0	NA	succeed	early_stop_succeed	5150	41.11790334520011	41.17984978211795	-29	0.15458298619923583
1899	1	1	0	0.1	0	False	0.15	5.0	5.0	70	0.008	25.0	NA	succeed	early_stop_succeed	4450	41.19155969810854	41.19698284002245	-30	0.1528249777721422
1900	1	1	0	0.1	0	False	0.2	3.0	1.1	70	0.008	25.0	NA	extinct	population_extinct	100000	NA	NA	NA	NA
1901	1	1	0	0.1	0	False	0.2	3.0	1.5	70	0.008	25.0	NA	extinct	population_extinct	100000	NA	NA	NA	NA
1902	1	1	0	0.1	0	False	0.2	3.0	2.0	70	0.008	25.0	NA	succeed	early_stop_succeed	3150	39.44639320701101	39.42879914874036	-30	0.1512007874348825
1903	1	1	0	0.1	0	False	0.2	3.0	3.0	70	0.008	25.0	NA	succeed	early_stop_succeed	2250	40.06760645951817	40.06129117175431	-30	0.20106372990263374
1904	1	1	0	0.1	0	False	0.2	3.0	5.0	70	0.008	25.0	NA	succeed	early_stop_succeed	2000	39.715198339127895	39.735171212093356	-30	0.2291176432022396
1905	1	1	0	0.1	0	False	0.2	3.5	1.1	70	0.008	25.0	NA	extinct	population_extinct	100000	NA	NA	NA	NA
1906	1	1	0	0.1	0	False	0.2	3.5	1.5	70	0.008	25.0	NA	succeed	early_stop_succeed	2000	39.93126258155918	39.92275476504447	-30	0.2391570574888857
1907	1	1	0	0.1	0	False	0.2	3.5	2.0	70	0.008	25.0	NA	succeed	early_stop_succeed	2300	39.98077987214076	39.9822475688827	-30	0.2100110712969809
1908	1	1	0	0.1	0	False	0.2	3.5	3.0	70	0.008	25.0	NA	succeed	early_stop_succeed	2150	39.91082749882054	39.89011160097526	-30	0.23087099529741142
1909	1	1	0	0.1	0	False	0.2	3.5	5.0	70	0.008	25.0	NA	succeed	early_stop_succeed	2150	39.94532493295302	39.91045662738514	-30	0.259403569266147
1910	1	1	0	0.1	0	False	0.2	4.0	1.1	70	0.008	25.0	NA	extinct	population_extinct	100000	NA	39.818575707614144	NA	NA
1911	1	1	0	0.1	0	False	0.2	4.0	1.5	70	0.008	25.0	NA	succeed	early_stop_succeed	2000	39.839835397483824	39.82975599496617	-30	0.22215954913390487
1912	1	1	0	0.1	0	False	0.2	4.0	2.0	70	0.008	25.0	NA	succeed	early_stop_succeed	2000	40.160555223819664	40.14903077860906	-30	0.22458023053154647
1913	1	1	0	0.1	0	False	0.2	4.0	3.0	70	0.008	25.0	NA	succeed	early_stop_succeed	3050	40.41035800503287	40.40293087028274	-30	0.16449046385040947
1914	1	1	0	0.1	0	False	0.2	4.0	5.0	70	0.008	25.0	NA	succeed	early_stop_succeed	2250	40.155617497181936	40.19199607432269	-30	0.23205851237959638
1915	1	1	0	0.1	0	False	0.2	4.5	1.1	70	0.008	25.0	NA	succeed	early_stop_succeed	2000	39.80379725203812	39.766251681895405	-30	0.2536998807273511
1916	1	1	0	0.1	0	False	0.2	4.5	1.5	70	0.008	25.0	NA	succeed	early_stop_succeed	3050	39.613639533250996	39.595988552128865	-30	0.1668982030439188
1917	1	1	0	0.1	0	False	0.2	4.5	2.0	70	0.008	25.0	NA	succeed	early_stop_succeed	2350	39.88994624472152	39.878783984077	-30	0.24861661268751903
1918	1	1	0	0.1	0	False	0.2	4.5	3.0	70	0.008	25.0	NA	succeed	early_stop_succeed	2050	39.964347811359026	39.950339081114286	-30	0.25755704464293516
1919	1	1	0	0.1	0	False	0.2	4.5	5.0	70	0.008	25.0	NA	succeed	early_stop_succeed	2050	40.15487769606325	40.150987429641305	-30	0.2413423937901715
1920	1	1	0	0.1	0	False	0.2	5.0	1.1	70	0.008	25.0	NA	succeed	early_stop_succeed	2000	39.8633020587961	39.85683035409992	-30	0.22614193026184132
1921	1	1	0	0.1	0	False	0.2	5.0	1.5	70	0.008	25.0	NA	succeed	early_stop_succeed	2050	39.91385991646953	39.89582157729796	-30	0.26892786153055664
1922	1	1	0	0.1	0	False	0.2	5.0	2.0	70	0.008	25.0	NA	succeed	early_stop_succeed	2450	40.04936712623434	40.054295109399355	-30	0.21765061064546484
1923	1	1	0	0.1	0	False	0.2	5.0	3.0	70	0.008	25.0	NA	succeed	early_stop_succeed	2450	40.447572612232186	40.44724681337421	-30	0.21873126008247
1924	1	1	0	0.1	0	False	0.2	5.0	5.0	70	0.008	25.0	NA	succeed	early_stop_succeed	6300	42.1030432589882	42.10477451383054	-28	0.14327631372875052
1925	1	1	0	0.1	0	False	0.25	3.0	1.1	70	0.008	25.0	NA	extinct	population_extinct	100000	NA	NA	NA	NA
1926	1	1	0	0.1	0	False	0.25	3.0	1.5	70	0.008	25.0	NA	extinct	population_extinct	100000	NA	NA	NA	NA
1927	1	1	0	0.1	0	False	0.25	3.0	2.0	70	0.008	25.0	NA	succeed	early_stop_succeed	2000	39.56392602204819	39.5149474658432	-30	0.3112826389847343
1928	1	1	0	0.1	0	False	0.25	3.0	3.0	70	0.008	25.0	NA	succeed	early_stop_succeed	2000	39.68757139201689	39.71444648961236	-30	0.23728360169676266
1929	1	1	0	0.1	0	False	0.25	3.0	5.0	70	0.008	25.0	NA	succeed	early_stop_succeed	2650	39.4457947105132	39.43685728011583	-30	0.17390830074969973
1930	1	1	0	0.1	0	False	0.25	3.5	1.1	70	0.008	25.0	NA	extinct	population_extinct	100000	NA	NA	NA	NA
1931	1	1	0	0.1	0	False	0.25	3.5	1.5	70	0.008	25.0	NA	succeed	early_stop_succeed	2000	40.12543705521433	40.11602049777121	-30	0.2542321586437383
1932	1	1	0	0.1	0	False	0.25	3.5	2.0	70	0.008	25.0	NA	succeed	early_stop_succeed	2750	39.6254888636661	39.65604759826769	-30	0.16502321608772738
1933	1	1	0	0.1	0	False	0.25	3.5	3.0	70	0.008	25.0	NA	succeed	early_stop_succeed	2050	39.820690965412865	39.818207697797334	-30	0.25520782893869476
1934	1	1	0	0.1	0	False	0.25	3.5	5.0	70	0.008	25.0	NA	succeed	early_stop_succeed	2100	40.004872805103446	40.0233900388779	-30	0.2154315672745188
1935	1	1	0	0.1	0	False	0.25	4.0	1.1	70	0.008	25.0	NA	extinct	population_extinct	100000	NA	NA	NA	NA
1936	1	1	0	0.1	0	False	0.25	4.0	1.5	70	0.008	25.0	NA	succeed	early_stop_succeed	3500	39.47524743613546	39.458414418727834	-31	0.16433852483423317
1937	1	1	0	0.1	0	False	0.25	4.0	2.0	70	0.008	25.0	NA	succeed	early_stop_succeed	2150	40.178963203975	40.1639619817315	-30	0.24299388905901306
1938	1	1	0	0.1	0	False	0.25	4.0	3.0	70	0.008	25.0	NA	succeed	early_stop_succeed	2000	40.13020073364509	40.1138905979514	-30	0.2349349421802576
1939	1	1	0	0.1	0	False	0.25	4.0	5.0	70	0.008	25.0	NA	succeed	early_stop_succeed	2200	40.10850487265813	40.09271696399574	-30	0.20935841745778253
1940	1	1	0	0.1	0	False	0.25	4.5	1.1	70	0.008	25.0	NA	succeed	early_stop_succeed	2000	39.792906499878896	39.82114232418158	-30	0.2639830097158994
1941	1	1	0	0.1	0	False	0.25	4.5	1.5	70	0.008	25.0	NA	succeed	early_stop_succeed	2000	40.01317703355332	40.01347529012531	-30	0.2425630200663377
1942	1	1	0	0.1	0	False	0.25	4.5	2.0	70	0.008	25.0	NA	succeed	early_stop_succeed	2000	40.09722828556568	40.058517278891095	-30	0.23416162439041752
1943	1	1	0	0.1	0	False	0.25	4.5	3.0	70	0.008	25.0	NA	succeed	early_stop_succeed	2050	39.964816505368134	39.958478125118695	-30	0.22230599697430659
1944	1	1	0	0.1	0	False	0.25	4.5	5.0	70	0.008	25.0	NA	succeed	early_stop_succeed	2000	40.20505483743885	40.1664290381637	-30	0.24651894395797783
1945	1	1	0	0.1	0	False	0.25	5.0	1.1	70	0.008	25.0	NA	succeed	early_stop_succeed	2100	39.8281577846558	39.82482192233304	-30	0.23995020204594686
1946	1	1	0	0.1	0	False	0.25	5.0	1.5	70	0.008	25.0	NA	succeed	early_stop_succeed	2450	40.15242504097336	40.200937418530415	-30	0.246904722805915
1947	1	1	0	0.1	0	False	0.25	5.0	2.0	70	0.008	25.0	NA	succeed	early_stop_succeed	2450	40.23645894529306	40.25700111856323	-30	0.23899341620958103
1948	1	1	0	0.1	0	False	0.25	5.0	3.0	70	0.008	25.0	NA	succeed	early_stop_succeed	2350	40.40477382890473	40.39418917200122	-30	0.2031776434903432
1949	1	1	0	0.1	0	False	0.25	5.0	5.0	70	0.008	25.0	NA	succeed	early_stop_succeed	2450	40.416042571029124	40.41484100248039	-30	0.20794037512102814
1950	1	1	0	0.1	0	False	0.3	3.0	1.1	70	0.008	25.0	NA	extinct	population_extinct	100000	NA	NA	NA	NA
1951	1	1	0	0.1	0	False	0.3	3.0	1.5	70	0.008	25.0	NA	extinct	population_extinct	100000	NA	NA	NA	NA
1952	1	1	0	0.1	0	False	0.3	3.0	2.0	70	0.008	25.0	NA	extinct	population_extinct	100000	NA	NA	NA	NA
1953	1	1	0	0.1	0	False	0.3	3.0	3.0	70	0.008	25.0	NA	succeed	early_stop_succeed	2300	39.50395765333662	39.49088163537503	-30	0.21761817841203043
1954	1	1	0	0.1	0	False	0.3	3.0	5.0	70	0.008	25.0	NA	succeed	early_stop_succeed	2200	39.75500789586653	39.7258421505321	-30	0.21074866703130635
1955	1	1	0	0.1	0	False	0.3	3.5	1.1	70	0.008	25.0	NA	extinct	population_extinct	100000	NA	NA	NA	NA
1956	1	1	0	0.1	0	False	0.3	3.5	1.5	70	0.008	25.0	NA	extinct	population_extinct	100000	NA	NA	NA	NA
1957	1	1	0	0.1	0	False	0.3	3.5	2.0	70	0.008	25.0	NA	succeed	early_stop_succeed	2400	39.61447880902291	39.60443734638422	-30	0.212959156030858
1958	1	1	0	0.1	0	False	0.3	3.5	3.0	70	0.008	25.0	NA	succeed	early_stop_succeed	2700	39.71890740363002	39.6998692049644	-30	0.17511181778051163
1959	1	1	0	0.1	0	False	0.3	3.5	5.0	70	0.008	25.0	NA	succeed	early_stop_succeed	2300	39.954889378347076	39.99080989541662	-30	0.21791443051468096
1960	1	1	0	0.1	0	False	0.3	4.0	1.1	70	0.008	25.0	NA	extinct	population_extinct	100000	NA	NA	NA	NA
1961	1	1	0	0.1	0	False	0.3	4.0	1.5	70	0.008	25.0	NA	succeed	early_stop_succeed	2800	39.52708286254708	39.527639698481465	-31	0.169269276301201
1962	1	1	0	0.1	0	False	0.3	4.0	2.0	70	0.008	25.0	NA	succeed	early_stop_succeed	2200	39.699154036393914	39.690203984227004	-30	0.2234954103293861
1963	1	1	0	0.1	0	False	0.3	4.0	3.0	70	0.008	25.0	NA	succeed	early_stop_succeed	2000	39.92907517010275	39.91200127842393	-30	0.21720717851248636
1964	1	1	0	0.1	0	False	0.3	4.0	5.0	70	0.008	25.0	NA	succeed	early_stop_succeed	2000	40.302210312941156	40.31959187049481	-30	0.23871769589399602
1965	1	1	0	0.1	0	False	0.3	4.5	1.1	70	0.008	25.0	NA	extinct	population_extinct	100000	NA	NA	NA	NA
1966	1	1	0	0.1	0	False	0.3	4.5	1.5	70	0.008	25.0	NA	succeed	early_stop_succeed	3600	39.63237667391364	39.58798416388717	-31	0.1696115046789865
1967	1	1	0	0.1	0	False	0.3	4.5	2.0	70	0.008	25.0	NA	succeed	early_stop_succeed	2100	39.95937941612925	39.96460945818709	-30	0.26597408580288734
1968	1	1	0	0.1	0	False	0.3	4.5	3.0	70	0.008	25.0	NA	succeed	early_stop_succeed	2250	40.21149894852221	40.176227250672156	-30	0.23504584670459144
1969	1	1	0	0.1	0	False	0.3	4.5	5.0	70	0.008	25.0	NA	succeed	early_stop_succeed	2000	40.197590702835726	40.17933131635483	-30	0.24215509590675474
1970	1	1	0	0.1	0	False	0.3	5.0	1.1	70	0.008	25.0	NA	succeed	early_stop_succeed	2000	39.86562462602286	39.88179191312613	-30	0.2524335638002955
1971	1	1	0	0.1	0	False	0.3	5.0	1.5	70	0.008	25.0	NA	succeed	early_stop_succeed	2000	40.028319862932406	40.01907934167877	-30	0.24649044218674926
1972	1	1	0	0.1	0	False	0.3	5.0	2.0	70	0.008	25.0	NA	succeed	early_stop_succeed	2200	40.302236007357116	40.28172428434569	-30	0.2276696332705459
1973	1	1	0	0.1	0	False	0.3	5.0	3.0	70	0.008	25.0	NA	succeed	early_stop_succeed	2000	39.94489226018405	39.974379220628805	-30	0.2588993583031445
1974	1	1	0	0.1	0	False	0.3	5.0	5.0	70	0.008	25.0	NA	succeed	early_stop_succeed	3100	40.6948641018501	40.71552050282824	-30	0.19772232921139848
1975	1	1	0	0.1	0	False	0.35	3.0	1.1	70	0.008	25.0	NA	extinct	population_extinct	100000	NA	NA	NA	NA
1976	1	1	0	0.1	0	False	0.35	3.0	1.5	70	0.008	25.0	NA	extinct	population_extinct	100000	NA	NA	NA	NA
1977	1	1	0	0.1	0	False	0.35	3.0	2.0	70	0.008	25.0	NA	extinct	population_extinct	100000	NA	NA	NA	NA
1978	1	1	0	0.1	0	False	0.35	3.0	3.0	70	0.008	25.0	NA	succeed	early_stop_succeed	3300	39.24528374979637	39.26061981989461	-30	0.18313071910360926
1979	1	1	0	0.1	0	False	0.35	3.0	5.0	70	0.008	25.0	NA	succeed	early_stop_succeed	2000	39.78616166392646	39.764787838787555	-30	0.2526016080157337
1980	1	1	0	0.1	0	False	0.35	3.5	1.1	70	0.008	25.0	NA	extinct	population_extinct	100000	NA	NA	NA	NA
1981	1	1	0	0.1	0	False	0.35	3.5	1.5	70	0.008	25.0	NA	extinct	population_extinct	100000	NA	NA	NA	NA
1982	1	1	0	0.1	0	False	0.35	3.5	2.0	70	0.008	25.0	NA	succeed	early_stop_succeed	4450	39.159091760975606	39.164113166321954	-32	0.1390357734409561
1983	1	1	0	0.1	0	False	0.35	3.5	3.0	70	0.008	25.0	NA	succeed	early_stop_succeed	2800	39.440721841613815	39.416205622116586	-31	0.16609385254980333
1984	1	1	0	0.1	0	False	0.35	3.5	5.0	70	0.008	25.0	NA	succeed	early_stop_succeed	2850	40.16867564694978	40.14989947286545	-30	0.15624850311311408
1985	1	1	0	0.1	0	False	0.35	4.0	1.1	70	0.008	25.0	NA	extinct	population_extinct	100000	NA	NA	NA	NA
1986	1	1	0	0.1	0	False	0.35	4.0	1.5	70	0.008	25.0	NA	succeed	early_stop_succeed	2050	39.74064922624984	39.71504975489412	-30	0.30215554359107183
1987	1	1	0	0.1	0	False	0.35	4.0	2.0	70	0.008	25.0	NA	succeed	early_stop_succeed	3500	39.48924523951004	39.459450072252096	-31	0.15737148412297752
1988	1	1	0	0.1	0	False	0.35	4.0	3.0	70	0.008	25.0	NA	succeed	early_stop_succeed	2000	39.92122961367986	39.897612313163	-30	0.27678114906139956
1989	1	1	0	0.1	0	False	0.35	4.0	5.0	70	0.008	25.0	NA	succeed	early_stop_succeed	2000	39.944087398326545	39.938737824877144	-30	0.2806690272258204
1990	1	1	0	0.1	0	False	0.35	4.5	1.1	70	0.008	25.0	NA	extinct	population_extinct	100000	NA	NA	NA	NA
1991	1	1	0	0.1	0	False	0.35	4.5	1.5	70	0.008	25.0	NA	succeed	early_stop_succeed	2000	39.79319203156578	39.78406721391055	-30	0.25920927458768733
1992	1	1	0	0.1	0	False	0.35	4.5	2.0	70	0.008	25.0	NA	succeed	early_stop_succeed	2100	39.99841400199683	40.00671506398822	-30	0.25288444694309725
1993	1	1	0	0.1	0	False	0.35	4.5	3.0	70	0.008	25.0	NA	succeed	early_stop_succeed	2150	40.25780502059474	40.238097450461474	-30	0.22492626333859467
1994	1	1	0	0.1	0	False	0.35	4.5	5.0	70	0.008	25.0	NA	succeed	early_stop_succeed	2050	40.22580263225145	40.2184499994864	-30	0.21689766976945724
1995	1	1	0	0.1	0	False	0.35	5.0	1.1	70	0.008	25.0	NA	succeed	early_stop_succeed	2000	39.9763658450223	39.968706929916614	-30	0.2272966440305039
1996	1	1	0	0.1	0	False	0.35	5.0	1.5	70	0.008	25.0	NA	succeed	early_stop_succeed	3200	39.69754523219231	39.64994722714749	-31	0.1679010508086297
1997	1	1	0	0.1	0	False	0.35	5.0	2.0	70	0.008	25.0	NA	succeed	early_stop_succeed	2150	39.99307756383284	39.99797442913724	-30	0.26700450273485543
1998	1	1	0	0.1	0	False	0.35	5.0	3.0	70	0.008	25.0	NA	succeed	early_stop_succeed	2100	40.05978121669093	40.00312431052121	-30	0.26862455776894917
1999	1	1	0	0.1	0	False	0.35	5.0	5.0	70	0.008	25.0	NA	succeed	early_stop_succeed	2150	40.339954607946225	40.33919491077278	-30	0.24029180154190932
2000	1	0	1	0.1	0	False	0.15	3.0	1.1	70	NA	NA	NA	failed	early_stop_failed	5250	>46	46.63763423501067	-22	0.12265002588371533
2001	1	0	1	0.1	0	False	0.15	3.0	1.5	70	NA	NA	NA	failed	early_stop_failed	4650	>46	46.74098415004738	-24	0.12303739269570839
2002	1	0	1	0.1	0	False	0.15	3.0	2.0	70	NA	NA	NA	failed	early_stop_failed	5050	>46	46.66329346757767	-23	0.11351445410189967
2003	1	0	1	0.1	0	False	0.15	3.0	3.0	70	NA	NA	NA	failed	early_stop_failed	5200	>46	46.55882078549917	-22	0.11228362874427088
2004	1	0	1	0.1	0	False	0.15	3.0	5.0	70	NA	NA	NA	failed	early_stop_failed	5300	>46	46.727551106257046	-21	0.11389473501131443
2005	1	0	1	0.1	0	False	0.15	3.5	1.1	70	NA	NA	NA	failed	early_stop_failed	4700	>46	46.435007072613956	-22	0.11837562763747543
2006	1	0	1	0.1	0	False	0.15	3.5	1.5	70	NA	NA	NA	failed	early_stop_failed	5300	>46	46.5422690140156	-22	0.1325199409538889
2007	1	0	1	0.1	0	False	0.15	3.5	2.0	70	NA	NA	NA	failed	early_stop_failed	5350	>46	46.60069814025305	-24	0.12415727171718523
2008	1	0	1	0.1	0	False	0.15	3.5	3.0	70	NA	NA	NA	failed	early_stop_failed	4650	>46	46.86777453496669	-24	0.10990691957799097
2009	1	0	1	0.1	0	False	0.15	3.5	5.0	70	NA	NA	NA	failed	early_stop_failed	4900	>46	46.81188443898341	-22	0.09693796055411295
2010	1	0	1	0.1	0	False	0.15	4.0	1.1	70	NA	NA	NA	failed	early_stop_failed	5700	>46	46.5155419211499	-24	0.14817592527416457
2011	1	0	1	0.1	0	False	0.15	4.0	1.5	70	NA	NA	NA	failed	early_stop_failed	5200	>46	46.74086664456963	-24	0.11281352288283744
2012	1	0	1	0.1	0	False	0.15	4.0	2.0	70	NA	NA	NA	failed	early_stop_failed	4850	>46	46.787757350349814	-25	0.10703702724180865
2013	1	0	1	0.1	0	False	0.15	4.0	3.0	70	NA	NA	NA	failed	early_stop_failed	5200	>46	46.5263210284041	-24	0.12356559286574045
2014	1	0	1	0.1	0	False	0.15	4.0	5.0	70	NA	NA	NA	failed	early_stop_failed	4900	>46	46.541279926750036	-23	0.13026425252524548
2015	1	0	1	0.1	0	False	0.15	4.5	1.1	70	NA	NA	NA	failed	early_stop_failed	4950	>46	46.625424864115594	-23	0.11775091682462308
2016	1	0	1	0.1	0	False	0.15	4.5	1.5	70	NA	NA	NA	failed	early_stop_failed	4800	>46	46.947225511087126	-23	0.0944588121424718
2017	1	0	1	0.1	0	False	0.15	4.5	2.0	70	NA	NA	NA	failed	early_stop_failed	5400	>46	46.625145361120026	-23	0.1527210023896229
2018	1	0	1	0.1	0	False	0.15	4.5	3.0	70	NA	NA	NA	failed	early_stop_failed	4600	>46	46.81778814021514	-21	0.10821792909050088
2019	1	0	1	0.1	0	False	0.15	4.5	5.0	70	NA	NA	NA	failed	early_stop_failed	4550	>46	46.454565033336955	-25	0.14492125304274353
2020	1	0	1	0.1	0	False	0.15	5.0	1.1	70	NA	NA	NA	failed	early_stop_failed	5350	>46	46.62214856537581	-24	0.1206148809305831
2021	1	0	1	0.1	0	False	0.15	5.0	1.5	70	NA	NA	NA	failed	early_stop_failed	4400	>46	46.6008053970011	-22	0.12412124279114303
2022	1	0	1	0.1	0	False	0.15	5.0	2.0	70	NA	NA	NA	failed	early_stop_failed	4400	>46	46.693864087933036	-22	0.10430001721667591
2023	1	0	1	0.1	0	False	0.15	5.0	3.0	70	NA	NA	NA	failed	early_stop_failed	4800	>46	46.6709898650661	-21	0.1147961086240184
2024	1	0	1	0.1	0	False	0.15	5.0	5.0	70	NA	NA	NA	failed	early_stop_failed	4900	>46	46.48128533517812	-22	0.14879251780584785
2025	1	0	1	0.1	0	False	0.2	3.0	1.1	70	NA	NA	NA	failed	early_stop_failed	5350	>46	46.44677240528546	-23	0.1330267829403768
2026	1	0	1	0.1	0	False	0.2	3.0	1.5	70	NA	NA	NA	failed	early_stop_failed	4800	>46	46.66907508110885	-23	0.09940518786452535
2027	1	0	1	0.1	0	False	0.2	3.0	2.0	70	NA	NA	NA	failed	early_stop_failed	5150	>46	46.72823977249726	-20	0.10737003779167091
2028	1	0	1	0.1	0	False	0.2	3.0	3.0	70	NA	NA	NA	failed	early_stop_failed	5400	>46	46.63831694657472	-23	0.11179407723033057
2029	1	0	1	0.1	0	False	0.2	3.0	5.0	70	NA	NA	NA	failed	early_stop_failed	5450	>46	46.535769357990716	-21	0.13391936411254005
2030	1	0	1	0.1	0	False	0.2	3.5	1.1	70	NA	NA	NA	failed	early_stop_failed	5250	>46	46.69863801975462	-22	0.11168439111152084
2031	1	0	1	0.1	0	False	0.2	3.5	1.5	70	NA	NA	NA	failed	early_stop_failed	4950	>46	46.938052308184226	-25	0.09627994512558317
2032	1	0	1	0.1	0	False	0.2	3.5	2.0	70	NA	NA	NA	failed	early_stop_failed	5500	>46	46.66668454962147	-21	0.11741337372657912
2033	1	0	1	0.1	0	False	0.2	3.5	3.0	70	NA	NA	NA	failed	early_stop_failed	5000	>46	46.59526450225808	-21	0.11585886918422268
2034	1	0	1	0.1	0	False	0.2	3.5	5.0	70	NA	NA	NA	failed	early_stop_failed	4600	>46	46.57493560326425	-23	0.08927239465019136
2035	1	0	1	0.1	0	False	0.2	4.0	1.1	70	NA	NA	NA	failed	early_stop_failed	5300	>46	46.50824849658234	-24	0.10317420784056391
2036	1	0	1	0.1	0	False	0.2	4.0	1.5	70	NA	NA	NA	failed	early_stop_failed	5600	>46	46.56548453151073	-23	0.11962681971779598
2037	1	0	1	0.1	0	False	0.2	4.0	2.0	70	NA	NA	NA	failed	early_stop_failed	5400	>46	46.517823016236996	-23	0.12584371760522436
2038	1	0	1	0.1	0	False	0.2	4.0	3.0	70	NA	NA	NA	failed	early_stop_failed	4600	>46	46.533463936122764	-21	0.11382642331336999
2039	1	0	1	0.1	0	False	0.2	4.0	5.0	70	NA	NA	NA	failed	early_stop_failed	4650	>46	46.745191935512196	-21	0.11783881028183651
2040	1	0	1	0.1	0	False	0.2	4.5	1.1	70	NA	NA	NA	failed	early_stop_failed	5300	>46	46.638106920912776	-22	0.12330345354708022
2041	1	0	1	0.1	0	False	0.2	4.5	1.5	70	NA	NA	NA	failed	early_stop_failed	5350	>46	46.598848459354166	-22	0.11557333642874555
2042	1	0	1	0.1	0	False	0.2	4.5	2.0	70	NA	NA	NA	failed	early_stop_failed	5200	>46	46.824148111133724	-23	0.10276312383683901
2043	1	0	1	0.1	0	False	0.2	4.5	3.0	70	NA	NA	NA	failed	early_stop_failed	4750	>46	46.481896201642044	-22	0.1091038028660949
2044	1	0	1	0.1	0	False	0.2	4.5	5.0	70	NA	NA	NA	failed	early_stop_failed	4150	>46	46.88716249866716	-26	0.08936507122799942
2045	1	0	1	0.1	0	False	0.2	5.0	1.1	70	NA	NA	NA	failed	early_stop_failed	5050	>46	46.59514251291125	-22	0.11470338861529634
2046	1	0	1	0.1	0	False	0.2	5.0	1.5	70	NA	NA	NA	failed	early_stop_failed	5200	>46	46.56815281160566	-24	0.11551046316327439
2047	1	0	1	0.1	0	False	0.2	5.0	2.0	70	NA	NA	NA	failed	early_stop_failed	4800	>46	46.59237941658088	-23	0.11219806881271284
2048	1	0	1	0.1	0	False	0.2	5.0	3.0	70	NA	NA	NA	failed	early_stop_failed	4600	>46	46.775571303056886	-23	0.1136823446334153
2049	1	0	1	0.1	0	False	0.2	5.0	5.0	70	NA	NA	NA	failed	early_stop_failed	4700	>46	46.67938308292902	-23	0.12431288207908997
2050	1	0	1	0.1	0	False	0.25	3.0	1.1	70	NA	NA	NA	extinct	population_extinct	100000	NA	NA	NA	NA
2051	1	0	1	0.1	0	False	0.25	3.0	1.5	70	NA	NA	NA	failed	early_stop_failed	5000	>46	46.707477143902636	-25	0.11366951627126572
2052	1	0	1	0.1	0	False	0.25	3.0	2.0	70	NA	NA	NA	failed	early_stop_failed	5250	>46	46.49257358933788	-23	0.1317156186725217
2053	1	0	1	0.1	0	False	0.25	3.0	3.0	70	NA	NA	NA	failed	early_stop_failed	4550	>46	46.78337013913279	-20	0.11039150484555306
2054	1	0	1	0.1	0	False	0.25	3.0	5.0	70	NA	NA	NA	failed	early_stop_failed	5050	>46	46.57937901025193	-24	0.1250460647242414
2055	1	0	1	0.1	0	False	0.25	3.5	1.1	70	NA	NA	NA	failed	early_stop_failed	4950	>46	46.6215394593425	-22	0.10773757086820726
2056	1	0	1	0.1	0	False	0.25	3.5	1.5	70	NA	NA	NA	failed	early_stop_failed	5150	>46	46.71599577186148	-24	0.1269349136133999
2057	1	0	1	0.1	0	False	0.25	3.5	2.0	70	NA	NA	NA	failed	early_stop_failed	4800	>46	46.78846203043936	-22	0.09663809913488892
2058	1	0	1	0.1	0	False	0.25	3.5	3.0	70	NA	NA	NA	failed	early_stop_failed	4950	>46	46.84910371461187	-23	0.12451627451780035
2059	1	0	1	0.1	0	False	0.25	3.5	5.0	70	NA	NA	NA	failed	early_stop_failed	5450	>46	46.48935608307025	-23	0.1278638214132471
2060	1	0	1	0.1	0	False	0.25	4.0	1.1	70	NA	NA	NA	failed	early_stop_failed	5450	>46	46.56942225541178	-23	0.13004999617837537
2061	1	0	1	0.1	0	False	0.25	4.0	1.5	70	NA	NA	NA	failed	early_stop_failed	5200	>46	46.931064377587695	-23	0.10821252911676532
2062	1	0	1	0.1	0	False	0.25	4.0	2.0	70	NA	NA	NA	failed	early_stop_failed	5250	>46	46.54716395113872	-24	0.10642260215309861
2063	1	0	1	0.1	0	False	0.25	4.0	3.0	70	NA	NA	NA	failed	early_stop_failed	5200	>46	46.68054402406436	-24	0.12121827445452965
2064	1	0	1	0.1	0	False	0.25	4.0	5.0	70	NA	NA	NA	failed	early_stop_failed	5000	>46	46.61364443727073	-24	0.13985017996387122
2065	1	0	1	0.1	0	False	0.25	4.5	1.1	70	NA	NA	NA	failed	early_stop_failed	5700	>46	46.41569143168611	-23	0.1294770862847839
2066	1	0	1	0.1	0	False	0.25	4.5	1.5	70	NA	NA	NA	failed	early_stop_failed	5200	>46	46.437344956455924	-21	0.11478678957335842
2067	1	0	1	0.1	0	False	0.25	4.5	2.0	70	NA	NA	NA	failed	early_stop_failed	5200	>46	46.601886161056775	-23	0.11959953957593603
2068	1	0	1	0.1	0	False	0.25	4.5	3.0	70	NA	NA	NA	failed	early_stop_failed	5000	>46	46.60349175430087	-23	0.12654793181581267
2069	1	0	1	0.1	0	False	0.25	4.5	5.0	70	NA	NA	NA	failed	early_stop_failed	4500	>46	46.622221192187794	-23	0.11728002470142679
2070	1	0	1	0.1	0	False	0.25	5.0	1.1	70	NA	NA	NA	failed	early_stop_failed	4950	>46	46.63424416201704	-23	0.11279394221247309
2071	1	0	1	0.1	0	False	0.25	5.0	1.5	70	NA	NA	NA	failed	early_stop_failed	4750	>46	46.72386075890665	-23	0.11393255604067784
2072	1	0	1	0.1	0	False	0.25	5.0	2.0	70	NA	NA	NA	failed	early_stop_failed	5150	>46	46.62140566070912	-23	0.12196168082090582
2073	1	0	1	0.1	0	False	0.25	5.0	3.0	70	NA	NA	NA	failed	early_stop_failed	5200	>46	46.69031532473761	-23	0.16199888161680012
2074	1	0	1	0.1	0	False	0.25	5.0	5.0	70	NA	NA	NA	failed	early_stop_failed	4550	>46	46.73749366422897	-25	0.10197678432169219
2075	1	0	1	0.1	0	False	0.3	3.0	1.1	70	NA	NA	NA	extinct	population_extinct	100000	NA	NA	NA	NA
2076	1	0	1	0.1	0	False	0.3	3.0	1.5	70	NA	NA	NA	succeed	early_stop_succeed	2850	41.46764160391926	41.6122935562378	-27	0.29167849372369153
2077	1	0	1	0.1	0	False	0.3	3.0	2.0	70	NA	NA	NA	failed	early_stop_failed	4550	>46	46.628576859442205	-23	0.12858469148216126
2078	1	0	1	0.1	0	False	0.3	3.0	3.0	70	NA	NA	NA	failed	early_stop_failed	5150	>46	46.58339203926526	-23	0.10635600397217986
2079	1	0	1	0.1	0	False	0.3	3.0	5.0	70	NA	NA	NA	failed	early_stop_failed	4850	>46	46.82150845575774	-23	0.10297025690032009
2080	1	0	1	0.1	0	False	0.3	3.5	1.1	70	NA	NA	NA	extinct	population_extinct	100000	NA	39.59918666952348	NA	NA
2081	1	0	1	0.1	0	False	0.3	3.5	1.5	70	NA	NA	NA	failed	early_stop_failed	4600	>46	46.93114674689737	-22	0.11397839701798657
2082	1	0	1	0.1	0	False	0.3	3.5	2.0	70	NA	NA	NA	failed	early_stop_failed	4700	>46	46.734992108032294	-23	0.11322431879835428
2083	1	0	1	0.1	0	False	0.3	3.5	3.0	70	NA	NA	NA	failed	early_stop_failed	4850	>46	46.67278783852201	-23	0.10073971068051885
2084	1	0	1	0.1	0	False	0.3	3.5	5.0	70	NA	NA	NA	failed	early_stop_failed	5250	>46	46.426757544032895	-22	0.17560641321521298
2085	1	0	1	0.1	0	False	0.3	4.0	1.1	70	NA	NA	NA	failed	early_stop_failed	5100	>46	46.69137155956697	-23	0.10871793569819753
2086	1	0	1	0.1	0	False	0.3	4.0	1.5	70	NA	NA	NA	failed	early_stop_failed	4700	>46	46.65612998707672	-23	0.10052042888909522
2087	1	0	1	0.1	0	False	0.3	4.0	2.0	70	NA	NA	NA	failed	early_stop_failed	5100	>46	46.607915267102854	-23	0.11629913079753738
2088	1	0	1	0.1	0	False	0.3	4.0	3.0	70	NA	NA	NA	failed	early_stop_failed	5100	>46	46.8691338732331	-25	0.09509660034617799
2089	1	0	1	0.1	0	False	0.3	4.0	5.0	70	NA	NA	NA	failed	early_stop_failed	5000	>46	46.38839857146686	-23	0.13180767111749694
2090	1	0	1	0.1	0	False	0.3	4.5	1.1	70	NA	NA	NA	failed	early_stop_failed	4900	>46	46.61680746932848	-22	0.12636053658071697
2091	1	0	1	0.1	0	False	0.3	4.5	1.5	70	NA	NA	NA	failed	early_stop_failed	5000	>46	46.60357107715014	-24	0.10917143991798507
2092	1	0	1	0.1	0	False	0.3	4.5	2.0	70	NA	NA	NA	failed	early_stop_failed	5000	>46	46.60812504100944	-23	0.10901007735494118
2093	1	0	1	0.1	0	False	0.3	4.5	3.0	70	NA	NA	NA	failed	early_stop_failed	4500	>46	46.64993109981637	-25	0.10580884699091801
2094	1	0	1	0.1	0	False	0.3	4.5	5.0	70	NA	NA	NA	failed	early_stop_failed	5150	>46	46.66666008654354	-22	0.1359820169570438
2095	1	0	1	0.1	0	False	0.3	5.0	1.1	70	NA	NA	NA	failed	early_stop_failed	5300	>46	46.47940504841838	-23	0.13885467700398474
2096	1	0	1	0.1	0	False	0.3	5.0	1.5	70	NA	NA	NA	failed	early_stop_failed	5300	>46	46.54989032787012	-23	0.12363714012736429
2097	1	0	1	0.1	0	False	0.3	5.0	2.0	70	NA	NA	NA	failed	early_stop_failed	4400	>46	46.64440805240157	-25	0.10468240146473295
2098	1	0	1	0.1	0	False	0.3	5.0	3.0	70	NA	NA	NA	failed	early_stop_failed	4550	>46	46.51525587842064	-23	0.13460309836423867
2099	1	0	1	0.1	0	False	0.3	5.0	5.0	70	NA	NA	NA	failed	early_stop_failed	4750	>46	46.805863196199866	-24	0.11677149135483217
2100	1	0	1	0.1	0	False	0.35	3.0	1.1	70	NA	NA	NA	extinct	population_extinct	100000	NA	NA	NA	NA
2101	1	0	1	0.1	0	False	0.35	3.0	1.5	70	NA	NA	NA	extinct	population_extinct	100000	NA	NA	NA	NA
2102	1	0	1	0.1	0	False	0.35	3.0	2.0	70	NA	NA	NA	failed	early_stop_failed	4550	>46	46.794654966161545	-21	0.100263083493054
2103	1	0	1	0.1	0	False	0.35	3.0	3.0	70	NA	NA	NA	failed	early_stop_failed	4650	>46	46.603817685342364	-22	0.11543412610839081
2104	1	0	1	0.1	0	False	0.35	3.0	5.0	70	NA	NA	NA	failed	early_stop_failed	4850	>46	46.613390268578996	-22	0.12440019935058838
2105	1	0	1	0.1	0	False	0.35	3.5	1.1	70	NA	NA	NA	extinct	population_extinct	100000	NA	NA	NA	NA
2106	1	0	1	0.1	0	False	0.35	3.5	1.5	70	NA	NA	NA	failed	early_stop_failed	4800	>46	46.635885096101426	-21	0.1149805713018001
2107	1	0	1	0.1	0	False	0.35	3.5	2.0	70	NA	NA	NA	failed	early_stop_failed	5200	>46	46.58496794870924	-22	0.11850420366124575
2108	1	0	1	0.1	0	False	0.35	3.5	3.0	70	NA	NA	NA	failed	early_stop_failed	4800	>46	46.636672469170165	-24	0.13010546230591416
2109	1	0	1	0.1	0	False	0.35	3.5	5.0	70	NA	NA	NA	failed	early_stop_failed	5450	>46	46.58401782314741	-24	0.11806051513277936
2110	1	0	1	0.1	0	False	0.35	4.0	1.1	70	NA	NA	NA	failed	early_stop_failed	5200	>46	46.416448122955394	-25	0.12444228222918596
2111	1	0	1	0.1	0	False	0.35	4.0	1.5	70	NA	NA	NA	failed	early_stop_failed	5250	>46	46.63997245883582	-23	0.11332797361625482
2112	1	0	1	0.1	0	False	0.35	4.0	2.0	70	NA	NA	NA	failed	early_stop_failed	5800	>46	46.508470944469515	-24	0.14037483330678982
2113	1	0	1	0.1	0	False	0.35	4.0	3.0	70	NA	NA	NA	failed	early_stop_failed	4750	>46	46.92254375318058	-24	0.11933738972817791
2114	1	0	1	0.1	0	False	0.35	4.0	5.0	70	NA	NA	NA	failed	early_stop_failed	4450	>46	46.94324231766454	-21	0.15568998573555073
2115	1	0	1	0.1	0	False	0.35	4.5	1.1	70	NA	NA	NA	failed	early_stop_failed	5100	>46	46.41257018592518	-22	0.11471534431668635
2116	1	0	1	0.1	0	False	0.35	4.5	1.5	70	NA	NA	NA	failed	early_stop_failed	5250	>46	46.7846862833771	-23	0.12295144511662202
2117	1	0	1	0.1	0	False	0.35	4.5	2.0	70	NA	NA	NA	failed	early_stop_failed	5400	>46	46.604031184391644	-22	0.1168410661730542
2118	1	0	1	0.1	0	False	0.35	4.5	3.0	70	NA	NA	NA	failed	early_stop_failed	5300	>46	46.69370098133767	-24	0.11451540089893035
2119	1	0	1	0.1	0	False	0.35	4.5	5.0	70	NA	NA	NA	failed	early_stop_failed	4150	>46	46.824147766758266	-22	0.11756111048418465
2120	1	0	1	0.1	0	False	0.35	5.0	1.1	70	NA	NA	NA	failed	early_stop_failed	5400	>46	46.59481632343109	-23	0.1183280285958699
2121	1	0	1	0.1	0	False	0.35	5.0	1.5	70	NA	NA	NA	failed	early_stop_failed	5250	>46	46.4788067675278	-23	0.0957195277283486
2122	1	0	1	0.1	0	False	0.35	5.0	2.0	70	NA	NA	NA	failed	early_stop_failed	5100	>46	46.638341538232545	-23	0.11159368188458296
2123	1	0	1	0.1	0	False	0.35	5.0	3.0	70	NA	NA	NA	failed	early_stop_failed	5350	>46	46.46953714885727	-23	0.12442628868365023
2124	1	0	1	0.1	0	False	0.35	5.0	5.0	70	NA	NA	NA	failed	early_stop_failed	5000	>46	46.5273523985484	-22	0.1114513291738598
2125	1	0	0	0.1	1	False	0.15	3.0	1.1	70	NA	NA	0.1	failed	early_stop_failed	5200	>46	46.56925121733382	-23	0.12807715417520035
2126	1	0	0	0.1	1	False	0.15	3.0	1.5	70	NA	NA	0.1	failed	early_stop_failed	4450	>46	46.917308032145726	-20	0.10283607578247876
2127	1	0	0	0.1	1	False	0.15	3.0	2.0	70	NA	NA	0.1	failed	early_stop_failed	4800	>46	46.74287995146388	-23	0.1154833908645654
2128	1	0	0	0.1	1	False	0.15	3.0	3.0	70	NA	NA	0.1	failed	early_stop_failed	5000	>46	46.47158451966084	-21	0.1095982698123037
2129	1	0	0	0.1	1	False	0.15	3.0	5.0	70	NA	NA	0.1	failed	early_stop_failed	5300	>46	46.67588994357009	-23	0.12896318750994454
2130	1	0	0	0.1	1	False	0.15	3.5	1.1	70	NA	NA	0.1	failed	early_stop_failed	5450	>46	46.52820258865832	-24	0.12040717264530938
2131	1	0	0	0.1	1	False	0.15	3.5	1.5	70	NA	NA	0.1	failed	early_stop_failed	4900	>46	46.598033728814016	-22	0.12286918561683446
2132	1	0	0	0.1	1	False	0.15	3.5	2.0	70	NA	NA	0.1	failed	early_stop_failed	5050	>46	46.633328142092275	-22	0.13534175479305768
2133	1	0	0	0.1	1	False	0.15	3.5	3.0	70	NA	NA	0.1	failed	early_stop_failed	4750	>46	46.624852461700435	-22	0.10594487243046519
2134	1	0	0	0.1	1	False	0.15	3.5	5.0	70	NA	NA	0.1	failed	early_stop_failed	5250	>46	46.67378942751604	-22	0.13303363809558597
2135	1	0	0	0.1	1	False	0.15	4.0	1.1	70	NA	NA	0.1	failed	early_stop_failed	4850	>46	46.49200891048179	-22	0.1232847226948118
2136	1	0	0	0.1	1	False	0.15	4.0	1.5	70	NA	NA	0.1	failed	early_stop_failed	4750	>46	46.57439639668533	-25	0.12975931107836558
2137	1	0	0	0.1	1	False	0.15	4.0	2.0	70	NA	NA	0.1	failed	early_stop_failed	5200	>46	46.69443215901105	-23	0.14096139204647146
2138	1	0	0	0.1	1	False	0.15	4.0	3.0	70	NA	NA	0.1	failed	early_stop_failed	4550	>46	46.682740819506165	-20	0.10463530011068461
2139	1	0	0	0.1	1	False	0.15	4.0	5.0	70	NA	NA	0.1	failed	early_stop_failed	5400	>46	46.38167049828627	-24	0.13293795928253577
2140	1	0	0	0.1	1	False	0.15	4.5	1.1	70	NA	NA	0.1	failed	early_stop_failed	4600	>46	46.7162276124345	-22	0.1128572601347833
2141	1	0	0	0.1	1	False	0.15	4.5	1.5	70	NA	NA	0.1	failed	early_stop_failed	5100	>46	46.58526106644802	-22	0.12846774124185337
2142	1	0	0	0.1	1	False	0.15	4.5	2.0	70	NA	NA	0.1	failed	early_stop_failed	4350	>46	46.78356884141104	-24	0.10005249539525803
2143	1	0	0	0.1	1	False	0.15	4.5	3.0	70	NA	NA	0.1	failed	early_stop_failed	4450	>46	46.8020120383652	-21	0.12635834159738793
2144	1	0	0	0.1	1	False	0.15	4.5	5.0	70	NA	NA	0.1	failed	early_stop_failed	4800	>46	46.541038136764215	-24	0.12515242829333265
2145	1	0	0	0.1	1	False	0.15	5.0	1.1	70	NA	NA	0.1	failed	early_stop_failed	4750	>46	46.57528572069801	-22	0.11117987781650948
2146	1	0	0	0.1	1	False	0.15	5.0	1.5	70	NA	NA	0.1	failed	early_stop_failed	5250	>46	46.48497702601134	-22	0.14535683943688033
2147	1	0	0	0.1	1	False	0.15	5.0	2.0	70	NA	NA	0.1	failed	early_stop_failed	4500	>46	46.814994279230255	-22	0.11759235813653929
2148	1	0	0	0.1	1	False	0.15	5.0	3.0	70	NA	NA	0.1	failed	early_stop_failed	4400	>46	46.603134296024805	-22	0.12951435394773356
2149	1	0	0	0.1	1	False	0.15	5.0	5.0	70	NA	NA	0.1	failed	early_stop_failed	4450	>46	46.67373886060803	-23	0.11342190231125006
2150	1	0	0	0.1	1	False	0.2	3.0	1.1	70	NA	NA	0.1	failed	early_stop_failed	5000	>46	46.720515882716526	-23	0.11616758599079507
2151	1	0	0	0.1	1	False	0.2	3.0	1.5	70	NA	NA	0.1	failed	early_stop_failed	4700	>46	46.491371326983476	-23	0.13604533492838036
2152	1	0	0	0.1	1	False	0.2	3.0	2.0	70	NA	NA	0.1	failed	early_stop_failed	4900	>46	46.83175623289446	-23	0.1149062010787884
2153	1	0	0	0.1	1	False	0.2	3.0	3.0	70	NA	NA	0.1	failed	early_stop_failed	5000	>46	46.728338355516605	-22	0.12747218356522297
2154	1	0	0	0.1	1	False	0.2	3.0	5.0	70	NA	NA	0.1	failed	early_stop_failed	4800	>46	46.643704658381246	-24	0.12557589020381052
2155	1	0	0	0.1	1	False	0.2	3.5	1.1	70	NA	NA	0.1	failed	early_stop_failed	4300	>46	47.08495029218956	-21	0.11148843068942432
2156	1	0	0	0.1	1	False	0.2	3.5	1.5	70	NA	NA	0.1	failed	early_stop_failed	4850	>46	46.593422639792294	-23	0.11321710552632247
2157	1	0	0	0.1	1	False	0.2	3.5	2.0	70	NA	NA	0.1	failed	early_stop_failed	4850	>46	46.50678272951876	-22	0.11504972914569299
2158	1	0	0	0.1	1	False	0.2	3.5	3.0	70	NA	NA	0.1	failed	early_stop_failed	4050	>46	47.39585934085085	-25	0.09417683957681934
2159	1	0	0	0.1	1	False	0.2	3.5	5.0	70	NA	NA	0.1	failed	early_stop_failed	5750	>46	46.608944449001804	-23	0.15208450325697942
2160	1	0	0	0.1	1	False	0.2	4.0	1.1	70	NA	NA	0.1	failed	early_stop_failed	5000	>46	46.60314781938919	-25	0.11698396803180099
2161	1	0	0	0.1	1	False	0.2	4.0	1.5	70	NA	NA	0.1	failed	early_stop_failed	4650	>46	46.673730803542085	-22	0.14915347883322305
2162	1	0	0	0.1	1	False	0.2	4.0	2.0	70	NA	NA	0.1	failed	early_stop_failed	5000	>46	46.7545920988197	-24	0.12352888991501379
2163	1	0	0	0.1	1	False	0.2	4.0	3.0	70	NA	NA	0.1	failed	early_stop_failed	4350	>46	46.608310745170954	-24	0.10521699749045318
2164	1	0	0	0.1	1	False	0.2	4.0	5.0	70	NA	NA	0.1	failed	early_stop_failed	4350	>46	46.89621214418636	-21	0.09938377939571541
2165	1	0	0	0.1	1	False	0.2	4.5	1.1	70	NA	NA	0.1	failed	early_stop_failed	4850	>46	46.8061525206004	-23	0.12721471611217916
2166	1	0	0	0.1	1	False	0.2	4.5	1.5	70	NA	NA	0.1	failed	early_stop_failed	4600	>46	46.7319599305194	-23	0.10290167429549162
2167	1	0	0	0.1	1	False	0.2	4.5	2.0	70	NA	NA	0.1	failed	early_stop_failed	4650	>46	46.68365393382243	-23	0.1089579566176854
2168	1	0	0	0.1	1	False	0.2	4.5	3.0	70	NA	NA	0.1	failed	early_stop_failed	5200	>46	46.53047265788468	-23	0.15472532488367788
2169	1	0	0	0.1	1	False	0.2	4.5	5.0	70	NA	NA	0.1	failed	early_stop_failed	4800	>46	46.64621116320131	-22	0.1175328104315512
2170	1	0	0	0.1	1	False	0.2	5.0	1.1	70	NA	NA	0.1	failed	early_stop_failed	5100	>46	46.664425252173956	-23	0.1326612914616705
2171	1	0	0	0.1	1	False	0.2	5.0	1.5	70	NA	NA	0.1	failed	early_stop_failed	4950	>46	46.597508319513565	-24	0.09572040088793866
2172	1	0	0	0.1	1	False	0.2	5.0	2.0	70	NA	NA	0.1	failed	early_stop_failed	4850	>46	46.57148954784332	-24	0.10290956010585765
2173	1	0	0	0.1	1	False	0.2	5.0	3.0	70	NA	NA	0.1	failed	early_stop_failed	4200	>46	46.83677365621171	-23	0.1360923711349489
2174	1	0	0	0.1	1	False	0.2	5.0	5.0	70	NA	NA	0.1	failed	early_stop_failed	4950	>46	46.632962540627545	-21	0.11808490911479774
2175	1	0	0	0.1	1	False	0.25	3.0	1.1	70	NA	NA	0.1	extinct	population_extinct	100000	NA	NA	NA	NA
2176	1	0	0	0.1	1	False	0.25	3.0	1.5	70	NA	NA	0.1	failed	early_stop_failed	4850	>46	46.45830517405643	-23	0.10859430070763908
2177	1	0	0	0.1	1	False	0.25	3.0	2.0	70	NA	NA	0.1	failed	early_stop_failed	4600	>46	46.63954813747698	-23	0.12093455717878135
2178	1	0	0	0.1	1	False	0.25	3.0	3.0	70	NA	NA	0.1	failed	early_stop_failed	4550	>46	46.91224397448061	-25	0.10127465226192457
2179	1	0	0	0.1	1	False	0.25	3.0	5.0	70	NA	NA	0.1	failed	early_stop_failed	4700	>46	46.698512896075115	-22	0.102746373179945
2180	1	0	0	0.1	1	False	0.25	3.5	1.1	70	NA	NA	0.1	failed	early_stop_failed	4900	>46	46.66682818840862	-23	0.10206927934601055
2181	1	0	0	0.1	1	False	0.25	3.5	1.5	70	NA	NA	0.1	failed	early_stop_failed	5000	>46	46.795633262073146	-24	0.10362023804301135
2182	1	0	0	0.1	1	False	0.25	3.5	2.0	70	NA	NA	0.1	failed	early_stop_failed	5050	>46	46.4966783919533	-23	0.11597283839802836
2183	1	0	0	0.1	1	False	0.25	3.5	3.0	70	NA	NA	0.1	failed	early_stop_failed	4800	>46	46.61561096684169	-24	0.11125969640799399
2184	1	0	0	0.1	1	False	0.25	3.5	5.0	70	NA	NA	0.1	failed	early_stop_failed	5050	>46	46.47580720604042	-23	0.13563689461283931
2185	1	0	0	0.1	1	False	0.25	4.0	1.1	70	NA	NA	0.1	failed	early_stop_failed	5050	>46	46.503913296908905	-22	0.14067220323922658
2186	1	0	0	0.1	1	False	0.25	4.0	1.5	70	NA	NA	0.1	failed	early_stop_failed	5150	>46	46.678508233926465	-21	0.1055275550123085
2187	1	0	0	0.1	1	False	0.25	4.0	2.0	70	NA	NA	0.1	failed	early_stop_failed	5000	>46	46.61065446858254	-22	0.12318627084336999
2188	1	0	0	0.1	1	False	0.25	4.0	3.0	70	NA	NA	0.1	failed	early_stop_failed	5250	>46	46.74763184604108	-24	0.10222272240966562
2189	1	0	0	0.1	1	False	0.25	4.0	5.0	70	NA	NA	0.1	failed	early_stop_failed	4600	>46	46.81661146096994	-26	0.09611184276342201
2190	1	0	0	0.1	1	False	0.25	4.5	1.1	70	NA	NA	0.1	failed	early_stop_failed	4750	>46	46.64662266395049	-24	0.11158680728697835
2191	1	0	0	0.1	1	False	0.25	4.5	1.5	70	NA	NA	0.1	failed	early_stop_failed	4550	>46	46.92703087494008	-26	0.08921823147923981
2192	1	0	0	0.1	1	False	0.25	4.5	2.0	70	NA	NA	0.1	failed	early_stop_failed	4550	>46	46.820888702097264	-22	0.10712057187794803
2193	1	0	0	0.1	1	False	0.25	4.5	3.0	70	NA	NA	0.1	failed	early_stop_failed	4550	>46	46.612649372660485	-24	0.11249977468994858
2194	1	0	0	0.1	1	False	0.25	4.5	5.0	70	NA	NA	0.1	failed	early_stop_failed	4450	>46	46.59937497856245	-22	0.11936485307474273
2195	1	0	0	0.1	1	False	0.25	5.0	1.1	70	NA	NA	0.1	failed	early_stop_failed	4600	>46	46.74619658219578	-23	0.11040264092433069
2196	1	0	0	0.1	1	False	0.25	5.0	1.5	70	NA	NA	0.1	failed	early_stop_failed	4650	>46	46.51724214278143	-22	0.13857177420711075
2197	1	0	0	0.1	1	False	0.25	5.0	2.0	70	NA	NA	0.1	failed	early_stop_failed	4650	>46	46.895077256881706	-24	0.10081760792807888
2198	1	0	0	0.1	1	False	0.25	5.0	3.0	70	NA	NA	0.1	failed	early_stop_failed	4450	>46	46.68269261411109	-24	0.10940687517218635
2199	1	0	0	0.1	1	False	0.25	5.0	5.0	70	NA	NA	0.1	failed	early_stop_failed	4800	>46	46.69892145735421	-23	0.14192114823229507
2200	1	0	0	0.1	1	False	0.3	3.0	1.1	70	NA	NA	0.1	extinct	population_extinct	100000	NA	NA	NA	NA
2201	1	0	0	0.1	1	False	0.3	3.0	1.5	70	NA	NA	0.1	failed	early_stop_failed	4900	>46	46.44257005532246	-24	0.14317574958912715
2202	1	0	0	0.1	1	False	0.3	3.0	2.0	70	NA	NA	0.1	failed	early_stop_failed	4450	>46	46.67655195659712	-22	0.12767591289932315
2203	1	0	0	0.1	1	False	0.3	3.0	3.0	70	NA	NA	0.1	failed	early_stop_failed	5300	>46	46.66777330957052	-22	0.13070428022635197
2204	1	0	0	0.1	1	False	0.3	3.0	5.0	70	NA	NA	0.1	failed	early_stop_failed	5300	>46	46.607164865027194	-23	0.10535608494371092
2205	1	0	0	0.1	1	False	0.3	3.5	1.1	70	NA	NA	0.1	failed	early_stop_failed	4700	>46	46.533795338431894	-22	0.1262242852877298
2206	1	0	0	0.1	1	False	0.3	3.5	1.5	70	NA	NA	0.1	failed	early_stop_failed	4950	>46	46.49801868417064	-23	0.1358739283713704
2207	1	0	0	0.1	1	False	0.3	3.5	2.0	70	NA	NA	0.1	failed	early_stop_failed	4850	>46	46.60158641277854	-22	0.13534753516795847
2208	1	0	0	0.1	1	False	0.3	3.5	3.0	70	NA	NA	0.1	failed	early_stop_failed	4950	>46	46.5974801030549	-25	0.11011554693439826
2209	1	0	0	0.1	1	False	0.3	3.5	5.0	70	NA	NA	0.1	failed	early_stop_failed	4950	>46	46.86685625995096	-24	0.11738044262797385
2210	1	0	0	0.1	1	False	0.3	4.0	1.1	70	NA	NA	0.1	failed	early_stop_failed	4700	>46	46.82537611579133	-23	0.08991319566558095
2211	1	0	0	0.1	1	False	0.3	4.0	1.5	70	NA	NA	0.1	failed	early_stop_failed	4900	>46	46.53973251831546	-22	0.10227581034878426
2212	1	0	0	0.1	1	False	0.3	4.0	2.0	70	NA	NA	0.1	failed	early_stop_failed	5300	>46	46.943055729000925	-24	0.1041878553520066
2213	1	0	0	0.1	1	False	0.3	4.0	3.0	70	NA	NA	0.1	failed	early_stop_failed	4600	>46	46.86003671461623	-20	0.10210822523334945
2214	1	0	0	0.1	1	False	0.3	4.0	5.0	70	NA	NA	0.1	failed	early_stop_failed	4450	>46	46.8370589758524	-18	0.09180915029391327
2215	1	0	0	0.1	1	False	0.3	4.5	1.1	70	NA	NA	0.1	failed	early_stop_failed	4950	>46	46.61741706806519	-24	0.11266986235831167
2216	1	0	0	0.1	1	False	0.3	4.5	1.5	70	NA	NA	0.1	failed	early_stop_failed	5350	>46	46.58524875993231	-24	0.13346351516082147
2217	1	0	0	0.1	1	False	0.3	4.5	2.0	70	NA	NA	0.1	failed	early_stop_failed	5150	>46	46.78493100185865	-23	0.11945739481412815
2218	1	0	0	0.1	1	False	0.3	4.5	3.0	70	NA	NA	0.1	failed	early_stop_failed	4650	>46	46.662668808827554	-22	0.14541497676651235
2219	1	0	0	0.1	1	False	0.3	4.5	5.0	70	NA	NA	0.1	failed	early_stop_failed	5150	>46	46.65483203299415	-24	0.12891167924483807
2220	1	0	0	0.1	1	False	0.3	5.0	1.1	70	NA	NA	0.1	failed	early_stop_failed	4500	>46	47.01050296562532	-20	0.09666899053849563
2221	1	0	0	0.1	1	False	0.3	5.0	1.5	70	NA	NA	0.1	failed	early_stop_failed	4550	>46	46.66108749402492	-22	0.10183247496164453
2222	1	0	0	0.1	1	False	0.3	5.0	2.0	70	NA	NA	0.1	failed	early_stop_failed	5000	>46	46.6422051731705	-22	0.1337064696327598
2223	1	0	0	0.1	1	False	0.3	5.0	3.0	70	NA	NA	0.1	failed	early_stop_failed	4550	>46	46.71754267742968	-22	0.10775559155399085
2224	1	0	0	0.1	1	False	0.3	5.0	5.0	70	NA	NA	0.1	failed	early_stop_failed	4600	>46	46.61293781113602	-25	0.10148898380793206
2225	1	0	0	0.1	1	False	0.35	3.0	1.1	70	NA	NA	0.1	extinct	population_extinct	100000	NA	NA	NA	NA
2226	1	0	0	0.1	1	False	0.35	3.0	1.5	70	NA	NA	0.1	extinct	population_extinct	100000	NA	39.96666666666666	NA	NA
2227	1	0	0	0.1	1	False	0.35	3.0	2.0	70	NA	NA	0.1	failed	early_stop_failed	4900	>46	46.560774484637115	-23	0.1370990766605839
2228	1	0	0	0.1	1	False	0.35	3.0	3.0	70	NA	NA	0.1	failed	early_stop_failed	5000	>46	46.75308631739358	-22	0.12883124360474876
2229	1	0	0	0.1	1	False	0.35	3.0	5.0	70	NA	NA	0.1	failed	early_stop_failed	5150	>46	46.67694489805098	-21	0.1175426901455495
2230	1	0	0	0.1	1	False	0.35	3.5	1.1	70	NA	NA	0.1	extinct	population_extinct	100000	NA	NA	NA	NA
2231	1	0	0	0.1	1	False	0.35	3.5	1.5	70	NA	NA	0.1	failed	early_stop_failed	5150	>46	46.49819516482078	-22	0.129067997941025
2232	1	0	0	0.1	1	False	0.35	3.5	2.0	70	NA	NA	0.1	failed	early_stop_failed	4850	>46	46.684184442930444	-25	0.10564986240106874
2233	1	0	0	0.1	1	False	0.35	3.5	3.0	70	NA	NA	0.1	failed	early_stop_failed	5300	>46	46.31504050173861	-22	0.1413714684328363
2234	1	0	0	0.1	1	False	0.35	3.5	5.0	70	NA	NA	0.1	failed	early_stop_failed	5100	>46	46.522885817808756	-24	0.12727732429963595
2235	1	0	0	0.1	1	False	0.35	4.0	1.1	70	NA	NA	0.1	failed	early_stop_failed	4450	>46	46.75312765827328	-22	0.09117930003667057
2236	1	0	0	0.1	1	False	0.35	4.0	1.5	70	NA	NA	0.1	failed	early_stop_failed	4600	>46	46.8262296522281	-22	0.09773951827132105
2237	1	0	0	0.1	1	False	0.35	4.0	2.0	70	NA	NA	0.1	failed	early_stop_failed	5050	>46	46.71930005559078	-23	0.12816387797298062
2238	1	0	0	0.1	1	False	0.35	4.0	3.0	70	NA	NA	0.1	failed	early_stop_failed	5250	>46	46.668898093513604	-23	0.10505610318702954
2239	1	0	0	0.1	1	False	0.35	4.0	5.0	70	NA	NA	0.1	failed	early_stop_failed	5150	>46	46.85762708358285	-24	0.10337545253386983
2240	1	0	0	0.1	1	False	0.35	4.5	1.1	70	NA	NA	0.1	failed	early_stop_failed	5350	>46	46.67916296280594	-24	0.11342016033129303
2241	1	0	0	0.1	1	False	0.35	4.5	1.5	70	NA	NA	0.1	failed	early_stop_failed	4500	>46	46.80159439923132	-25	0.100586831980574
2242	1	0	0	0.1	1	False	0.35	4.5	2.0	70	NA	NA	0.1	failed	early_stop_failed	5300	>46	46.60914418549648	-21	0.12120849033753588
2243	1	0	0	0.1	1	False	0.35	4.5	3.0	70	NA	NA	0.1	failed	early_stop_failed	4350	>46	46.806814475194216	-24	0.09524914023017571
2244	1	0	0	0.1	1	False	0.35	4.5	5.0	70	NA	NA	0.1	failed	early_stop_failed	4700	>46	46.66105346154332	-24	0.10730436967480808
2245	1	0	0	0.1	1	False	0.35	5.0	1.1	70	NA	NA	0.1	failed	early_stop_failed	4450	>46	46.65793941428771	-21	0.11267024563878104
2246	1	0	0	0.1	1	False	0.35	5.0	1.5	70	NA	NA	0.1	failed	early_stop_failed	4800	>46	46.42584689548956	-23	0.12909741513175985
2247	1	0	0	0.1	1	False	0.35	5.0	2.0	70	NA	NA	0.1	failed	early_stop_failed	5500	>46	46.5905803377344	-23	0.10738291191756173
2248	1	0	0	0.1	1	False	0.35	5.0	3.0	70	NA	NA	0.1	failed	early_stop_failed	4700	>46	46.532912636237214	-23	0.11152067039523683
2249	1	0	0	0.1	1	False	0.35	5.0	5.0	70	NA	NA	0.1	failed	early_stop_failed	4500	>46	46.50167611844032	-23	0.13680386963763969
2250	1	1	1	0.1	0	False	0.15	3.0	1.1	70	0.008	25.0	NA	extinct	population_extinct	100000	NA	NA	NA	NA
2251	1	1	1	0.1	0	False	0.15	3.0	1.5	70	0.008	25.0	NA	extinct	population_extinct	100000	NA	NA	NA	NA
2252	1	1	1	0.1	0	False	0.15	3.0	2.0	70	0.008	25.0	NA	succeed	early_stop_succeed	2350	39.79272320793225	39.78688566916416	-30	0.19149017191205137
2253	1	1	1	0.1	0	False	0.15	3.0	3.0	70	0.008	25.0	NA	succeed	early_stop_succeed	2000	39.83116528069092	39.81755936025479	-30	0.2828900502136857
2254	1	1	1	0.1	0	False	0.15	3.0	5.0	70	0.008	25.0	NA	succeed	early_stop_succeed	2450	39.61337297062863	39.608544078335186	-30	0.21254680093332604
2255	1	1	1	0.1	0	False	0.15	3.5	1.1	70	0.008	25.0	NA	extinct	population_extinct	100000	NA	NA	NA	NA
2256	1	1	1	0.1	0	False	0.15	3.5	1.5	70	0.008	25.0	NA	succeed	early_stop_succeed	2150	39.973392364909685	39.98237781000218	-30	0.22240706285929993
2257	1	1	1	0.1	0	False	0.15	3.5	2.0	70	0.008	25.0	NA	succeed	early_stop_succeed	2000	39.95505997948614	39.961956075348134	-30	0.24075296751799719
2258	1	1	1	0.1	0	False	0.15	3.5	3.0	70	0.008	25.0	NA	succeed	early_stop_succeed	2000	39.79491393716362	39.74307434675994	-30	0.22847189177279173
2259	1	1	1	0.1	0	False	0.15	3.5	5.0	70	0.008	25.0	NA	succeed	early_stop_succeed	2700	40.300378613047656	40.33371659963467	-30	0.18433857267001574
2260	1	1	1	0.1	0	False	0.15	4.0	1.1	70	0.008	25.0	NA	succeed	early_stop_succeed	3150	39.67672080951443	39.65641400105402	-30	0.18593130469030508
2261	1	1	1	0.1	0	False	0.15	4.0	1.5	70	0.008	25.0	NA	succeed	early_stop_succeed	3000	39.52369265691757	39.48977446179493	-30	0.1636031375252371
2262	1	1	1	0.1	0	False	0.15	4.0	2.0	70	0.008	25.0	NA	succeed	early_stop_succeed	2000	39.85510571514537	39.865560861459905	-30	0.246868788277958
2263	1	1	1	0.1	0	False	0.15	4.0	3.0	70	0.008	25.0	NA	succeed	early_stop_succeed	2000	40.087092276744826	40.07027255029089	-30	0.23555584884404993
2264	1	1	1	0.1	0	False	0.15	4.0	5.0	70	0.008	25.0	NA	succeed	early_stop_succeed	2000	40.209493199296034	40.21584562757293	-30	0.2670143639542018
2265	1	1	1	0.1	0	False	0.15	4.5	1.1	70	0.008	25.0	NA	succeed	early_stop_succeed	2000	39.9560498639117	39.95767625731137	-30	0.24147769765238583
2266	1	1	1	0.1	0	False	0.15	4.5	1.5	70	0.008	25.0	NA	succeed	early_stop_succeed	2000	40.078639519912954	40.05489444198065	-30	0.22448385676332602
2267	1	1	1	0.1	0	False	0.15	4.5	2.0	70	0.008	25.0	NA	succeed	early_stop_succeed	3300	40.18910931903755	40.23998661829686	-30	0.1867511268473963
2268	1	1	1	0.1	0	False	0.15	4.5	3.0	70	0.008	25.0	NA	succeed	early_stop_succeed	2400	40.43738729269781	40.41227465467384	-30	0.20322958311810485
2269	1	1	1	0.1	0	False	0.15	4.5	5.0	70	0.008	25.0	NA	succeed	early_stop_succeed	2750	40.51206483437133	40.50282787927943	-30	0.208878702804962
2270	1	1	1	0.1	0	False	0.15	5.0	1.1	70	0.008	25.0	NA	succeed	early_stop_succeed	2100	40.127076709255874	40.110743817884185	-30	0.24746213742543144
2271	1	1	1	0.1	0	False	0.15	5.0	1.5	70	0.008	25.0	NA	succeed	early_stop_succeed	2200	39.93134239694212	39.92332106226732	-30	0.22029557681162537
2272	1	1	1	0.1	0	False	0.15	5.0	2.0	70	0.008	25.0	NA	succeed	early_stop_succeed	2000	40.11855798106289	40.107220007395256	-30	0.25299694775181764
2273	1	1	1	0.1	0	False	0.15	5.0	3.0	70	0.008	25.0	NA	succeed	early_stop_succeed	2200	40.20687457468191	40.22223767527128	-30	0.24604743010668678
2274	1	1	1	0.1	0	False	0.15	5.0	5.0	70	0.008	25.0	NA	succeed	early_stop_succeed	2150	40.107487536117105	40.13401931251702	-30	0.23238080892601296
2275	1	1	1	0.1	0	False	0.2	3.0	1.1	70	0.008	25.0	NA	extinct	population_extinct	100000	NA	NA	NA	NA
2276	1	1	1	0.1	0	False	0.2	3.0	1.5	70	0.008	25.0	NA	extinct	population_extinct	100000	NA	NA	NA	NA
2277	1	1	1	0.1	0	False	0.2	3.0	2.0	70	0.008	25.0	NA	succeed	early_stop_succeed	2000	39.3821057998307	39.406764025142685	-30	0.32139496912858173
2278	1	1	1	0.1	0	False	0.2	3.0	3.0	70	0.008	25.0	NA	succeed	early_stop_succeed	2050	39.71757868732793	39.677258337879685	-30	0.2552762181429087
2279	1	1	1	0.1	0	False	0.2	3.0	5.0	70	0.008	25.0	NA	succeed	early_stop_succeed	2450	39.61077282601168	39.629378943705994	-30	0.17457576561890673
2280	1	1	1	0.1	0	False	0.2	3.5	1.1	70	0.008	25.0	NA	extinct	population_extinct	100000	NA	NA	NA	NA
2281	1	1	1	0.1	0	False	0.2	3.5	1.5	70	0.008	25.0	NA	succeed	early_stop_succeed	2150	40.06804110788811	39.976766942612144	-30	0.357413939377009
2282	1	1	1	0.1	0	False	0.2	3.5	2.0	70	0.008	25.0	NA	succeed	early_stop_succeed	2000	39.81923582303741	39.82494980763442	-30	0.2369507991263602
2283	1	1	1	0.1	0	False	0.2	3.5	3.0	70	0.008	25.0	NA	succeed	early_stop_succeed	2050	39.919589292312075	39.92627683409217	-30	0.2544168831333808
2284	1	1	1	0.1	0	False	0.2	3.5	5.0	70	0.008	25.0	NA	succeed	early_stop_succeed	2000	39.83474018545539	39.866150779653395	-30	0.21256525411795732
2285	1	1	1	0.1	0	False	0.2	4.0	1.1	70	0.008	25.0	NA	extinct	population_extinct	100000	NA	NA	NA	NA
2286	1	1	1	0.1	0	False	0.2	4.0	1.5	70	0.008	25.0	NA	succeed	early_stop_succeed	2000	39.96491633002346	39.95319850768715	-30	0.2300542331650338
2287	1	1	1	0.1	0	False	0.2	4.0	2.0	70	0.008	25.0	NA	succeed	early_stop_succeed	2350	39.87806553493654	39.9210395555505	-30	0.2314935128528795
2288	1	1	1	0.1	0	False	0.2	4.0	3.0	70	0.008	25.0	NA	succeed	early_stop_succeed	2000	39.97967757620575	39.958743098372594	-30	0.21498952680830274
2289	1	1	1	0.1	0	False	0.2	4.0	5.0	70	0.008	25.0	NA	succeed	early_stop_succeed	2550	40.153130775145776	40.183130312077836	-30	0.21950782753191317
2290	1	1	1	0.1	0	False	0.2	4.5	1.1	70	0.008	25.0	NA	succeed	early_stop_succeed	2200	39.729191206817625	39.7367004058363	-30	0.2152534003376835
2291	1	1	1	0.1	0	False	0.2	4.5	1.5	70	0.008	25.0	NA	succeed	early_stop_succeed	2350	39.74915121893368	39.76446296110109	-30	0.23073233406597057
2292	1	1	1	0.1	0	False	0.2	4.5	2.0	70	0.008	25.0	NA	succeed	early_stop_succeed	2000	40.046705301631356	40.06159766577564	-30	0.25012503933229213
2293	1	1	1	0.1	0	False	0.2	4.5	3.0	70	0.008	25.0	NA	succeed	early_stop_succeed	2100	40.10731813342464	40.09199696107311	-30	0.2399368756779792
2294	1	1	1	0.1	0	False	0.2	4.5	5.0	70	0.008	25.0	NA	succeed	early_stop_succeed	2000	39.93795274612635	39.954066217248744	-30	0.2680852483129073
2295	1	1	1	0.1	0	False	0.2	5.0	1.1	70	0.008	25.0	NA	succeed	early_stop_succeed	2000	39.93142972805201	39.966485547689196	-30	0.2615458813568604
2296	1	1	1	0.1	0	False	0.2	5.0	1.5	70	0.008	25.0	NA	succeed	early_stop_succeed	2100	40.169624201844634	40.14357964340872	-30	0.2340037581986903
2297	1	1	1	0.1	0	False	0.2	5.0	2.0	70	0.008	25.0	NA	succeed	early_stop_succeed	2000	40.25108047136636	40.21735923292531	-30	0.20869047897703466
2298	1	1	1	0.1	0	False	0.2	5.0	3.0	70	0.008	25.0	NA	succeed	early_stop_succeed	3750	40.62934852927652	40.63971587304304	-30	0.16501580140746136
2299	1	1	1	0.1	0	False	0.2	5.0	5.0	70	0.008	25.0	NA	succeed	early_stop_succeed	2600	40.53751340514424	40.5526787248933	-30	0.19571862398371706
2300	1	1	1	0.1	0	False	0.25	3.0	1.1	70	0.008	25.0	NA	extinct	population_extinct	100000	NA	NA	NA	NA
2301	1	1	1	0.1	0	False	0.25	3.0	1.5	70	0.008	25.0	NA	extinct	population_extinct	100000	NA	NA	NA	NA
2302	1	1	1	0.1	0	False	0.25	3.0	2.0	70	0.008	25.0	NA	extinct	population_extinct	100000	NA	NA	NA	NA
2303	1	1	1	0.1	0	False	0.25	3.0	3.0	70	0.008	25.0	NA	succeed	early_stop_succeed	2450	39.75298555327786	39.74536851607682	-30	0.2168310074004899
2304	1	1	1	0.1	0	False	0.25	3.0	5.0	70	0.008	25.0	NA	succeed	early_stop_succeed	4300	<39	38.76958852793826	-33	0.13943043338127517
2305	1	1	1	0.1	0	False	0.25	3.5	1.1	70	0.008	25.0	NA	extinct	population_extinct	100000	NA	NA	NA	NA
2306	1	1	1	0.1	0	False	0.25	3.5	1.5	70	0.008	25.0	NA	extinct	population_extinct	100000	NA	NA	NA	NA
2307	1	1	1	0.1	0	False	0.25	3.5	2.0	70	0.008	25.0	NA	succeed	early_stop_succeed	2000	39.88646408708302	39.9028893793225	-30	0.2611019003828885
2308	1	1	1	0.1	0	False	0.25	3.5	3.0	70	0.008	25.0	NA	succeed	early_stop_succeed	3200	39.22095915445301	39.220892257766344	-30	0.15966180340232053
2309	1	1	1	0.1	0	False	0.25	3.5	5.0	70	0.008	25.0	NA	succeed	early_stop_succeed	2700	39.752672037752454	39.72234348088493	-30	0.22188553244352607
2310	1	1	1	0.1	0	False	0.25	4.0	1.1	70	0.008	25.0	NA	extinct	population_extinct	100000	NA	NA	NA	NA
2311	1	1	1	0.1	0	False	0.25	4.0	1.5	70	0.008	25.0	NA	succeed	early_stop_succeed	2100	39.69082875528975	39.684966081262836	-30	0.2183519065075408
2312	1	1	1	0.1	0	False	0.25	4.0	2.0	70	0.008	25.0	NA	succeed	early_stop_succeed	3050	39.572852502452776	39.603263022998036	-30	0.15396763160595447
2313	1	1	1	0.1	0	False	0.25	4.0	3.0	70	0.008	25.0	NA	succeed	early_stop_succeed	2000	39.925779797810016	39.93216083676912	-30	0.25199132300749394
2314	1	1	1	0.1	0	False	0.25	4.0	5.0	70	0.008	25.0	NA	succeed	early_stop_succeed	2100	40.03647378695134	40.05666694707347	-30	0.22690235429666508
2315	1	1	1	0.1	0	False	0.25	4.5	1.1	70	0.008	25.0	NA	succeed	early_stop_succeed	2050	39.90291804890134	39.89974454772296	-30	0.2629945584455574
2316	1	1	1	0.1	0	False	0.25	4.5	1.5	70	0.008	25.0	NA	succeed	early_stop_succeed	2000	39.888390401800784	39.89753565150011	-30	0.2280441449772393
2317	1	1	1	0.1	0	False	0.25	4.5	2.0	70	0.008	25.0	NA	succeed	early_stop_succeed	2000	39.90612661940456	39.91871318013987	-30	0.229236562706273
2318	1	1	1	0.1	0	False	0.25	4.5	3.0	70	0.008	25.0	NA	succeed	early_stop_succeed	2000	40.16840126697289	40.198418441320726	-30	0.22998254821232858
2319	1	1	1	0.1	0	False	0.25	4.5	5.0	70	0.008	25.0	NA	succeed	early_stop_succeed	2100	40.23693540316367	40.21794663239545	-30	0.22507371326303807
2320	1	1	1	0.1	0	False	0.25	5.0	1.1	70	0.008	25.0	NA	succeed	early_stop_succeed	2000	39.76384274636573	39.77453370530159	-30	0.23736554572405758
2321	1	1	1	0.1	0	False	0.25	5.0	1.5	70	0.008	25.0	NA	succeed	early_stop_succeed	2100	40.09474832559826	40.10538905130307	-30	0.22270156383187753
2322	1	1	1	0.1	0	False	0.25	5.0	2.0	70	0.008	25.0	NA	succeed	early_stop_succeed	2000	40.16025849318217	40.13514595490084	-30	0.2571783569073343
2323	1	1	1	0.1	0	False	0.25	5.0	3.0	70	0.008	25.0	NA	succeed	early_stop_succeed	2800	40.66172449861893	40.67361330277417	-30	0.17935716382811198
2324	1	1	1	0.1	0	False	0.25	5.0	5.0	70	0.008	25.0	NA	succeed	early_stop_succeed	2400	40.27914633998324	40.28772873101257	-30	0.20886585298351007
2325	1	1	1	0.1	0	False	0.3	3.0	1.1	70	0.008	25.0	NA	extinct	population_extinct	100000	NA	NA	NA	NA
2326	1	1	1	0.1	0	False	0.3	3.0	1.5	70	0.008	25.0	NA	extinct	population_extinct	100000	NA	NA	NA	NA
2327	1	1	1	0.1	0	False	0.3	3.0	2.0	70	0.008	25.0	NA	extinct	population_extinct	100000	NA	NA	NA	NA
2328	1	1	1	0.1	0	False	0.3	3.0	3.0	70	0.008	25.0	NA	succeed	early_stop_succeed	2350	39.60183314065065	39.63189154866612	-30	0.20213999428135082
2329	1	1	1	0.1	0	False	0.3	3.0	5.0	70	0.008	25.0	NA	succeed	early_stop_succeed	4750	<39	38.76042747329974	-35	0.1544095113432494
2330	1	1	1	0.1	0	False	0.3	3.5	1.1	70	0.008	25.0	NA	extinct	population_extinct	100000	NA	NA	NA	NA
2331	1	1	1	0.1	0	False	0.3	3.5	1.5	70	0.008	25.0	NA	extinct	population_extinct	100000	NA	NA	NA	NA
2332	1	1	1	0.1	0	False	0.3	3.5	2.0	70	0.008	25.0	NA	succeed	early_stop_succeed	2400	39.83067617206871	39.87363669994867	-30	0.19226314021809393
2333	1	1	1	0.1	0	False	0.3	3.5	3.0	70	0.008	25.0	NA	succeed	early_stop_succeed	2150	39.83815545180095	39.838213972402826	-30	0.23470580897608406
2334	1	1	1	0.1	0	False	0.3	3.5	5.0	70	0.008	25.0	NA	succeed	early_stop_succeed	2250	39.7849687297394	39.807901233231114	-30	0.2210656368669769
2335	1	1	1	0.1	0	False	0.3	4.0	1.1	70	0.008	25.0	NA	extinct	population_extinct	100000	NA	NA	NA	NA
2336	1	1	1	0.1	0	False	0.3	4.0	1.5	70	0.008	25.0	NA	succeed	early_stop_succeed	3500	39.12379748349659	39.080317592264635	-30	0.15136406448110704
2337	1	1	1	0.1	0	False	0.3	4.0	2.0	70	0.008	25.0	NA	succeed	early_stop_succeed	2000	39.7723912693511	39.74295240612723	-30	0.20375228261752837
2338	1	1	1	0.1	0	False	0.3	4.0	3.0	70	0.008	25.0	NA	succeed	early_stop_succeed	2700	39.70022962110583	39.68629815306749	-30	0.19430593816181685
2339	1	1	1	0.1	0	False	0.3	4.0	5.0	70	0.008	25.0	NA	succeed	early_stop_succeed	3050	40.288200297663955	40.29039045632394	-30	0.21761937433743
2340	1	1	1	0.1	0	False	0.3	4.5	1.1	70	0.008	25.0	NA	extinct	population_extinct	100000	NA	39.94581951030218	NA	NA
2341	1	1	1	0.1	0	False	0.3	4.5	1.5	70	0.008	25.0	NA	succeed	early_stop_succeed	2600	39.694964865430876	39.688975339370664	-30	0.20565073010617962
2342	1	1	1	0.1	0	False	0.3	4.5	2.0	70	0.008	25.0	NA	succeed	early_stop_succeed	2000	39.93061651864692	39.94027795904107	-30	0.19677110597593536
2343	1	1	1	0.1	0	False	0.3	4.5	3.0	70	0.008	25.0	NA	succeed	early_stop_succeed	2550	40.24034765927924	40.23880184131191	-30	0.20700581576596902
2344	1	1	1	0.1	0	False	0.3	4.5	5.0	70	0.008	25.0	NA	succeed	early_stop_succeed	2200	40.38074517004791	40.394779257259835	-30	0.2353267835632237
2345	1	1	1	0.1	0	False	0.3	5.0	1.1	70	0.008	25.0	NA	succeed	early_stop_succeed	3250	39.38127245346968	39.3384540211087	-30	0.1526742321682538
2346	1	1	1	0.1	0	False	0.3	5.0	1.5	70	0.008	25.0	NA	succeed	early_stop_succeed	2000	39.98881152964387	39.969677032463935	-30	0.24234384204972476
2347	1	1	1	0.1	0	False	0.3	5.0	2.0	70	0.008	25.0	NA	succeed	early_stop_succeed	2500	40.03732226489634	40.05940111357466	-30	0.20013312871961453
2348	1	1	1	0.1	0	False	0.3	5.0	3.0	70	0.008	25.0	NA	succeed	early_stop_succeed	2000	40.12460191575691	40.14200402386948	-30	0.22458925142712197
2349	1	1	1	0.1	0	False	0.3	5.0	5.0	70	0.008	25.0	NA	succeed	early_stop_succeed	2850	40.41425125910002	40.424072922128104	-30	0.19630956842934333
2350	1	1	1	0.1	0	False	0.35	3.0	1.1	70	0.008	25.0	NA	extinct	population_extinct	100000	NA	NA	NA	NA
2351	1	1	1	0.1	0	False	0.35	3.0	1.5	70	0.008	25.0	NA	extinct	population_extinct	100000	NA	NA	NA	NA
2352	1	1	1	0.1	0	False	0.35	3.0	2.0	70	0.008	25.0	NA	extinct	population_extinct	100000	NA	NA	NA	NA
2353	1	1	1	0.1	0	False	0.35	3.0	3.0	70	0.008	25.0	NA	succeed	early_stop_succeed	3600	<39	38.747464505176424	-32	0.1653248194906299
2354	1	1	1	0.1	0	False	0.35	3.0	5.0	70	0.008	25.0	NA	succeed	early_stop_succeed	2000	39.68745697555677	39.740730167682976	-30	0.23962301445611403
2355	1	1	1	0.1	0	False	0.35	3.5	1.1	70	0.008	25.0	NA	extinct	population_extinct	100000	NA	NA	NA	NA
2356	1	1	1	0.1	0	False	0.35	3.5	1.5	70	0.008	25.0	NA	extinct	population_extinct	100000	NA	NA	NA	NA
2357	1	1	1	0.1	0	False	0.35	3.5	2.0	70	0.008	25.0	NA	extinct	population_extinct	100000	NA	38.98818805711538	NA	NA
2358	1	1	1	0.1	0	False	0.35	3.5	3.0	70	0.008	25.0	NA	succeed	early_stop_succeed	3900	<39	38.85350272683176	-31	0.15318793091851815
2359	1	1	1	0.1	0	False	0.35	3.5	5.0	70	0.008	25.0	NA	succeed	early_stop_succeed	2000	39.9145155559047	39.92481354383474	-30	0.28382090177345065
2360	1	1	1	0.1	0	False	0.35	4.0	1.1	70	0.008	25.0	NA	extinct	population_extinct	100000	NA	NA	NA	NA
2361	1	1	1	0.1	0	False	0.35	4.0	1.5	70	0.008	25.0	NA	extinct	population_extinct	100000	NA	40.04597322939926	NA	NA
2362	1	1	1	0.1	0	False	0.35	4.0	2.0	70	0.008	25.0	NA	succeed	early_stop_succeed	4050	39.05655954219506	39.036501840036735	-30	0.1543259006352621
2363	1	1	1	0.1	0	False	0.35	4.0	3.0	70	0.008	25.0	NA	succeed	early_stop_succeed	2500	39.77309594702263	39.78073792593071	-31	0.18623580968389686
2364	1	1	1	0.1	0	False	0.35	4.0	5.0	70	0.008	25.0	NA	succeed	early_stop_succeed	2000	39.935887641350476	39.92004102511394	-30	0.2465990100577478
2365	1	1	1	0.1	0	False	0.35	4.5	1.1	70	0.008	25.0	NA	extinct	population_extinct	100000	NA	NA	NA	NA
2366	1	1	1	0.1	0	False	0.35	4.5	1.5	70	0.008	25.0	NA	succeed	early_stop_succeed	2250	39.95066675564985	39.92338381338388	-30	0.23805540201159645
2367	1	1	1	0.1	0	False	0.35	4.5	2.0	70	0.008	25.0	NA	succeed	early_stop_succeed	2150	39.97341025180698	39.960197245730974	-30	0.24392229880638275
2368	1	1	1	0.1	0	False	0.35	4.5	3.0	70	0.008	25.0	NA	succeed	early_stop_succeed	2000	40.01510666814044	39.999319201273714	-30	0.2559989305515926
2369	1	1	1	0.1	0	False	0.35	4.5	5.0	70	0.008	25.0	NA	succeed	early_stop_succeed	2000	40.22180557570969	40.210968095412355	-30	0.2436102851089098
2370	1	1	1	0.1	0	False	0.35	5.0	1.1	70	0.008	25.0	NA	extinct	population_extinct	100000	NA	40.733303970719476	NA	NA
2371	1	1	1	0.1	0	False	0.35	5.0	1.5	70	0.008	25.0	NA	succeed	early_stop_succeed	2100	39.909823110854845	39.897002652661875	-30	0.2565127036930157
2372	1	1	1	0.1	0	False	0.35	5.0	2.0	70	0.008	25.0	NA	succeed	early_stop_succeed	2300	40.1461794401614	40.155514596973255	-30	0.19825004351439862
2373	1	1	1	0.1	0	False	0.35	5.0	3.0	70	0.008	25.0	NA	succeed	early_stop_succeed	4300	40.917838083788844	40.93714320696636	-30	0.15667595127122275
2374	1	1	1	0.1	0	False	0.35	5.0	5.0	70	0.008	25.0	NA	succeed	early_stop_succeed	2600	40.421711545064156	40.44022959601259	-30	0.20398676845776909
2375	1	1	0	0.1	1	False	0.15	3.0	1.1	70	0.008	25.0	0.1	extinct	population_extinct	100000	NA	NA	NA	NA
2376	1	1	0	0.1	1	False	0.15	3.0	1.5	70	0.008	25.0	0.1	extinct	population_extinct	100000	NA	NA	NA	NA
2377	1	1	0	0.1	1	False	0.15	3.0	2.0	70	0.008	25.0	0.1	succeed	early_stop_succeed	2000	39.79648947126848	39.81472878398279	-30	0.25648651711768594
2378	1	1	0	0.1	1	False	0.15	3.0	3.0	70	0.008	25.0	0.1	succeed	early_stop_succeed	3650	39.265178650817745	39.24563771994333	-30	0.13840187864147008
2379	1	1	0	0.1	1	False	0.15	3.0	5.0	70	0.008	25.0	0.1	succeed	early_stop_succeed	2350	39.693557448062485	39.711071407904036	-30	0.21056668251450458
2380	1	1	0	0.1	1	False	0.15	3.5	1.1	70	0.008	25.0	0.1	extinct	population_extinct	100000	NA	38.75	NA	NA
2381	1	1	0	0.1	1	False	0.15	3.5	1.5	70	0.008	25.0	0.1	succeed	early_stop_succeed	2250	39.69018445139498	39.69437877899618	-30	0.2565009477395926
2382	1	1	0	0.1	1	False	0.15	3.5	2.0	70	0.008	25.0	0.1	succeed	early_stop_succeed	2050	39.91783411808742	39.903689724786005	-30	0.22606198696994131
2383	1	1	0	0.1	1	False	0.15	3.5	3.0	70	0.008	25.0	0.1	succeed	early_stop_succeed	2000	39.88369574359684	39.883717477034956	-30	0.22416351076781676
2384	1	1	0	0.1	1	False	0.15	3.5	5.0	70	0.008	25.0	0.1	succeed	early_stop_succeed	2850	40.17069585991632	40.177313835515044	-30	0.16104159478698554
2385	1	1	0	0.1	1	False	0.15	4.0	1.1	70	0.008	25.0	0.1	succeed	early_stop_succeed	2450	39.64582449225781	39.646463342764164	-30	0.20336659926567713
2386	1	1	0	0.1	1	False	0.15	4.0	1.5	70	0.008	25.0	0.1	succeed	early_stop_succeed	2000	39.867261552981866	39.893721340182786	-30	0.25000683380563193
2387	1	1	0	0.1	1	False	0.15	4.0	2.0	70	0.008	25.0	0.1	succeed	early_stop_succeed	2350	40.17747490068995	40.162688678416	-30	0.21032860446046997
2388	1	1	0	0.1	1	False	0.15	4.0	3.0	70	0.008	25.0	0.1	succeed	early_stop_succeed	2000	40.16187197644734	40.12997721659512	-30	0.2546307468029852
2389	1	1	0	0.1	1	False	0.15	4.0	5.0	70	0.008	25.0	0.1	succeed	early_stop_succeed	2000	40.05990685578905	40.070033763944245	-30	0.22778832749164565
2390	1	1	0	0.1	1	False	0.15	4.5	1.1	70	0.008	25.0	0.1	succeed	early_stop_succeed	2150	39.906449884499395	39.900791983792494	-30	0.24104908185538718
2391	1	1	0	0.1	1	False	0.15	4.5	1.5	70	0.008	25.0	0.1	succeed	early_stop_succeed	2000	40.055298845429434	40.053209026178806	-30	0.2506912533402954
2392	1	1	0	0.1	1	False	0.15	4.5	2.0	70	0.008	25.0	0.1	succeed	early_stop_succeed	2050	40.29539643729841	40.29924662710884	-30	0.241875267814035
2393	1	1	0	0.1	1	False	0.15	4.5	3.0	70	0.008	25.0	0.1	succeed	early_stop_succeed	2000	40.03981240683771	40.03269930637427	-30	0.2947330181149433
2394	1	1	0	0.1	1	False	0.15	4.5	5.0	70	0.008	25.0	0.1	succeed	early_stop_succeed	3050	40.46108777031718	40.46229986985189	-30	0.186057793130431
2395	1	1	0	0.1	1	False	0.15	5.0	1.1	70	0.008	25.0	0.1	succeed	early_stop_succeed	2150	39.7777227631652	39.77470012989686	-30	0.2524104020358613
2396	1	1	0	0.1	1	False	0.15	5.0	1.5	70	0.008	25.0	0.1	succeed	early_stop_succeed	2250	40.15425599331499	40.171654879322325	-30	0.21704751707243333
2397	1	1	0	0.1	1	False	0.15	5.0	2.0	70	0.008	25.0	0.1	succeed	early_stop_succeed	2000	40.20237124688085	40.18969614163859	-30	0.21338589019453483
2398	1	1	0	0.1	1	False	0.15	5.0	3.0	70	0.008	25.0	0.1	succeed	early_stop_succeed	3700	40.652095026684094	40.66135822490536	-28	0.14047371003795683
2399	1	1	0	0.1	1	False	0.15	5.0	5.0	70	0.008	25.0	0.1	succeed	early_stop_succeed	2400	40.187163792603144	40.175535868216585	-30	0.20559435908942258
2400	1	1	0	0.1	1	False	0.2	3.0	1.1	70	0.008	25.0	0.1	extinct	population_extinct	100000	NA	NA	NA	NA
2401	1	1	0	0.1	1	False	0.2	3.0	1.5	70	0.008	25.0	0.1	extinct	population_extinct	100000	NA	NA	NA	NA
2402	1	1	0	0.1	1	False	0.2	3.0	2.0	70	0.008	25.0	0.1	succeed	early_stop_succeed	2950	39.2718377968023	39.242408498424744	-30	0.16980621006363047
2403	1	1	0	0.1	1	False	0.2	3.0	3.0	70	0.008	25.0	0.1	succeed	early_stop_succeed	2000	39.79766173646879	39.80810522728304	-30	0.23224494139280638
2404	1	1	0	0.1	1	False	0.2	3.0	5.0	70	0.008	25.0	0.1	succeed	early_stop_succeed	2000	39.77765605107219	39.75325667239371	-30	0.2321943666221756
2405	1	1	0	0.1	1	False	0.2	3.5	1.1	70	0.008	25.0	0.1	extinct	population_extinct	100000	NA	NA	NA	NA
2406	1	1	0	0.1	1	False	0.2	3.5	1.5	70	0.008	25.0	0.1	succeed	early_stop_succeed	2750	39.55641295204494	39.53877850765064	-30	0.19259184439331714
2407	1	1	0	0.1	1	False	0.2	3.5	2.0	70	0.008	25.0	0.1	succeed	early_stop_succeed	2000	39.8968937395509	39.88926437590049	-30	0.23997802468764626
2408	1	1	0	0.1	1	False	0.2	3.5	3.0	70	0.008	25.0	0.1	succeed	early_stop_succeed	2000	39.94385269950043	39.92925090812359	-30	0.25186892245103426
2409	1	1	0	0.1	1	False	0.2	3.5	5.0	70	0.008	25.0	0.1	succeed	early_stop_succeed	2000	40.07476549859178	40.04172541296796	-30	0.2568067752770941
2410	1	1	0	0.1	1	False	0.2	4.0	1.1	70	0.008	25.0	0.1	extinct	population_extinct	100000	NA	NA	NA	NA
2411	1	1	0	0.1	1	False	0.2	4.0	1.5	70	0.008	25.0	0.1	succeed	early_stop_succeed	2750	39.50289679412831	39.53116412384815	-30	0.21032666617130105
2412	1	1	0	0.1	1	False	0.2	4.0	2.0	70	0.008	25.0	0.1	succeed	early_stop_succeed	2000	39.810335062047685	39.82218229146008	-30	0.2751878768706236
2413	1	1	0	0.1	1	False	0.2	4.0	3.0	70	0.008	25.0	0.1	succeed	early_stop_succeed	2550	39.851573961579646	39.83827927590546	-30	0.19607353923187926
2414	1	1	0	0.1	1	False	0.2	4.0	5.0	70	0.008	25.0	0.1	succeed	early_stop_succeed	2050	40.21978978478312	40.213611364898	-30	0.2565067770828901
2415	1	1	0	0.1	1	False	0.2	4.5	1.1	70	0.008	25.0	0.1	succeed	early_stop_succeed	2350	39.605862762270846	39.63171177179628	-30	0.1943488601377484
2416	1	1	0	0.1	1	False	0.2	4.5	1.5	70	0.008	25.0	0.1	succeed	early_stop_succeed	2000	39.93680247081565	39.91361625215666	-30	0.27365808104443956
2417	1	1	0	0.1	1	False	0.2	4.5	2.0	70	0.008	25.0	0.1	succeed	early_stop_succeed	2050	40.19297206834961	40.19211814115108	-30	0.2610121114404134
2418	1	1	0	0.1	1	False	0.2	4.5	3.0	70	0.008	25.0	0.1	succeed	early_stop_succeed	2950	40.500094466717286	40.51845233330547	-30	0.1924571417687469
2419	1	1	0	0.1	1	False	0.2	4.5	5.0	70	0.008	25.0	0.1	succeed	early_stop_succeed	2000	40.00362548476481	40.03992169051698	-30	0.25532193865291564
2420	1	1	0	0.1	1	False	0.2	5.0	1.1	70	0.008	25.0	0.1	succeed	early_stop_succeed	2000	39.8558338832343	39.87156911606103	-30	0.2386330665988446
2421	1	1	0	0.1	1	False	0.2	5.0	1.5	70	0.008	25.0	0.1	succeed	early_stop_succeed	2150	39.896677338872216	39.93970025678666	-30	0.22118615644758585
2422	1	1	0	0.1	1	False	0.2	5.0	2.0	70	0.008	25.0	0.1	succeed	early_stop_succeed	2000	39.98672522721993	39.99559658330495	-30	0.24815782148283494
2423	1	1	0	0.1	1	False	0.2	5.0	3.0	70	0.008	25.0	0.1	succeed	early_stop_succeed	2200	40.35786269669054	40.343403489856854	-30	0.24251529775758096
2424	1	1	0	0.1	1	False	0.2	5.0	5.0	70	0.008	25.0	0.1	succeed	early_stop_succeed	2100	40.342166549639835	40.34697847642891	-30	0.26268043751679765
2425	1	1	0	0.1	1	False	0.25	3.0	1.1	70	0.008	25.0	0.1	extinct	population_extinct	100000	NA	NA	NA	NA
2426	1	1	0	0.1	1	False	0.25	3.0	1.5	70	0.008	25.0	0.1	extinct	population_extinct	100000	NA	NA	NA	NA
2427	1	1	0	0.1	1	False	0.25	3.0	2.0	70	0.008	25.0	0.1	extinct	population_extinct	100000	NA	NA	NA	NA
2428	1	1	0	0.1	1	False	0.25	3.0	3.0	70	0.008	25.0	0.1	succeed	early_stop_succeed	2350	39.739644762181534	39.72131774341447	-30	0.22456465807254408
2429	1	1	0	0.1	1	False	0.25	3.0	5.0	70	0.008	25.0	0.1	succeed	early_stop_succeed	2700	39.5631041178691	39.57551867375961	-30	0.20063191424797833
2430	1	1	0	0.1	1	False	0.25	3.5	1.1	70	0.008	25.0	0.1	extinct	population_extinct	100000	NA	NA	NA	NA
2431	1	1	0	0.1	1	False	0.25	3.5	1.5	70	0.008	25.0	0.1	extinct	population_extinct	100000	NA	NA	NA	NA
2432	1	1	0	0.1	1	False	0.25	3.5	2.0	70	0.008	25.0	0.1	succeed	early_stop_succeed	2550	39.75364754553062	39.755152505289736	-30	0.20552971582523688
2433	1	1	0	0.1	1	False	0.25	3.5	3.0	70	0.008	25.0	0.1	succeed	early_stop_succeed	2000	39.88860610069802	39.8943174674576	-30	0.2562476008238815
2434	1	1	0	0.1	1	False	0.25	3.5	5.0	70	0.008	25.0	0.1	succeed	early_stop_succeed	2550	39.73288384201863	39.7476506231075	-30	0.21168168884598576
2435	1	1	0	0.1	1	False	0.25	4.0	1.1	70	0.008	25.0	0.1	extinct	population_extinct	100000	NA	NA	NA	NA
2436	1	1	0	0.1	1	False	0.25	4.0	1.5	70	0.008	25.0	0.1	succeed	early_stop_succeed	2150	39.791908771387746	39.74436112147496	-30	0.21787170337313191
2437	1	1	0	0.1	1	False	0.25	4.0	2.0	70	0.008	25.0	0.1	succeed	early_stop_succeed	2250	39.82195777523347	39.81413440489749	-30	0.22876098499217776
2438	1	1	0	0.1	1	False	0.25	4.0	3.0	70	0.008	25.0	0.1	succeed	early_stop_succeed	2000	39.943652113122255	39.95997803071054	-30	0.23176813307086686
2439	1	1	0	0.1	1	False	0.25	4.0	5.0	70	0.008	25.0	0.1	succeed	early_stop_succeed	2200	40.051892085242656	40.06522826779953	-30	0.19028382424344487
2440	1	1	0	0.1	1	False	0.25	4.5	1.1	70	0.008	25.0	0.1	succeed	early_stop_succeed	2000	40.05653258469553	40.02077735894236	-30	0.23581364968337787
2441	1	1	0	0.1	1	False	0.25	4.5	1.5	70	0.008	25.0	0.1	succeed	early_stop_succeed	2050	40.046108489146874	40.05152496538219	-30	0.19625477662325674
2442	1	1	0	0.1	1	False	0.25	4.5	2.0	70	0.008	25.0	0.1	succeed	early_stop_succeed	2000	39.86025955399478	39.86081014125461	-30	0.24821986190433573
2443	1	1	0	0.1	1	False	0.25	4.5	3.0	70	0.008	25.0	0.1	succeed	early_stop_succeed	2700	40.254282452412184	40.235017764157234	-30	0.193211171673589
2444	1	1	0	0.1	1	False	0.25	4.5	5.0	70	0.008	25.0	0.1	succeed	early_stop_succeed	2250	40.07989705170097	40.06662434329205	-30	0.20658250031444228
2445	1	1	0	0.1	1	False	0.25	5.0	1.1	70	0.008	25.0	0.1	succeed	early_stop_succeed	2450	39.69383604379166	39.716139196033986	-30	0.19816332946312415
2446	1	1	0	0.1	1	False	0.25	5.0	1.5	70	0.008	25.0	0.1	succeed	early_stop_succeed	2100	39.88052875204758	39.91086484574652	-30	0.24515127939943646
2447	1	1	0	0.1	1	False	0.25	5.0	2.0	70	0.008	25.0	0.1	succeed	early_stop_succeed	2450	40.356145918232585	40.32971732430693	-30	0.21403273194246406
2448	1	1	0	0.1	1	False	0.25	5.0	3.0	70	0.008	25.0	0.1	succeed	early_stop_succeed	2250	40.199329405808605	40.20815617035855	-30	0.2213903833530257
2449	1	1	0	0.1	1	False	0.25	5.0	5.0	70	0.008	25.0	0.1	succeed	early_stop_succeed	2500	40.37140280757691	40.365964725116314	-30	0.199201040970336
2450	1	1	0	0.1	1	False	0.3	3.0	1.1	70	0.008	25.0	0.1	extinct	population_extinct	100000	NA	NA	NA	NA
2451	1	1	0	0.1	1	False	0.3	3.0	1.5	70	0.008	25.0	0.1	extinct	population_extinct	100000	NA	NA	NA	NA
2452	1	1	0	0.1	1	False	0.3	3.0	2.0	70	0.008	25.0	0.1	extinct	population_extinct	100000	NA	NA	NA	NA
2453	1	1	0	0.1	1	False	0.3	3.0	3.0	70	0.008	25.0	0.1	succeed	early_stop_succeed	3300	<39	38.88185742403401	-32	0.17702780484109681
2454	1	1	0	0.1	1	False	0.3	3.0	5.0	70	0.008	25.0	0.1	succeed	early_stop_succeed	2400	39.68478384043318	39.697139223958295	-30	0.22416158752331114
2455	1	1	0	0.1	1	False	0.3	3.5	1.1	70	0.008	25.0	0.1	extinct	population_extinct	100000	NA	NA	NA	NA
2456	1	1	0	0.1	1	False	0.3	3.5	1.5	70	0.008	25.0	0.1	extinct	population_extinct	100000	NA	NA	NA	NA
2457	1	1	0	0.1	1	False	0.3	3.5	2.0	70	0.008	25.0	0.1	succeed	early_stop_succeed	3950	39.28624193802631	39.25106975075105	-29	0.13574293468693882
2458	1	1	0	0.1	1	False	0.3	3.5	3.0	70	0.008	25.0	0.1	succeed	early_stop_succeed	2100	39.86732675861662	39.875904315869406	-30	0.24349726859532111
2459	1	1	0	0.1	1	False	0.3	3.5	5.0	70	0.008	25.0	0.1	succeed	early_stop_succeed	2150	40.02669632942759	40.007003001192466	-30	0.19159050319335377
2460	1	1	0	0.1	1	False	0.3	4.0	1.1	70	0.008	25.0	0.1	extinct	population_extinct	100000	NA	NA	NA	NA
2461	1	1	0	0.1	1	False	0.3	4.0	1.5	70	0.008	25.0	0.1	succeed	early_stop_succeed	2150	39.8006358481098	39.812744807211935	-30	0.2540168389163908
2462	1	1	0	0.1	1	False	0.3	4.0	2.0	70	0.008	25.0	0.1	succeed	early_stop_succeed	2250	39.996460007576026	40.011227321205126	-30	0.21260442984312175
2463	1	1	0	0.1	1	False	0.3	4.0	3.0	70	0.008	25.0	0.1	succeed	early_stop_succeed	2000	40.12121746210687	40.11666106033394	-30	0.273046447960899
2464	1	1	0	0.1	1	False	0.3	4.0	5.0	70	0.008	25.0	0.1	succeed	early_stop_succeed	3050	40.22772103532916	40.2268920996239	-30	0.1944716048959484
2465	1	1	0	0.1	1	False	0.3	4.5	1.1	70	0.008	25.0	0.1	extinct	population_extinct	100000	NA	NA	NA	NA
2466	1	1	0	0.1	1	False	0.3	4.5	1.5	70	0.008	25.0	0.1	succeed	early_stop_succeed	2250	39.64724408806433	39.655891787849676	-30	0.22493542915186404
2467	1	1	0	0.1	1	False	0.3	4.5	2.0	70	0.008	25.0	0.1	succeed	early_stop_succeed	2250	40.045186463781334	40.062661639805185	-30	0.24482639687580043
2468	1	1	0	0.1	1	False	0.3	4.5	3.0	70	0.008	25.0	0.1	succeed	early_stop_succeed	2200	40.105017194292245	40.128222105968	-30	0.18978101701142353
2469	1	1	0	0.1	1	False	0.3	4.5	5.0	70	0.008	25.0	0.1	succeed	early_stop_succeed	4000	40.90481906890161	40.89716653612756	-28	0.13833775034415913
2470	1	1	0	0.1	1	False	0.3	5.0	1.1	70	0.008	25.0	0.1	succeed	early_stop_succeed	2150	39.70379964721593	39.68711887472956	-30	0.24088483528932822
2471	1	1	0	0.1	1	False	0.3	5.0	1.5	70	0.008	25.0	0.1	succeed	early_stop_succeed	2000	39.74977004623891	39.763490008562016	-30	0.23630269515397628
2472	1	1	0	0.1	1	False	0.3	5.0	2.0	70	0.008	25.0	0.1	succeed	early_stop_succeed	2050	40.203409071386204	40.21114604400017	-30	0.22288529870051654
2473	1	1	0	0.1	1	False	0.3	5.0	3.0	70	0.008	25.0	0.1	succeed	early_stop_succeed	3900	40.578501516520085	40.58660344356152	-30	0.1621614430047487
2474	1	1	0	0.1	1	False	0.3	5.0	5.0	70	0.008	25.0	0.1	succeed	early_stop_succeed	2000	40.082208568325576	40.054755986950525	-30	0.2596776919248284
2475	1	1	0	0.1	1	False	0.35	3.0	1.1	70	0.008	25.0	0.1	extinct	population_extinct	100000	NA	NA	NA	NA
2476	1	1	0	0.1	1	False	0.35	3.0	1.5	70	0.008	25.0	0.1	extinct	population_extinct	100000	NA	NA	NA	NA
2477	1	1	0	0.1	1	False	0.35	3.0	2.0	70	0.008	25.0	0.1	extinct	population_extinct	100000	NA	NA	NA	NA
2478	1	1	0	0.1	1	False	0.35	3.0	3.0	70	0.008	25.0	0.1	succeed	early_stop_succeed	3500	<39	38.82061733074159	-31	0.14799526224079054
2479	1	1	0	0.1	1	False	0.35	3.0	5.0	70	0.008	25.0	0.1	succeed	early_stop_succeed	3550	39.075294897761296	39.080175673672535	-30	0.13557257498249073
2480	1	1	0	0.1	1	False	0.35	3.5	1.1	70	0.008	25.0	0.1	extinct	population_extinct	100000	NA	NA	NA	NA
2481	1	1	0	0.1	1	False	0.35	3.5	1.5	70	0.008	25.0	0.1	extinct	population_extinct	100000	NA	NA	NA	NA
2482	1	1	0	0.1	1	False	0.35	3.5	2.0	70	0.008	25.0	0.1	succeed	early_stop_succeed	2350	39.702131128655864	39.67209992168144	-30	0.18883187363389728
2483	1	1	0	0.1	1	False	0.35	3.5	3.0	70	0.008	25.0	0.1	succeed	early_stop_succeed	3250	39.35926461884577	39.36011875371975	-30	0.18379490363939527
2484	1	1	0	0.1	1	False	0.35	3.5	5.0	70	0.008	25.0	0.1	succeed	early_stop_succeed	3000	39.487373284613206	39.45252953224462	-31	0.17731505681635046
2485	1	1	0	0.1	1	False	0.35	4.0	1.1	70	0.008	25.0	0.1	extinct	population_extinct	100000	NA	NA	NA	NA
2486	1	1	0	0.1	1	False	0.35	4.0	1.5	70	0.008	25.0	0.1	succeed	early_stop_succeed	2100	39.9133003234719	39.830340871599645	-30	0.25071761214068394
2487	1	1	0	0.1	1	False	0.35	4.0	2.0	70	0.008	25.0	0.1	succeed	early_stop_succeed	3350	39.46134156443126	39.449021195127905	-31	0.16874316907353254
2488	1	1	0	0.1	1	False	0.35	4.0	3.0	70	0.008	25.0	0.1	succeed	early_stop_succeed	2150	39.893622436007746	39.90386026088067	-30	0.22359601224240894
2489	1	1	0	0.1	1	False	0.35	4.0	5.0	70	0.008	25.0	0.1	succeed	early_stop_succeed	2000	40.13247737457687	40.117397800500186	-30	0.2717051988426283
2490	1	1	0	0.1	1	False	0.35	4.5	1.1	70	0.008	25.0	0.1	extinct	population_extinct	100000	NA	NA	NA	NA
2491	1	1	0	0.1	1	False	0.35	4.5	1.5	70	0.008	25.0	0.1	succeed	early_stop_succeed	2050	39.841224439965245	39.915636875326854	-30	0.25625656656538703
2492	1	1	0	0.1	1	False	0.35	4.5	2.0	70	0.008	25.0	0.1	succeed	early_stop_succeed	2300	39.93704991880149	39.9489199055639	-30	0.20211173603813215
2493	1	1	0	0.1	1	False	0.35	4.5	3.0	70	0.008	25.0	0.1	succeed	early_stop_succeed	2000	40.01671888231382	40.000427188632926	-30	0.27077413144428986
2494	1	1	0	0.1	1	False	0.35	4.5	5.0	70	0.008	25.0	0.1	succeed	early_stop_succeed	2400	40.45738931168539	40.495981805761936	-30	0.20372076696825886
2495	1	1	0	0.1	1	False	0.35	5.0	1.1	70	0.008	25.0	0.1	succeed	early_stop_succeed	2650	39.57721830318127	39.49083124520699	-30	0.1966938956669065
2496	1	1	0	0.1	1	False	0.35	5.0	1.5	70	0.008	25.0	0.1	succeed	early_stop_succeed	2150	39.86016810877022	39.88375550177124	-30	0.2255812301485529
2497	1	1	0	0.1	1	False	0.35	5.0	2.0	70	0.008	25.0	0.1	succeed	early_stop_succeed	2000	40.20965605744037	40.194833615500876	-30	0.24048057879135087
2498	1	1	0	0.1	1	False	0.35	5.0	3.0	70	0.008	25.0	0.1	succeed	early_stop_succeed	2650	40.3445341003852	40.349901377482645	-30	0.20260785109273274
2499	1	1	0	0.1	1	False	0.35	5.0	5.0	70	0.008	25.0	0.1	succeed	early_stop_succeed	2000	40.27889767048217	40.29986739807999	-30	0.26806120203175854
2500	1	0	1	0.1	1	False	0.15	3.0	1.1	70	NA	NA	0.1	failed	early_stop_failed	5200	>46	46.705413078404135	-23	0.12824331637557276
2501	1	0	1	0.1	1	False	0.15	3.0	1.5	70	NA	NA	0.1	failed	early_stop_failed	4800	>46	46.64857990668972	-22	0.11714881404297746
2502	1	0	1	0.1	1	False	0.15	3.0	2.0	70	NA	NA	0.1	failed	early_stop_failed	4900	>46	46.74400557387597	-22	0.10628247632732771
2503	1	0	1	0.1	1	False	0.15	3.0	3.0	70	NA	NA	0.1	failed	early_stop_failed	5100	>46	46.618477672830004	-23	0.11313557901951235
2504	1	0	1	0.1	1	False	0.15	3.0	5.0	70	NA	NA	0.1	failed	early_stop_failed	4850	>46	46.52318842919097	-21	0.1314601292236907
2505	1	0	1	0.1	1	False	0.15	3.5	1.1	70	NA	NA	0.1	failed	early_stop_failed	5350	>46	46.714735679789726	-22	0.1330347926044423
2506	1	0	1	0.1	1	False	0.15	3.5	1.5	70	NA	NA	0.1	failed	early_stop_failed	5300	>46	46.539165713972466	-23	0.10534595776598275
2507	1	0	1	0.1	1	False	0.15	3.5	2.0	70	NA	NA	0.1	failed	early_stop_failed	5250	>46	46.6715198734464	-22	0.10872930372655257
2508	1	0	1	0.1	1	False	0.15	3.5	3.0	70	NA	NA	0.1	failed	early_stop_failed	4600	>46	46.83793502865123	-23	0.12192804061073058
2509	1	0	1	0.1	1	False	0.15	3.5	5.0	70	NA	NA	0.1	failed	early_stop_failed	5100	>46	46.52575872706136	-23	0.14340214754288616
2510	1	0	1	0.1	1	False	0.15	4.0	1.1	70	NA	NA	0.1	failed	early_stop_failed	5300	>46	46.818570637277645	-21	0.1262817224644749
2511	1	0	1	0.1	1	False	0.15	4.0	1.5	70	NA	NA	0.1	failed	early_stop_failed	5000	>46	46.587981584311564	-23	0.12536607377945347
2512	1	0	1	0.1	1	False	0.15	4.0	2.0	70	NA	NA	0.1	failed	early_stop_failed	5550	>46	46.622406229153434	-23	0.12864914779239295
2513	1	0	1	0.1	1	False	0.15	4.0	3.0	70	NA	NA	0.1	failed	early_stop_failed	4350	>46	46.7487003042416	-24	0.12562319934944513
2514	1	0	1	0.1	1	False	0.15	4.0	5.0	70	NA	NA	0.1	failed	early_stop_failed	5150	>46	46.64325608383702	-24	0.1333447188640036
2515	1	0	1	0.1	1	False	0.15	4.5	1.1	70	NA	NA	0.1	failed	early_stop_failed	5250	>46	46.98234238112558	-24	0.12553782285110787
2516	1	0	1	0.1	1	False	0.15	4.5	1.5	70	NA	NA	0.1	failed	early_stop_failed	5350	>46	46.39152526944834	-23	0.13004213762916914
2517	1	0	1	0.1	1	False	0.15	4.5	2.0	70	NA	NA	0.1	failed	early_stop_failed	4950	>46	46.56335708850162	-24	0.14517103911788493
2518	1	0	1	0.1	1	False	0.15	4.5	3.0	70	NA	NA	0.1	failed	early_stop_failed	4550	>46	46.741484059500976	-22	0.12845341382498293
2519	1	0	1	0.1	1	False	0.15	4.5	5.0	70	NA	NA	0.1	failed	early_stop_failed	4600	>46	46.60256821263764	-24	0.11494083380953311
2520	1	0	1	0.1	1	False	0.15	5.0	1.1	70	NA	NA	0.1	failed	early_stop_failed	4300	>46	47.146291655145035	-17	0.09096744204450764
2521	1	0	1	0.1	1	False	0.15	5.0	1.5	70	NA	NA	0.1	failed	early_stop_failed	4300	>46	46.94183348541862	-25	0.07944369750585177
2522	1	0	1	0.1	1	False	0.15	5.0	2.0	70	NA	NA	0.1	failed	early_stop_failed	4750	>46	46.5082463981123	-23	0.1289403992325082
2523	1	0	1	0.1	1	False	0.15	5.0	3.0	70	NA	NA	0.1	failed	early_stop_failed	5350	>46	46.453445076425155	-23	0.1369275215481476
2524	1	0	1	0.1	1	False	0.15	5.0	5.0	70	NA	NA	0.1	failed	early_stop_failed	4700	>46	46.735357555344535	-24	0.11898444955478482
2525	1	0	1	0.1	1	False	0.2	3.0	1.1	70	NA	NA	0.1	extinct	population_extinct	100000	NA	42.64756944444445	NA	NA
2526	1	0	1	0.1	1	False	0.2	3.0	1.5	70	NA	NA	0.1	failed	early_stop_failed	4850	>46	46.907990463212805	-23	0.12034170774242674
2527	1	0	1	0.1	1	False	0.2	3.0	2.0	70	NA	NA	0.1	failed	early_stop_failed	4950	>46	46.642685968854316	-23	0.1283069275823419
2528	1	0	1	0.1	1	False	0.2	3.0	3.0	70	NA	NA	0.1	failed	early_stop_failed	5200	>46	46.47134429562045	-24	0.1326683556148839
2529	1	0	1	0.1	1	False	0.2	3.0	5.0	70	NA	NA	0.1	failed	early_stop_failed	4600	>46	46.98048876499478	-19	0.09499878524573856
2530	1	0	1	0.1	1	False	0.2	3.5	1.1	70	NA	NA	0.1	failed	early_stop_failed	5300	>46	46.73799695818523	-24	0.11028676079042155
2531	1	0	1	0.1	1	False	0.2	3.5	1.5	70	NA	NA	0.1	failed	early_stop_failed	5000	>46	46.713342775430334	-23	0.11962623957795344
2532	1	0	1	0.1	1	False	0.2	3.5	2.0	70	NA	NA	0.1	failed	early_stop_failed	4700	>46	46.736951687634445	-23	0.09631993451845483
2533	1	0	1	0.1	1	False	0.2	3.5	3.0	70	NA	NA	0.1	failed	early_stop_failed	5000	>46	46.968410939150175	-21	0.10834125057103249
2534	1	0	1	0.1	1	False	0.2	3.5	5.0	70	NA	NA	0.1	failed	early_stop_failed	5100	>46	46.85783721071463	-21	0.12157929266136282
2535	1	0	1	0.1	1	False	0.2	4.0	1.1	70	NA	NA	0.1	failed	early_stop_failed	5750	>46	46.653015005808406	-23	0.1170294229607135
2536	1	0	1	0.1	1	False	0.2	4.0	1.5	70	NA	NA	0.1	failed	early_stop_failed	4600	>46	46.702351945179736	-24	0.11699364401185638
2537	1	0	1	0.1	1	False	0.2	4.0	2.0	70	NA	NA	0.1	failed	early_stop_failed	4500	>46	46.877872470160746	-22	0.10016212907847981
2538	1	0	1	0.1	1	False	0.2	4.0	3.0	70	NA	NA	0.1	failed	early_stop_failed	5100	>46	46.65338230205176	-22	0.1297026353298193
2539	1	0	1	0.1	1	False	0.2	4.0	5.0	70	NA	NA	0.1	failed	early_stop_failed	5100	>46	46.63713561104797	-24	0.12164434704267844
2540	1	0	1	0.1	1	False	0.2	4.5	1.1	70	NA	NA	0.1	failed	early_stop_failed	4650	>46	46.974107968367036	-21	0.09013650605367332
2541	1	0	1	0.1	1	False	0.2	4.5	1.5	70	NA	NA	0.1	failed	early_stop_failed	5350	>46	46.59507794686896	-22	0.12201694812337957
2542	1	0	1	0.1	1	False	0.2	4.5	2.0	70	NA	NA	0.1	failed	early_stop_failed	5150	>46	46.548783201261905	-22	0.13901934088330664
2543	1	0	1	0.1	1	False	0.2	4.5	3.0	70	NA	NA	0.1	failed	early_stop_failed	4900	>46	46.77880719545295	-22	0.11140437155817091
2544	1	0	1	0.1	1	False	0.2	4.5	5.0	70	NA	NA	0.1	failed	early_stop_failed	5000	>46	46.73994816860909	-23	0.14163503065202845
2545	1	0	1	0.1	1	False	0.2	5.0	1.1	70	NA	NA	0.1	failed	early_stop_failed	5150	>46	46.52114151129604	-23	0.11322317140027247
2546	1	0	1	0.1	1	False	0.2	5.0	1.5	70	NA	NA	0.1	failed	early_stop_failed	4600	>46	47.03339087513582	-22	0.09659292934331354
2547	1	0	1	0.1	1	False	0.2	5.0	2.0	70	NA	NA	0.1	failed	early_stop_failed	4750	>46	46.72156325334953	-23	0.12450504434550444
2548	1	0	1	0.1	1	False	0.2	5.0	3.0	70	NA	NA	0.1	failed	early_stop_failed	4600	>46	46.78496592309693	-24	0.09671029791934255
2549	1	0	1	0.1	1	False	0.2	5.0	5.0	70	NA	NA	0.1	failed	early_stop_failed	4700	>46	46.519816777108346	-22	0.14349349108672751
2550	1	0	1	0.1	1	False	0.25	3.0	1.1	70	NA	NA	0.1	extinct	population_extinct	100000	NA	NA	NA	NA
2551	1	0	1	0.1	1	False	0.25	3.0	1.5	70	NA	NA	0.1	failed	early_stop_failed	4500	>46	46.74563898761585	-22	0.1519353067661087
2552	1	0	1	0.1	1	False	0.25	3.0	2.0	70	NA	NA	0.1	failed	early_stop_failed	5400	>46	46.684507841020014	-22	0.12228241783177025
2553	1	0	1	0.1	1	False	0.25	3.0	3.0	70	NA	NA	0.1	failed	early_stop_failed	5550	>46	46.645542658474355	-23	0.11645425057382074
2554	1	0	1	0.1	1	False	0.25	3.0	5.0	70	NA	NA	0.1	failed	early_stop_failed	5100	>46	46.37728759976929	-22	0.13479737271265535
2555	1	0	1	0.1	1	False	0.25	3.5	1.1	70	NA	NA	0.1	failed	early_stop_failed	4700	>46	46.652751627341566	-22	0.15181349541957972
2556	1	0	1	0.1	1	False	0.25	3.5	1.5	70	NA	NA	0.1	failed	early_stop_failed	4750	>46	46.76460701316703	-23	0.11821443207253936
2557	1	0	1	0.1	1	False	0.25	3.5	2.0	70	NA	NA	0.1	failed	early_stop_failed	5000	>46	46.463132961785035	-22	0.12774026705649077
2558	1	0	1	0.1	1	False	0.25	3.5	3.0	70	NA	NA	0.1	failed	early_stop_failed	5000	>46	46.67888091496673	-21	0.10498934800742532
2559	1	0	1	0.1	1	False	0.25	3.5	5.0	70	NA	NA	0.1	failed	early_stop_failed	4650	>46	46.873274517322656	-24	0.1078399029546655
2560	1	0	1	0.1	1	False	0.25	4.0	1.1	70	NA	NA	0.1	failed	early_stop_failed	4400	>46	46.898978911797016	-23	0.1023523965225451
2561	1	0	1	0.1	1	False	0.25	4.0	1.5	70	NA	NA	0.1	failed	early_stop_failed	5250	>46	46.81385300305523	-23	0.1236250763792111
2562	1	0	1	0.1	1	False	0.25	4.0	2.0	70	NA	NA	0.1	failed	early_stop_failed	5050	>46	46.62229613225609	-21	0.1133719238886714
2563	1	0	1	0.1	1	False	0.25	4.0	3.0	70	NA	NA	0.1	failed	early_stop_failed	5150	>46	46.588718791451754	-23	0.11884717693665235
2564	1	0	1	0.1	1	False	0.25	4.0	5.0	70	NA	NA	0.1	failed	early_stop_failed	4300	>46	46.57166845801055	-22	0.1227683127923682
2565	1	0	1	0.1	1	False	0.25	4.5	1.1	70	NA	NA	0.1	failed	early_stop_failed	5150	>46	46.63635964394211	-20	0.11846698019981934
2566	1	0	1	0.1	1	False	0.25	4.5	1.5	70	NA	NA	0.1	failed	early_stop_failed	5100	>46	46.59150463738326	-25	0.10956265232693418
2567	1	0	1	0.1	1	False	0.25	4.5	2.0	70	NA	NA	0.1	failed	early_stop_failed	5400	>46	46.844475146267655	-24	0.12776642004752506
2568	1	0	1	0.1	1	False	0.25	4.5	3.0	70	NA	NA	0.1	failed	early_stop_failed	4400	>46	46.7669012506509	-24	0.11164473017112037
2569	1	0	1	0.1	1	False	0.25	4.5	5.0	70	NA	NA	0.1	failed	early_stop_failed	4550	>46	46.679204252834126	-24	0.13061028162377467
2570	1	0	1	0.1	1	False	0.25	5.0	1.1	70	NA	NA	0.1	failed	early_stop_failed	5250	>46	46.491971804667834	-23	0.13990388538935591
2571	1	0	1	0.1	1	False	0.25	5.0	1.5	70	NA	NA	0.1	failed	early_stop_failed	5200	>46	46.7209206336215	-25	0.10777087293566164
2572	1	0	1	0.1	1	False	0.25	5.0	2.0	70	NA	NA	0.1	failed	early_stop_failed	5100	>46	46.74607301219909	-22	0.14281186676849786
2573	1	0	1	0.1	1	False	0.25	5.0	3.0	70	NA	NA	0.1	failed	early_stop_failed	4800	>46	46.48965243432397	-21	0.14203063233001775
2574	1	0	1	0.1	1	False	0.25	5.0	5.0	70	NA	NA	0.1	failed	early_stop_failed	4750	>46	46.63124945434071	-23	0.11248618094904232
2575	1	0	1	0.1	1	False	0.3	3.0	1.1	70	NA	NA	0.1	extinct	population_extinct	100000	NA	NA	NA	NA
2576	1	0	1	0.1	1	False	0.3	3.0	1.5	70	NA	NA	0.1	extinct	population_extinct	100000	NA	41.23171529979389	NA	NA
2577	1	0	1	0.1	1	False	0.3	3.0	2.0	70	NA	NA	0.1	failed	early_stop_failed	4950	>46	47.00280177299317	-24	0.11337346196540463
2578	1	0	1	0.1	1	False	0.3	3.0	3.0	70	NA	NA	0.1	failed	early_stop_failed	4850	>46	46.687022365679404	-23	0.12722278720028016
2579	1	0	1	0.1	1	False	0.3	3.0	5.0	70	NA	NA	0.1	failed	early_stop_failed	4800	>46	46.60034674698223	-22	0.1311212757262634
2580	1	0	1	0.1	1	False	0.3	3.5	1.1	70	NA	NA	0.1	extinct	population_extinct	100000	NA	NA	NA	NA
2581	1	0	1	0.1	1	False	0.3	3.5	1.5	70	NA	NA	0.1	failed	early_stop_failed	5300	>46	46.66609627742904	-25	0.10959215377816799
2582	1	0	1	0.1	1	False	0.3	3.5	2.0	70	NA	NA	0.1	failed	early_stop_failed	5650	>46	46.67101288418926	-22	0.11610357930760885
2583	1	0	1	0.1	1	False	0.3	3.5	3.0	70	NA	NA	0.1	failed	early_stop_failed	5100	>46	46.53025679806191	-21	0.10734464044037292
2584	1	0	1	0.1	1	False	0.3	3.5	5.0	70	NA	NA	0.1	failed	early_stop_failed	5500	>46	46.43918434190661	-23	0.15961940746037867
2585	1	0	1	0.1	1	False	0.3	4.0	1.1	70	NA	NA	0.1	failed	early_stop_failed	4850	>46	46.630420486929346	-22	0.10797085046811702
2586	1	0	1	0.1	1	False	0.3	4.0	1.5	70	NA	NA	0.1	failed	early_stop_failed	5200	>46	46.697084165636554	-24	0.12182655410838988
2587	1	0	1	0.1	1	False	0.3	4.0	2.0	70	NA	NA	0.1	failed	early_stop_failed	5150	>46	46.535904545348096	-22	0.12451182725990283
2588	1	0	1	0.1	1	False	0.3	4.0	3.0	70	NA	NA	0.1	failed	early_stop_failed	5300	>46	46.58521514061913	-25	0.13235963685901272
2589	1	0	1	0.1	1	False	0.3	4.0	5.0	70	NA	NA	0.1	failed	early_stop_failed	5100	>46	46.72374027517621	-23	0.11390059339004471
2590	1	0	1	0.1	1	False	0.3	4.5	1.1	70	NA	NA	0.1	failed	early_stop_failed	4950	>46	46.595934178418624	-24	0.11107525726514451
2591	1	0	1	0.1	1	False	0.3	4.5	1.5	70	NA	NA	0.1	failed	early_stop_failed	4550	>46	46.47312690897363	-21	0.11460760334356497
2592	1	0	1	0.1	1	False	0.3	4.5	2.0	70	NA	NA	0.1	failed	early_stop_failed	5150	>46	46.716765966704244	-22	0.12081109739944923
2593	1	0	1	0.1	1	False	0.3	4.5	3.0	70	NA	NA	0.1	failed	early_stop_failed	4900	>46	46.66163067163389	-23	0.11727049617419615
2594	1	0	1	0.1	1	False	0.3	4.5	5.0	70	NA	NA	0.1	failed	early_stop_failed	4800	>46	46.62054336767647	-22	0.1384698217509305
2595	1	0	1	0.1	1	False	0.3	5.0	1.1	70	NA	NA	0.1	failed	early_stop_failed	5500	>46	46.584013718351144	-23	0.11648247469896761
2596	1	0	1	0.1	1	False	0.3	5.0	1.5	70	NA	NA	0.1	failed	early_stop_failed	5150	>46	46.64245364017737	-23	0.11423642493521591
2597	1	0	1	0.1	1	False	0.3	5.0	2.0	70	NA	NA	0.1	failed	early_stop_failed	5450	>46	46.705424757585526	-22	0.12443492368068147
2598	1	0	1	0.1	1	False	0.3	5.0	3.0	70	NA	NA	0.1	failed	early_stop_failed	4700	>46	46.70555555208294	-24	0.11034301736493587
2599	1	0	1	0.1	1	False	0.3	5.0	5.0	70	NA	NA	0.1	failed	early_stop_failed	4550	>46	46.486178512703205	-23	0.12316942137235966
2600	1	0	1	0.1	1	False	0.35	3.0	1.1	70	NA	NA	0.1	extinct	population_extinct	100000	NA	NA	NA	NA
2601	1	0	1	0.1	1	False	0.35	3.0	1.5	70	NA	NA	0.1	extinct	population_extinct	100000	NA	NA	NA	NA
2602	1	0	1	0.1	1	False	0.35	3.0	2.0	70	NA	NA	0.1	failed	early_stop_failed	4850	>46	46.80808400720106	-22	0.108687921238084
2603	1	0	1	0.1	1	False	0.35	3.0	3.0	70	NA	NA	0.1	failed	early_stop_failed	5350	>46	46.506744995016184	-24	0.12640307289696465
2604	1	0	1	0.1	1	False	0.35	3.0	5.0	70	NA	NA	0.1	failed	early_stop_failed	4700	>46	46.79545966995929	-24	0.11634020620067187
2605	1	0	1	0.1	1	False	0.35	3.5	1.1	70	NA	NA	0.1	extinct	population_extinct	100000	NA	NA	NA	NA
2606	1	0	1	0.1	1	False	0.35	3.5	1.5	70	NA	NA	0.1	failed	early_stop_failed	5500	>46	46.64336912721675	-24	0.13005481276488373
2607	1	0	1	0.1	1	False	0.35	3.5	2.0	70	NA	NA	0.1	failed	early_stop_failed	5600	>46	46.509788747464405	-22	0.11992755358562275
2608	1	0	1	0.1	1	False	0.35	3.5	3.0	70	NA	NA	0.1	failed	early_stop_failed	4950	>46	46.61412567303278	-21	0.11809657922152253
2609	1	0	1	0.1	1	False	0.35	3.5	5.0	70	NA	NA	0.1	failed	early_stop_failed	5550	>46	46.90242490485894	-22	0.10160678357432137
2610	1	0	1	0.1	1	False	0.35	4.0	1.1	70	NA	NA	0.1	succeed	early_stop_succeed	2000	40.916918380295954	41.03491829545398	-30	0.3268587956758003
2611	1	0	1	0.1	1	False	0.35	4.0	1.5	70	NA	NA	0.1	failed	early_stop_failed	4950	>46	46.653557750180454	-23	0.1389668017178224
2612	1	0	1	0.1	1	False	0.35	4.0	2.0	70	NA	NA	0.1	failed	early_stop_failed	5050	>46	46.78814568606772	-24	0.11286187038998646
2613	1	0	1	0.1	1	False	0.35	4.0	3.0	70	NA	NA	0.1	failed	early_stop_failed	5200	>46	46.66453092333916	-23	0.12764929175581044
2614	1	0	1	0.1	1	False	0.35	4.0	5.0	70	NA	NA	0.1	failed	early_stop_failed	5650	>46	46.58261568462221	-22	0.1628177225650083
2615	1	0	1	0.1	1	False	0.35	4.5	1.1	70	NA	NA	0.1	failed	early_stop_failed	5250	>46	46.664813877154884	-24	0.11500772002362314
2616	1	0	1	0.1	1	False	0.35	4.5	1.5	70	NA	NA	0.1	failed	early_stop_failed	5100	>46	46.56279791652386	-23	0.11560445355056162
2617	1	0	1	0.1	1	False	0.35	4.5	2.0	70	NA	NA	0.1	failed	early_stop_failed	5300	>46	46.53023988627368	-24	0.13171522700504237
2618	1	0	1	0.1	1	False	0.35	4.5	3.0	70	NA	NA	0.1	failed	early_stop_failed	5000	>46	46.685786528131764	-22	0.1396418751640035
2619	1	0	1	0.1	1	False	0.35	4.5	5.0	70	NA	NA	0.1	failed	early_stop_failed	4000	>46	46.9008830363561	-24	0.10743852637891001
2620	1	0	1	0.1	1	False	0.35	5.0	1.1	70	NA	NA	0.1	failed	early_stop_failed	5450	>46	46.701506838117915	-23	0.10713728925675815
2621	1	0	1	0.1	1	False	0.35	5.0	1.5	70	NA	NA	0.1	failed	early_stop_failed	5000	>46	46.76290686179623	-25	0.12843546039016768
2622	1	0	1	0.1	1	False	0.35	5.0	2.0	70	NA	NA	0.1	failed	early_stop_failed	4800	>46	46.59787362186611	-20	0.10964896015958069
2623	1	0	1	0.1	1	False	0.35	5.0	3.0	70	NA	NA	0.1	failed	early_stop_failed	4400	>46	46.74913085042391	-23	0.11802016022271301
2624	1	0	1	0.1	1	False	0.35	5.0	5.0	70	NA	NA	0.1	failed	early_stop_failed	4450	>46	47.013063744858655	-20	0.09950614754648131
2625	1	1	1	0.1	1	False	0.15	3.0	1.1	70	0.008	25.0	0.1	extinct	population_extinct	100000	NA	NA	NA	NA
2626	1	1	1	0.1	1	False	0.15	3.0	1.5	70	0.008	25.0	0.1	extinct	population_extinct	100000	NA	NA	NA	NA
2627	1	1	1	0.1	1	False	0.15	3.0	2.0	70	0.008	25.0	0.1	succeed	early_stop_succeed	2550	39.484627124990546	39.46399694354358	-30	0.1972048530405053
2628	1	1	1	0.1	1	False	0.15	3.0	3.0	70	0.008	25.0	0.1	succeed	early_stop_succeed	2100	39.790093194716356	39.80278869075065	-30	0.23099612570995798
2629	1	1	1	0.1	1	False	0.15	3.0	5.0	70	0.008	25.0	0.1	succeed	early_stop_succeed	2300	39.8544763242152	39.86546355735761	-30	0.22214731737047835
2630	1	1	1	0.1	1	False	0.15	3.5	1.1	70	0.008	25.0	0.1	extinct	population_extinct	100000	NA	NA	NA	NA
2631	1	1	1	0.1	1	False	0.15	3.5	1.5	70	0.008	25.0	0.1	succeed	early_stop_succeed	2650	39.454724212369335	39.43990952997504	-30	0.19169774191246225
2632	1	1	1	0.1	1	False	0.15	3.5	2.0	70	0.008	25.0	0.1	succeed	early_stop_succeed	2400	39.97492226854552	39.97715217769069	-30	0.20547279361137508
2633	1	1	1	0.1	1	False	0.15	3.5	3.0	70	0.008	25.0	0.1	succeed	early_stop_succeed	2000	40.0577127104108	40.051853330418766	-30	0.2494598509308627
2634	1	1	1	0.1	1	False	0.15	3.5	5.0	70	0.008	25.0	0.1	succeed	early_stop_succeed	2000	39.98861071514106	39.96265878051298	-30	0.24520526556980865
2635	1	1	1	0.1	1	False	0.15	4.0	1.1	70	0.008	25.0	0.1	extinct	population_extinct	100000	NA	39.312948005650014	NA	NA
2636	1	1	1	0.1	1	False	0.15	4.0	1.5	70	0.008	25.0	0.1	succeed	early_stop_succeed	2000	39.79228363252527	39.784180156472615	-30	0.2644492281644028
2637	1	1	1	0.1	1	False	0.15	4.0	2.0	70	0.008	25.0	0.1	succeed	early_stop_succeed	2000	39.80604041862386	39.816852485624224	-30	0.22655282020064826
2638	1	1	1	0.1	1	False	0.15	4.0	3.0	70	0.008	25.0	0.1	succeed	early_stop_succeed	2000	40.14724969621405	40.132782096842085	-30	0.2448191634773744
2639	1	1	1	0.1	1	False	0.15	4.0	5.0	70	0.008	25.0	0.1	succeed	early_stop_succeed	2000	39.91924045489553	39.907973330932656	-30	0.2616133776680898
2640	1	1	1	0.1	1	False	0.15	4.5	1.1	70	0.008	25.0	0.1	succeed	early_stop_succeed	2100	39.80048894355917	39.79568665265554	-30	0.22639278078486932
2641	1	1	1	0.1	1	False	0.15	4.5	1.5	70	0.008	25.0	0.1	succeed	early_stop_succeed	2000	39.99729084874998	39.98897336537517	-30	0.2388146415143165
2642	1	1	1	0.1	1	False	0.15	4.5	2.0	70	0.008	25.0	0.1	succeed	early_stop_succeed	2000	40.144080663438224	40.16227031257718	-30	0.25210610901203984
2643	1	1	1	0.1	1	False	0.15	4.5	3.0	70	0.008	25.0	0.1	succeed	early_stop_succeed	3300	40.476173714165405	40.514986228380906	-30	0.16357467981532064
2644	1	1	1	0.1	1	False	0.15	4.5	5.0	70	0.008	25.0	0.1	succeed	early_stop_succeed	3000	40.412936448985775	40.395101369995345	-30	0.18590154337000567
2645	1	1	1	0.1	1	False	0.15	5.0	1.1	70	0.008	25.0	0.1	succeed	early_stop_succeed	2000	39.94200192454773	39.926553780901884	-30	0.23715666436510108
2646	1	1	1	0.1	1	False	0.15	5.0	1.5	70	0.008	25.0	0.1	succeed	early_stop_succeed	2150	39.74558247397339	39.75045785474502	-30	0.26620839832583626
2647	1	1	1	0.1	1	False	0.15	5.0	2.0	70	0.008	25.0	0.1	succeed	early_stop_succeed	2500	40.0872546973611	40.10171039387865	-30	0.21276871096657846
2648	1	1	1	0.1	1	False	0.15	5.0	3.0	70	0.008	25.0	0.1	succeed	early_stop_succeed	2500	40.42913751828932	40.42187524073686	-30	0.19011620117037137
2649	1	1	1	0.1	1	False	0.15	5.0	5.0	70	0.008	25.0	0.1	succeed	early_stop_succeed	2700	40.14479998030801	40.18718489080005	-30	0.20454424322653947
2650	1	1	1	0.1	1	False	0.2	3.0	1.1	70	0.008	25.0	0.1	extinct	population_extinct	100000	NA	NA	NA	NA
2651	1	1	1	0.1	1	False	0.2	3.0	1.5	70	0.008	25.0	0.1	extinct	population_extinct	100000	NA	NA	NA	NA
2652	1	1	1	0.1	1	False	0.2	3.0	2.0	70	0.008	25.0	0.1	extinct	population_extinct	100000	NA	NA	NA	NA
2653	1	1	1	0.1	1	False	0.2	3.0	3.0	70	0.008	25.0	0.1	succeed	early_stop_succeed	2750	39.7247434956142	39.685953081759756	-30	0.17445641463975253
2654	1	1	1	0.1	1	False	0.2	3.0	5.0	70	0.008	25.0	0.1	succeed	early_stop_succeed	2200	39.67937848862546	39.67363397006839	-30	0.2168329152707765
2655	1	1	1	0.1	1	False	0.2	3.5	1.1	70	0.008	25.0	0.1	extinct	population_extinct	100000	NA	NA	NA	NA
2656	1	1	1	0.1	1	False	0.2	3.5	1.5	70	0.008	25.0	0.1	extinct	population_extinct	100000	NA	NA	NA	NA
2657	1	1	1	0.1	1	False	0.2	3.5	2.0	70	0.008	25.0	0.1	succeed	early_stop_succeed	3300	39.317723999988786	39.331187250234436	-32	0.1608640309676363
2658	1	1	1	0.1	1	False	0.2	3.5	3.0	70	0.008	25.0	0.1	succeed	early_stop_succeed	2250	39.755813105395625	39.75480106563427	-30	0.2659427911324218
2659	1	1	1	0.1	1	False	0.2	3.5	5.0	70	0.008	25.0	0.1	succeed	early_stop_succeed	2100	39.87636982833512	39.8822030015363	-30	0.26482285939012434
2660	1	1	1	0.1	1	False	0.2	4.0	1.1	70	0.008	25.0	0.1	extinct	population_extinct	100000	NA	NA	NA	NA
2661	1	1	1	0.1	1	False	0.2	4.0	1.5	70	0.008	25.0	0.1	succeed	early_stop_succeed	2800	39.469592169268005	39.475549991376035	-30	0.19203202596934246
2662	1	1	1	0.1	1	False	0.2	4.0	2.0	70	0.008	25.0	0.1	succeed	early_stop_succeed	2450	39.99225848039299	40.05197191174757	-30	0.20707811058098333
2663	1	1	1	0.1	1	False	0.2	4.0	3.0	70	0.008	25.0	0.1	succeed	early_stop_succeed	2000	39.98669615217321	40.002403214594935	-30	0.23889804294631567
2664	1	1	1	0.1	1	False	0.2	4.0	5.0	70	0.008	25.0	0.1	succeed	early_stop_succeed	2200	40.11105854142225	40.09024960756849	-30	0.2244661368992348
2665	1	1	1	0.1	1	False	0.2	4.5	1.1	70	0.008	25.0	0.1	extinct	population_extinct	100000	NA	39.992232571039445	NA	NA
2666	1	1	1	0.1	1	False	0.2	4.5	1.5	70	0.008	25.0	0.1	succeed	early_stop_succeed	2150	39.90606436799315	39.89091439136003	-30	0.25245508348643514
2667	1	1	1	0.1	1	False	0.2	4.5	2.0	70	0.008	25.0	0.1	succeed	early_stop_succeed	2950	40.22661552176488	40.258278471022024	-30	0.19051917033625881
2668	1	1	1	0.1	1	False	0.2	4.5	3.0	70	0.008	25.0	0.1	succeed	early_stop_succeed	3250	40.31197579582331	40.33717729787741	-30	0.1742738955205299
2669	1	1	1	0.1	1	False	0.2	4.5	5.0	70	0.008	25.0	0.1	succeed	early_stop_succeed	2000	40.145040004727754	40.13439566917935	-30	0.27727968939037784
2670	1	1	1	0.1	1	False	0.2	5.0	1.1	70	0.008	25.0	0.1	succeed	early_stop_succeed	2000	39.93965292698302	39.92952943541167	-30	0.22999967881855818
2671	1	1	1	0.1	1	False	0.2	5.0	1.5	70	0.008	25.0	0.1	succeed	early_stop_succeed	2000	39.78083739169489	39.76803867207166	-30	0.23856350451596353
2672	1	1	1	0.1	1	False	0.2	5.0	2.0	70	0.008	25.0	0.1	succeed	early_stop_succeed	2150	39.82463416416769	39.822804437593014	-30	0.2590313929406884
2673	1	1	1	0.1	1	False	0.2	5.0	3.0	70	0.008	25.0	0.1	succeed	early_stop_succeed	2000	40.03524842350775	40.01217869193886	-30	0.2422778176562887
2674	1	1	1	0.1	1	False	0.2	5.0	5.0	70	0.008	25.0	0.1	succeed	early_stop_succeed	2400	40.291264679172265	40.28245868532861	-30	0.19860663432436174
2675	1	1	1	0.1	1	False	0.25	3.0	1.1	70	0.008	25.0	0.1	extinct	population_extinct	100000	NA	NA	NA	NA
2676	1	1	1	0.1	1	False	0.25	3.0	1.5	70	0.008	25.0	0.1	extinct	population_extinct	100000	NA	NA	NA	NA
2677	1	1	1	0.1	1	False	0.25	3.0	2.0	70	0.008	25.0	0.1	extinct	population_extinct	100000	NA	NA	NA	NA
2678	1	1	1	0.1	1	False	0.25	3.0	3.0	70	0.008	25.0	0.1	succeed	early_stop_succeed	2000	39.753373674655016	39.729717442904196	-30	0.2365505252163174
2679	1	1	1	0.1	1	False	0.25	3.0	5.0	70	0.008	25.0	0.1	succeed	early_stop_succeed	3550	39.19792750642766	39.18856833677362	-33	0.13465554509909058
2680	1	1	1	0.1	1	False	0.25	3.5	1.1	70	0.008	25.0	0.1	extinct	population_extinct	100000	NA	NA	NA	NA
2681	1	1	1	0.1	1	False	0.25	3.5	1.5	70	0.008	25.0	0.1	extinct	population_extinct	100000	NA	NA	NA	NA
2682	1	1	1	0.1	1	False	0.25	3.5	2.0	70	0.008	25.0	0.1	succeed	early_stop_succeed	2100	39.59167161890512	39.59257771462104	-30	0.23370233623817274
2683	1	1	1	0.1	1	False	0.25	3.5	3.0	70	0.008	25.0	0.1	succeed	early_stop_succeed	2050	39.79582632860365	39.79511696111518	-30	0.26637788125557493
2684	1	1	1	0.1	1	False	0.25	3.5	5.0	70	0.008	25.0	0.1	succeed	early_stop_succeed	2250	39.908344616878246	39.914190057902466	-30	0.21689906269942916
2685	1	1	1	0.1	1	False	0.25	4.0	1.1	70	0.008	25.0	0.1	extinct	population_extinct	100000	NA	NA	NA	NA
2686	1	1	1	0.1	1	False	0.25	4.0	1.5	70	0.008	25.0	0.1	succeed	early_stop_succeed	2000	40.085958830600326	40.05133394381701	-30	0.2596059714900901
2687	1	1	1	0.1	1	False	0.25	4.0	2.0	70	0.008	25.0	0.1	succeed	early_stop_succeed	2400	39.74668113987894	39.71439297946071	-30	0.17695935950785402
2688	1	1	1	0.1	1	False	0.25	4.0	3.0	70	0.008	25.0	0.1	succeed	early_stop_succeed	2000	40.121899894521526	40.1195436868853	-30	0.2612254513251877
2689	1	1	1	0.1	1	False	0.25	4.0	5.0	70	0.008	25.0	0.1	succeed	early_stop_succeed	2000	40.0477504884507	40.00760485909119	-30	0.2325258947315528
2690	1	1	1	0.1	1	False	0.25	4.5	1.1	70	0.008	25.0	0.1	extinct	population_extinct	100000	NA	NA	NA	NA
2691	1	1	1	0.1	1	False	0.25	4.5	1.5	70	0.008	25.0	0.1	succeed	early_stop_succeed	2350	39.98564665962477	39.990453673092645	-30	0.21142111324968074
2692	1	1	1	0.1	1	False	0.25	4.5	2.0	70	0.008	25.0	0.1	succeed	early_stop_succeed	2200	40.14289790074077	40.120802310498796	-30	0.24340943660011008
2693	1	1	1	0.1	1	False	0.25	4.5	3.0	70	0.008	25.0	0.1	succeed	early_stop_succeed	2100	39.9565978573757	39.92845607245546	-30	0.24168711532868872
2694	1	1	1	0.1	1	False	0.25	4.5	5.0	70	0.008	25.0	0.1	succeed	early_stop_succeed	2000	40.27954794755867	40.261393329356395	-30	0.2583956767427674
2695	1	1	1	0.1	1	False	0.25	5.0	1.1	70	0.008	25.0	0.1	succeed	early_stop_succeed	2000	39.851046498593256	39.81593709001592	-30	0.2524625746133028
2696	1	1	1	0.1	1	False	0.25	5.0	1.5	70	0.008	25.0	0.1	succeed	early_stop_succeed	2000	39.94363653665003	39.941705950805975	-30	0.23224655096098487
2697	1	1	1	0.1	1	False	0.25	5.0	2.0	70	0.008	25.0	0.1	succeed	early_stop_succeed	2100	39.92832178325985	39.90808827640346	-30	0.26427979445675315
2698	1	1	1	0.1	1	False	0.25	5.0	3.0	70	0.008	25.0	0.1	succeed	early_stop_succeed	2100	40.00689319968091	40.0197548997181	-30	0.2030017652499466
2699	1	1	1	0.1	1	False	0.25	5.0	5.0	70	0.008	25.0	0.1	succeed	early_stop_succeed	3750	40.636744756152154	40.655642239318276	-30	0.17152218710533568
2700	1	1	1	0.1	1	False	0.3	3.0	1.1	70	0.008	25.0	0.1	extinct	population_extinct	100000	NA	NA	NA	NA
2701	1	1	1	0.1	1	False	0.3	3.0	1.5	70	0.008	25.0	0.1	extinct	population_extinct	100000	NA	NA	NA	NA
2702	1	1	1	0.1	1	False	0.3	3.0	2.0	70	0.008	25.0	0.1	extinct	population_extinct	100000	NA	NA	NA	NA
2703	1	1	1	0.1	1	False	0.3	3.0	3.0	70	0.008	25.0	0.1	succeed	early_stop_succeed	2150	39.38147798359832	39.384577474619775	-30	0.22267650875777112
2704	1	1	1	0.1	1	False	0.3	3.0	5.0	70	0.008	25.0	0.1	succeed	early_stop_succeed	2500	39.68796703782609	39.65326599530803	-30	0.19919355460715654
2705	1	1	1	0.1	1	False	0.3	3.5	1.1	70	0.008	25.0	0.1	extinct	population_extinct	100000	NA	NA	NA	NA
2706	1	1	1	0.1	1	False	0.3	3.5	1.5	70	0.008	25.0	0.1	extinct	population_extinct	100000	NA	NA	NA	NA
2707	1	1	1	0.1	1	False	0.3	3.5	2.0	70	0.008	25.0	0.1	succeed	early_stop_succeed	2300	39.792936393809214	39.815506895153355	-30	0.19289586244002752
2708	1	1	1	0.1	1	False	0.3	3.5	3.0	70	0.008	25.0	0.1	succeed	early_stop_succeed	3700	39.089029837261954	39.063978070552	-32	0.16068636940510714
2709	1	1	1	0.1	1	False	0.3	3.5	5.0	70	0.008	25.0	0.1	succeed	early_stop_succeed	2350	39.83928223791283	39.81202155073458	-30	0.21404432860816455
2710	1	1	1	0.1	1	False	0.3	4.0	1.1	70	0.008	25.0	0.1	extinct	population_extinct	100000	NA	NA	NA	NA
2711	1	1	1	0.1	1	False	0.3	4.0	1.5	70	0.008	25.0	0.1	extinct	population_extinct	100000	NA	39.48935631827777	NA	NA
2712	1	1	1	0.1	1	False	0.3	4.0	2.0	70	0.008	25.0	0.1	succeed	early_stop_succeed	2000	39.83957739905307	39.84812468482749	-30	0.24922720382073588
2713	1	1	1	0.1	1	False	0.3	4.0	3.0	70	0.008	25.0	0.1	succeed	early_stop_succeed	2450	39.75247272396168	39.75567395278488	-30	0.2239471461784752
2714	1	1	1	0.1	1	False	0.3	4.0	5.0	70	0.008	25.0	0.1	succeed	early_stop_succeed	2000	40.11569101480557	40.12930910870129	-30	0.21553862367074728
2715	1	1	1	0.1	1	False	0.3	4.5	1.1	70	0.008	25.0	0.1	extinct	population_extinct	100000	NA	NA	NA	NA
2716	1	1	1	0.1	1	False	0.3	4.5	1.5	70	0.008	25.0	0.1	succeed	early_stop_succeed	2400	39.89351510013942	39.869283541476804	-30	0.21391950036646679
2717	1	1	1	0.1	1	False	0.3	4.5	2.0	70	0.008	25.0	0.1	succeed	early_stop_succeed	2050	39.79659741468055	39.797517576069296	-30	0.24217130413848356
2718	1	1	1	0.1	1	False	0.3	4.5	3.0	70	0.008	25.0	0.1	succeed	early_stop_succeed	2000	40.21279226267607	40.213943693447476	-30	0.2456177561806702
2719	1	1	1	0.1	1	False	0.3	4.5	5.0	70	0.008	25.0	0.1	succeed	early_stop_succeed	3150	40.53726583357991	40.537720808820204	-30	0.16349232715147477
2720	1	1	1	0.1	1	False	0.3	5.0	1.1	70	0.008	25.0	0.1	succeed	early_stop_succeed	2000	39.87587511230761	39.82579367169362	-30	0.2520971833326633
2721	1	1	1	0.1	1	False	0.3	5.0	1.5	70	0.008	25.0	0.1	succeed	early_stop_succeed	2450	39.764046145400336	39.779637300519255	-30	0.2124684894995041
2722	1	1	1	0.1	1	False	0.3	5.0	2.0	70	0.008	25.0	0.1	succeed	early_stop_succeed	2200	40.04344756208192	40.061025702944136	-30	0.21829887568465892
2723	1	1	1	0.1	1	False	0.3	5.0	3.0	70	0.008	25.0	0.1	succeed	early_stop_succeed	2250	40.14340098573542	40.125413870932746	-30	0.21796252032857383
2724	1	1	1	0.1	1	False	0.3	5.0	5.0	70	0.008	25.0	0.1	succeed	early_stop_succeed	2750	40.296570053812886	40.31932317347147	-30	0.2196377572688913
2725	1	1	1	0.1	1	False	0.35	3.0	1.1	70	0.008	25.0	0.1	extinct	population_extinct	100000	NA	NA	NA	NA
2726	1	1	1	0.1	1	False	0.35	3.0	1.5	70	0.008	25.0	0.1	extinct	population_extinct	100000	NA	NA	NA	NA
2727	1	1	1	0.1	1	False	0.35	3.0	2.0	70	0.008	25.0	0.1	extinct	population_extinct	100000	NA	NA	NA	NA
2728	1	1	1	0.1	1	False	0.35	3.0	3.0	70	0.008	25.0	0.1	succeed	early_stop_succeed	2100	39.70077144846148	39.70951550285056	-30	0.25221411348556866
2729	1	1	1	0.1	1	False	0.35	3.0	5.0	70	0.008	25.0	0.1	succeed	early_stop_succeed	3600	<39	38.74950400931935	-35	0.15476913367934678
2730	1	1	1	0.1	1	False	0.35	3.5	1.1	70	0.008	25.0	0.1	extinct	population_extinct	100000	NA	NA	NA	NA
2731	1	1	1	0.1	1	False	0.35	3.5	1.5	70	0.008	25.0	0.1	extinct	population_extinct	100000	NA	NA	NA	NA
2732	1	1	1	0.1	1	False	0.35	3.5	2.0	70	0.008	25.0	0.1	extinct	population_extinct	100000	NA	NA	NA	NA
2733	1	1	1	0.1	1	False	0.35	3.5	3.0	70	0.008	25.0	0.1	succeed	early_stop_succeed	3400	39.33401904580279	39.30473023191138	-30	0.14014614274335913
2734	1	1	1	0.1	1	False	0.35	3.5	5.0	70	0.008	25.0	0.1	succeed	early_stop_succeed	2400	39.57715009551065	39.59659472258411	-30	0.19864153279131475
2735	1	1	1	0.1	1	False	0.35	4.0	1.1	70	0.008	25.0	0.1	extinct	population_extinct	100000	NA	NA	NA	NA
2736	1	1	1	0.1	1	False	0.35	4.0	1.5	70	0.008	25.0	0.1	extinct	population_extinct	100000	NA	NA	NA	NA
2737	1	1	1	0.1	1	False	0.35	4.0	2.0	70	0.008	25.0	0.1	succeed	early_stop_succeed	2650	39.72407829454693	39.73100417020003	-30	0.18774456300551884
2738	1	1	1	0.1	1	False	0.35	4.0	3.0	70	0.008	25.0	0.1	succeed	early_stop_succeed	2000	39.945682717783	39.91844131559446	-30	0.24567500299264822
2739	1	1	1	0.1	1	False	0.35	4.0	5.0	70	0.008	25.0	0.1	succeed	early_stop_succeed	2000	40.01444240597057	39.97135061236865	-30	0.25193866538569654
2740	1	1	1	0.1	1	False	0.35	4.5	1.1	70	0.008	25.0	0.1	extinct	population_extinct	100000	NA	NA	NA	NA
2741	1	1	1	0.1	1	False	0.35	4.5	1.5	70	0.008	25.0	0.1	succeed	early_stop_succeed	2400	39.76376999048332	39.773098797770025	-30	0.20224795492223982
2742	1	1	1	0.1	1	False	0.35	4.5	2.0	70	0.008	25.0	0.1	succeed	early_stop_succeed	2000	40.189881538644734	40.17413119591925	-30	0.23039267462755098
2743	1	1	1	0.1	1	False	0.35	4.5	3.0	70	0.008	25.0	0.1	succeed	early_stop_succeed	2000	40.0434226558399	40.0782471296056	-30	0.2392632579823747
2744	1	1	1	0.1	1	False	0.35	4.5	5.0	70	0.008	25.0	0.1	succeed	early_stop_succeed	2750	40.57281579766713	40.59994924595415	-30	0.16230630900552875
2745	1	1	1	0.1	1	False	0.35	5.0	1.1	70	0.008	25.0	0.1	extinct	population_extinct	100000	NA	NA	NA	NA
2746	1	1	1	0.1	1	False	0.35	5.0	1.5	70	0.008	25.0	0.1	succeed	early_stop_succeed	2350	40.078039178906586	40.088469668757604	-30	0.21684307099078723
2747	1	1	1	0.1	1	False	0.35	5.0	2.0	70	0.008	25.0	0.1	succeed	early_stop_succeed	2400	39.88040482317831	39.85688736535543	-30	0.2447803791175219
2748	1	1	1	0.1	1	False	0.35	5.0	3.0	70	0.008	25.0	0.1	succeed	early_stop_succeed	2000	40.05703912184373	40.04986558136983	-30	0.269647142695629
2749	1	1	1	0.1	1	False	0.35	5.0	5.0	70	0.008	25.0	0.1	succeed	early_stop_succeed	3250	40.605461334183616	40.61328095522845	-30	0.14730673521575718
