run_idx	sib_mortality	maternal_age_effect	mat_mortality	attenuation_cutoff	if_epi	if_invasion	k_s	x0_s	L_s	max_age	maternal_age_effect_quadratic_term	maternal_age_effect_vertex_x	epi_h	status	stop_reason	final_year	menopause_age_report	menopause_age_mean	dominant_allele	dominant_allele_frequency
0	0	0	0	NA	0	False	NA	NA	NA	70	NA	NA	NA	failed	early_stop_failed	4700	>46	46.69427443265486	-23	0.11981829842585151
1	0	0	0	NA	0	False	NA	NA	NA	70	NA	NA	NA	failed	early_stop_failed	4400	>46	46.59933149283063	-22	0.1329423233134127
2	0	0	0	NA	0	False	NA	NA	NA	70	NA	NA	NA	failed	early_stop_failed	4950	>46	46.475700634079004	-23	0.1443083120850713
3	0	0	0	NA	0	False	NA	NA	NA	70	NA	NA	NA	failed	early_stop_failed	4450	>46	46.72035549083765	-21	0.12242078132296327
4	0	0	0	NA	0	False	NA	NA	NA	70	NA	NA	NA	failed	early_stop_failed	4650	>46	46.3516130584522	-23	0.14222450013147955
5	0	0	0	NA	0	False	NA	NA	NA	70	NA	NA	NA	failed	early_stop_failed	4500	>46	46.56664053786155	-22	0.11184796862669957
6	0	0	0	NA	0	False	NA	NA	NA	70	NA	NA	NA	failed	early_stop_failed	4900	>46	46.698565296742444	-23	0.11321981979499576
7	0	0	0	NA	0	False	NA	NA	NA	70	NA	NA	NA	failed	early_stop_failed	3900	>46	47.14544072272934	-24	0.08968323683586515
8	0	0	0	NA	0	False	NA	NA	NA	70	NA	NA	NA	failed	early_stop_failed	4400	>46	46.636776222895236	-22	0.1330393485978537
9	0	0	0	NA	0	False	NA	NA	NA	70	NA	NA	NA	failed	early_stop_failed	4600	>46	46.50929228552942	-24	0.1254910509188481
10	0	0	0	NA	0	False	NA	NA	NA	70	NA	NA	NA	failed	early_stop_failed	4450	>46	46.78452371838562	-23	0.09477071305388333
11	0	0	0	NA	0	False	NA	NA	NA	70	NA	NA	NA	failed	early_stop_failed	4350	>46	46.54425118962811	-22	0.12443635012864673
12	0	0	0	NA	0	False	NA	NA	NA	70	NA	NA	NA	failed	early_stop_failed	4700	>46	46.61203056712933	-23	0.1341751844971696
13	0	0	0	NA	0	False	NA	NA	NA	70	NA	NA	NA	failed	early_stop_failed	4450	>46	46.60297806976932	-23	0.1393944495320706
14	0	0	0	NA	0	False	NA	NA	NA	70	NA	NA	NA	failed	early_stop_failed	4500	>46	46.56968412905971	-22	0.12655135220519761
15	0	0	0	NA	0	False	NA	NA	NA	70	NA	NA	NA	failed	early_stop_failed	4050	>46	47.14959929827983	-23	0.10395502459013112
16	0	0	0	NA	0	False	NA	NA	NA	70	NA	NA	NA	failed	early_stop_failed	4450	>46	46.73869248255787	-24	0.13511671616310483
17	0	0	0	NA	0	False	NA	NA	NA	70	NA	NA	NA	failed	early_stop_failed	4600	>46	46.63811681660295	-23	0.13378531617614758
18	0	0	0	NA	0	False	NA	NA	NA	70	NA	NA	NA	failed	early_stop_failed	4700	>46	46.68405786131342	-24	0.1169714912262634
19	0	0	0	NA	0	False	NA	NA	NA	70	NA	NA	NA	failed	early_stop_failed	4100	>46	46.725397375217305	-23	0.10704828971185655
20	0	0	0	NA	0	False	NA	NA	NA	70	NA	NA	NA	failed	early_stop_failed	4750	>46	46.615072041120705	-24	0.12139410805265585
21	0	0	0	NA	0	False	NA	NA	NA	70	NA	NA	NA	failed	early_stop_failed	4450	>46	46.52090784797275	-24	0.12644209077310667
22	0	0	0	NA	0	False	NA	NA	NA	70	NA	NA	NA	failed	early_stop_failed	4300	>46	46.97807585140545	-24	0.10551527519812748
23	0	0	0	NA	0	False	NA	NA	NA	70	NA	NA	NA	failed	early_stop_failed	5050	>46	46.56132909973686	-23	0.14880707786508313
24	0	0	0	NA	0	False	NA	NA	NA	70	NA	NA	NA	failed	early_stop_failed	4800	>46	46.643154759179325	-23	0.14471599757287495
25	0	0	0	NA	0	False	NA	NA	NA	70	NA	NA	NA	failed	early_stop_failed	4450	>46	46.61276542540023	-23	0.12512109975399346
26	0	0	0	NA	0	False	NA	NA	NA	70	NA	NA	NA	failed	early_stop_failed	4550	>46	46.654625797241714	-23	0.12629796732996243
27	0	0	0	NA	0	False	NA	NA	NA	70	NA	NA	NA	failed	early_stop_failed	4500	>46	46.66877119336999	-23	0.11958283114405642
28	0	0	0	NA	0	False	NA	NA	NA	70	NA	NA	NA	failed	early_stop_failed	4600	>46	46.713452126080696	-24	0.11474955392718071
29	0	0	0	NA	0	False	NA	NA	NA	70	NA	NA	NA	failed	early_stop_failed	4650	>46	46.48412906145794	-23	0.1372435589297107
30	0	0	0	NA	0	False	NA	NA	NA	70	NA	NA	NA	failed	early_stop_failed	5000	>46	46.648373793266025	-23	0.12201241195065911
31	0	0	0	NA	0	False	NA	NA	NA	70	NA	NA	NA	failed	early_stop_failed	4750	>46	46.62987463607626	-21	0.1271594497019141
32	0	0	0	NA	0	False	NA	NA	NA	70	NA	NA	NA	failed	early_stop_failed	4650	>46	46.88226520595394	-23	0.12252304141578105
33	0	0	0	NA	0	False	NA	NA	NA	70	NA	NA	NA	failed	early_stop_failed	4400	>46	46.826013810399395	-24	0.11782594337794661
34	0	0	0	NA	0	False	NA	NA	NA	70	NA	NA	NA	failed	early_stop_failed	4650	>46	46.681866605296236	-23	0.13181857059264357
35	0	0	0	NA	0	False	NA	NA	NA	70	NA	NA	NA	failed	early_stop_failed	4650	>46	46.69311891231712	-24	0.11401722030694277
36	0	0	0	NA	0	False	NA	NA	NA	70	NA	NA	NA	failed	early_stop_failed	4400	>46	46.72051837759292	-23	0.12887144075173462
37	0	0	0	NA	0	False	NA	NA	NA	70	NA	NA	NA	failed	early_stop_failed	4900	>46	46.584149412040205	-22	0.12637467468499547
38	0	0	0	NA	0	False	NA	NA	NA	70	NA	NA	NA	failed	early_stop_failed	4850	>46	46.42679509516789	-22	0.12943578741041928
39	0	0	0	NA	0	False	NA	NA	NA	70	NA	NA	NA	failed	early_stop_failed	4400	>46	46.84376255891481	-23	0.1190858201459644
40	0	0	0	NA	0	False	NA	NA	NA	70	NA	NA	NA	failed	early_stop_failed	4000	>46	46.61662241438686	-21	0.118572861722202
41	0	0	0	NA	0	False	NA	NA	NA	70	NA	NA	NA	failed	early_stop_failed	4550	>46	46.704134872694745	-22	0.12396075561119996
42	0	0	0	NA	0	False	NA	NA	NA	70	NA	NA	NA	failed	early_stop_failed	4200	>46	47.13777481187155	-18	0.10247207320287083
43	0	0	0	NA	0	False	NA	NA	NA	70	NA	NA	NA	failed	early_stop_failed	4500	>46	46.46446097675039	-24	0.15798618257175476
44	0	0	0	NA	0	False	NA	NA	NA	70	NA	NA	NA	failed	early_stop_failed	4900	>46	46.70141817088198	-23	0.13918262678610485
45	0	0	0	NA	0	False	NA	NA	NA	70	NA	NA	NA	failed	early_stop_failed	4250	>46	46.968573648561346	-25	0.0990888323821518
46	0	0	0	NA	0	False	NA	NA	NA	70	NA	NA	NA	failed	early_stop_failed	4650	>46	46.9132137801926	-24	0.12158927455066172
47	0	0	0	NA	0	False	NA	NA	NA	70	NA	NA	NA	failed	early_stop_failed	4250	>46	46.834235970286926	-21	0.10690013339142773
48	0	0	0	NA	0	False	NA	NA	NA	70	NA	NA	NA	failed	early_stop_failed	4300	>46	46.69139026686027	-23	0.10816685273221527
49	0	0	0	NA	0	False	NA	NA	NA	70	NA	NA	NA	failed	early_stop_failed	4800	>46	46.69224468550579	-23	0.14473854794268776
50	0	0	0	NA	0	False	NA	NA	NA	70	NA	NA	NA	failed	early_stop_failed	4750	>46	46.84038736709685	-23	0.13008492525573231
51	0	0	0	NA	0	False	NA	NA	NA	70	NA	NA	NA	failed	early_stop_failed	4650	>46	46.665708255692806	-24	0.12002169986643649
52	0	0	0	NA	0	False	NA	NA	NA	70	NA	NA	NA	failed	early_stop_failed	4650	>46	47.331511219764856	-23	0.09428689418169503
53	0	0	0	NA	0	False	NA	NA	NA	70	NA	NA	NA	failed	early_stop_failed	4500	>46	46.56700211029992	-22	0.13020215474701702
54	0	0	0	NA	0	False	NA	NA	NA	70	NA	NA	NA	failed	early_stop_failed	5000	>46	46.490191224640206	-23	0.1211779620566298
55	0	0	0	NA	0	False	NA	NA	NA	70	NA	NA	NA	failed	early_stop_failed	4450	>46	46.81801614910223	-19	0.10827962818315905
56	0	0	0	NA	0	False	NA	NA	NA	70	NA	NA	NA	failed	early_stop_failed	4700	>46	46.50460559252982	-24	0.10738661562833367
57	0	0	0	NA	0	False	NA	NA	NA	70	NA	NA	NA	failed	early_stop_failed	4900	>46	46.440692405799226	-22	0.11854953020235158
58	0	0	0	NA	0	False	NA	NA	NA	70	NA	NA	NA	failed	early_stop_failed	4550	>46	46.77320577770705	-23	0.13054672784951454
59	0	0	0	NA	0	False	NA	NA	NA	70	NA	NA	NA	failed	early_stop_failed	4750	>46	46.50070690094865	-24	0.14011748043061503
60	0	0	0	NA	0	False	NA	NA	NA	70	NA	NA	NA	failed	early_stop_failed	4900	>46	46.661205453854464	-22	0.13521074675988068
61	0	0	0	NA	0	False	NA	NA	NA	70	NA	NA	NA	failed	early_stop_failed	4200	>46	46.87332709447415	-22	0.12619067374138968
62	0	0	0	NA	0	False	NA	NA	NA	70	NA	NA	NA	failed	early_stop_failed	5000	>46	46.66576939815296	-23	0.12427032196480729
63	0	0	0	NA	0	False	NA	NA	NA	70	NA	NA	NA	failed	early_stop_failed	4750	>46	46.46976991088575	-23	0.13451890274532102
64	0	0	0	NA	0	False	NA	NA	NA	70	NA	NA	NA	failed	early_stop_failed	4750	>46	46.61615656346364	-22	0.11987537804487289
65	0	0	0	NA	0	False	NA	NA	NA	70	NA	NA	NA	failed	early_stop_failed	4550	>46	46.662698312455824	-21	0.13043025849946868
66	0	0	0	NA	0	False	NA	NA	NA	70	NA	NA	NA	failed	early_stop_failed	4750	>46	46.68283271995134	-20	0.10322145699205844
67	0	0	0	NA	0	False	NA	NA	NA	70	NA	NA	NA	failed	early_stop_failed	4500	>46	46.59884196819246	-23	0.115067175979426
68	0	0	0	NA	0	False	NA	NA	NA	70	NA	NA	NA	failed	early_stop_failed	3950	>46	46.721287236499776	-21	0.1411685245886732
69	0	0	0	NA	0	False	NA	NA	NA	70	NA	NA	NA	failed	early_stop_failed	5000	>46	46.476290873361386	-23	0.17508347741822644
70	0	0	0	NA	0	False	NA	NA	NA	70	NA	NA	NA	failed	early_stop_failed	4800	>46	46.658132375688524	-24	0.13078088955066042
71	0	0	0	NA	0	False	NA	NA	NA	70	NA	NA	NA	failed	early_stop_failed	4850	>46	46.68950536305793	-24	0.11085162044480634
72	0	0	0	NA	0	False	NA	NA	NA	70	NA	NA	NA	failed	early_stop_failed	4550	>46	46.75312808306997	-21	0.1335208257742319
73	0	0	0	NA	0	False	NA	NA	NA	70	NA	NA	NA	failed	early_stop_failed	4750	>46	46.52713842467977	-21	0.12208233451050177
74	0	0	0	NA	0	False	NA	NA	NA	70	NA	NA	NA	failed	early_stop_failed	4600	>46	46.68122930160846	-23	0.1189720895213866
75	0	0	0	NA	0	False	NA	NA	NA	70	NA	NA	NA	failed	early_stop_failed	4800	>46	46.53601265307883	-24	0.11414822258145203
76	0	0	0	NA	0	False	NA	NA	NA	70	NA	NA	NA	failed	early_stop_failed	4350	>46	46.666594479645006	-24	0.13595195935683926
77	0	0	0	NA	0	False	NA	NA	NA	70	NA	NA	NA	failed	early_stop_failed	4550	>46	46.59418278478221	-21	0.11089004351895175
78	0	0	0	NA	0	False	NA	NA	NA	70	NA	NA	NA	failed	early_stop_failed	3500	>46	47.13371909478111	-18	0.08747563735414485
79	0	0	0	NA	0	False	NA	NA	NA	70	NA	NA	NA	failed	early_stop_failed	4600	>46	46.869329370098306	-23	0.10864781325946325
80	0	0	0	NA	0	False	NA	NA	NA	70	NA	NA	NA	failed	early_stop_failed	4850	>46	46.6538879097921	-24	0.12709014800352683
81	0	0	0	NA	0	False	NA	NA	NA	70	NA	NA	NA	failed	early_stop_failed	4250	>46	46.86008632047793	-23	0.10553927540555373
82	0	0	0	NA	0	False	NA	NA	NA	70	NA	NA	NA	failed	early_stop_failed	4300	>46	46.558026369217174	-23	0.14735277350539183
83	0	0	0	NA	0	False	NA	NA	NA	70	NA	NA	NA	failed	early_stop_failed	4650	>46	46.45765717803714	-24	0.1374373904209891
84	0	0	0	NA	0	False	NA	NA	NA	70	NA	NA	NA	failed	early_stop_failed	4450	>46	46.69613937064687	-22	0.11320431139300487
85	0	0	0	NA	0	False	NA	NA	NA	70	NA	NA	NA	failed	early_stop_failed	4850	>46	46.63768903809804	-22	0.14230689094221513
86	0	0	0	NA	0	False	NA	NA	NA	70	NA	NA	NA	failed	early_stop_failed	4300	>46	46.8400119792053	-23	0.10603607804255527
87	0	0	0	NA	0	False	NA	NA	NA	70	NA	NA	NA	failed	early_stop_failed	4400	>46	46.74849616569249	-24	0.11209877085647069
88	0	0	0	NA	0	False	NA	NA	NA	70	NA	NA	NA	failed	early_stop_failed	4550	>46	46.57338614211616	-22	0.12156162942078903
89	0	0	0	NA	0	False	NA	NA	NA	70	NA	NA	NA	failed	early_stop_failed	4300	>46	46.86639117585977	-21	0.09728658664915275
90	0	0	0	NA	0	False	NA	NA	NA	70	NA	NA	NA	failed	early_stop_failed	4500	>46	46.825026234728035	-21	0.10588420828822401
91	0	0	0	NA	0	False	NA	NA	NA	70	NA	NA	NA	failed	early_stop_failed	4800	>46	46.67204777017949	-22	0.12511025926695377
92	0	0	0	NA	0	False	NA	NA	NA	70	NA	NA	NA	failed	early_stop_failed	4600	>46	46.57537674278726	-22	0.11404669952082569
93	0	0	0	NA	0	False	NA	NA	NA	70	NA	NA	NA	failed	early_stop_failed	4700	>46	46.61097024125318	-23	0.13184729395923542
94	0	0	0	NA	0	False	NA	NA	NA	70	NA	NA	NA	failed	early_stop_failed	4600	>46	46.55928305008936	-21	0.11200826129045964
95	0	0	0	NA	0	False	NA	NA	NA	70	NA	NA	NA	failed	early_stop_failed	4700	>46	46.61739057195339	-23	0.13521781524871188
96	0	0	0	NA	0	False	NA	NA	NA	70	NA	NA	NA	failed	early_stop_failed	4850	>46	46.5456139962537	-23	0.12703590061041412
97	0	0	0	NA	0	False	NA	NA	NA	70	NA	NA	NA	failed	early_stop_failed	4500	>46	46.60982515756356	-24	0.12154835001990741
98	0	0	0	NA	0	False	NA	NA	NA	70	NA	NA	NA	failed	early_stop_failed	4950	>46	46.76182999257135	-22	0.11043495113606423
99	0	0	0	NA	0	False	NA	NA	NA	70	NA	NA	NA	failed	early_stop_failed	4950	>46	46.37000258788619	-23	0.1298443389732002
100	0	0	0	NA	0	False	NA	NA	NA	70	NA	NA	NA	failed	early_stop_failed	4350	>46	46.736855613997015	-22	0.10650461540723219
101	0	0	0	NA	0	False	NA	NA	NA	70	NA	NA	NA	failed	early_stop_failed	4850	>46	46.99475666167864	-23	0.111837373009616
102	0	0	0	NA	0	False	NA	NA	NA	70	NA	NA	NA	failed	early_stop_failed	4250	>46	46.8565312775858	-22	0.10834899472690189
103	0	0	0	NA	0	False	NA	NA	NA	70	NA	NA	NA	failed	early_stop_failed	4750	>46	46.642824753935265	-24	0.12776919829294
104	0	0	0	NA	0	False	NA	NA	NA	70	NA	NA	NA	failed	early_stop_failed	3750	>46	46.863025962418575	-24	0.09023553132535049
105	0	0	0	NA	0	False	NA	NA	NA	70	NA	NA	NA	failed	early_stop_failed	4950	>46	46.53683625617175	-23	0.11644658681553971
106	0	0	0	NA	0	False	NA	NA	NA	70	NA	NA	NA	failed	early_stop_failed	4600	>46	46.981856276361825	-22	0.11081370145975289
107	0	0	0	NA	0	False	NA	NA	NA	70	NA	NA	NA	failed	early_stop_failed	4300	>46	46.8568527036331	-24	0.10802617214225835
108	0	0	0	NA	0	False	NA	NA	NA	70	NA	NA	NA	failed	early_stop_failed	4700	>46	46.448370406697286	-24	0.12570930048601783
109	0	0	0	NA	0	False	NA	NA	NA	70	NA	NA	NA	failed	early_stop_failed	4550	>46	46.68176419848098	-25	0.10827346546523801
110	0	0	0	NA	0	False	NA	NA	NA	70	NA	NA	NA	failed	early_stop_failed	4500	>46	46.66966934420874	-23	0.1148172512380288
111	0	0	0	NA	0	False	NA	NA	NA	70	NA	NA	NA	failed	early_stop_failed	4550	>46	46.74822554419983	-23	0.12161570624910531
112	0	0	0	NA	0	False	NA	NA	NA	70	NA	NA	NA	failed	early_stop_failed	4150	>46	46.694313973410054	-21	0.1063001923329377
113	0	0	0	NA	0	False	NA	NA	NA	70	NA	NA	NA	failed	early_stop_failed	4450	>46	46.69413131098911	-22	0.13612264214310685
114	0	0	0	NA	0	False	NA	NA	NA	70	NA	NA	NA	failed	early_stop_failed	4250	>46	46.939535175088956	-25	0.1060042547474263
115	0	0	0	NA	0	False	NA	NA	NA	70	NA	NA	NA	failed	early_stop_failed	3850	>46	47.34890738877026	-20	0.10362289395421094
116	0	0	0	NA	0	False	NA	NA	NA	70	NA	NA	NA	failed	early_stop_failed	4850	>46	46.63820269532149	-23	0.12276888605055397
117	0	0	0	NA	0	False	NA	NA	NA	70	NA	NA	NA	failed	early_stop_failed	4250	>46	46.708904235183944	-22	0.11458193414392742
118	0	0	0	NA	0	False	NA	NA	NA	70	NA	NA	NA	failed	early_stop_failed	4650	>46	46.70273289461736	-24	0.1169956091244843
119	0	0	0	NA	0	False	NA	NA	NA	70	NA	NA	NA	failed	early_stop_failed	4500	>46	46.595018870349044	-24	0.12164613545764247
120	0	0	0	NA	0	False	NA	NA	NA	70	NA	NA	NA	failed	early_stop_failed	4550	>46	46.77998603189389	-21	0.10200749395733047
121	0	0	0	NA	0	False	NA	NA	NA	70	NA	NA	NA	failed	early_stop_failed	4750	>46	46.80001177014217	-23	0.10686422099009818
122	0	0	0	NA	0	False	NA	NA	NA	70	NA	NA	NA	failed	early_stop_failed	4850	>46	46.78491994722495	-23	0.13375381918849072
123	0	0	0	NA	0	False	NA	NA	NA	70	NA	NA	NA	failed	early_stop_failed	4450	>46	46.54783275561452	-20	0.11766742973339472
124	0	0	0	NA	0	False	NA	NA	NA	70	NA	NA	NA	failed	early_stop_failed	4150	>46	47.05884973033392	-20	0.09975672085864618
125	1	0	0	0.0	0	False	0.15	3.0	1.1	70	NA	NA	NA	failed	early_stop_failed	4450	>46	46.66802248997414	-22	0.12981988666881905
126	1	0	0	0.0	0	False	0.15	3.0	1.5	70	NA	NA	NA	failed	early_stop_failed	5050	>46	46.75214081654044	-23	0.12883790315255605
127	1	0	0	0.0	0	False	0.15	3.0	2.0	70	NA	NA	NA	failed	early_stop_failed	4500	>46	46.75843000686225	-24	0.10251893532350315
128	1	0	0	0.0	0	False	0.15	3.0	3.0	70	NA	NA	NA	failed	early_stop_failed	4950	>46	46.48804850841066	-24	0.1210374367360168
129	1	0	0	0.0	0	False	0.15	3.0	5.0	70	NA	NA	NA	failed	early_stop_failed	5150	>46	46.45505930402912	-23	0.12219381254274167
130	1	0	0	0.0	0	False	0.15	3.5	1.1	70	NA	NA	NA	failed	early_stop_failed	5050	>46	46.75218667651	-22	0.1305985552177428
131	1	0	0	0.0	0	False	0.15	3.5	1.5	70	NA	NA	NA	failed	early_stop_failed	4900	>46	46.723159989506556	-22	0.10689231735589487
132	1	0	0	0.0	0	False	0.15	3.5	2.0	70	NA	NA	NA	failed	early_stop_failed	5300	>46	46.71005582108115	-23	0.11433005596464145
133	1	0	0	0.0	0	False	0.15	3.5	3.0	70	NA	NA	NA	failed	early_stop_failed	4100	>46	46.790681878679386	-24	0.09334623016999075
134	1	0	0	0.0	0	False	0.15	3.5	5.0	70	NA	NA	NA	failed	early_stop_failed	4750	>46	46.508533965464636	-22	0.1274692760208898
135	1	0	0	0.0	0	False	0.15	4.0	1.1	70	NA	NA	NA	failed	early_stop_failed	4250	>46	46.69143958587775	-25	0.09346089979253673
136	1	0	0	0.0	0	False	0.15	4.0	1.5	70	NA	NA	NA	failed	early_stop_failed	4400	>46	46.87452295376036	-22	0.11104646874949785
137	1	0	0	0.0	0	False	0.15	4.0	2.0	70	NA	NA	NA	failed	early_stop_failed	4950	>46	46.57088990603087	-22	0.11560185009917495
138	1	0	0	0.0	0	False	0.15	4.0	3.0	70	NA	NA	NA	failed	early_stop_failed	4900	>46	46.5851248484115	-24	0.11453238621846029
139	1	0	0	0.0	0	False	0.15	4.0	5.0	70	NA	NA	NA	failed	early_stop_failed	4900	>46	46.59376686593542	-22	0.13819988575339096
140	1	0	0	0.0	0	False	0.15	4.5	1.1	70	NA	NA	NA	failed	early_stop_failed	4600	>46	46.82279572027138	-21	0.12122546770468123
141	1	0	0	0.0	0	False	0.15	4.5	1.5	70	NA	NA	NA	failed	early_stop_failed	5100	>46	46.55585806151895	-24	0.11735620327423589
142	1	0	0	0.0	0	False	0.15	4.5	2.0	70	NA	NA	NA	failed	early_stop_failed	5150	>46	46.72772199979565	-23	0.16303320605800306
143	1	0	0	0.0	0	False	0.15	4.5	3.0	70	NA	NA	NA	failed	early_stop_failed	4400	>46	46.79168525295159	-23	0.10421158647505994
144	1	0	0	0.0	0	False	0.15	4.5	5.0	70	NA	NA	NA	failed	early_stop_failed	4600	>46	46.67607979871596	-22	0.13595493032458855
145	1	0	0	0.0	0	False	0.15	5.0	1.1	70	NA	NA	NA	failed	early_stop_failed	4800	>46	46.52382626788139	-22	0.1334784841550189
146	1	0	0	0.0	0	False	0.15	5.0	1.5	70	NA	NA	NA	failed	early_stop_failed	4800	>46	46.74092179677031	-24	0.1268429476536464
147	1	0	0	0.0	0	False	0.15	5.0	2.0	70	NA	NA	NA	failed	early_stop_failed	3900	>46	47.02869253649305	-25	0.08400475019546663
148	1	0	0	0.0	0	False	0.15	5.0	3.0	70	NA	NA	NA	failed	early_stop_failed	4650	>46	46.81150598445294	-26	0.107051540690844
149	1	0	0	0.0	0	False	0.15	5.0	5.0	70	NA	NA	NA	failed	early_stop_failed	4800	>46	46.51911428709652	-21	0.13163914732905016
150	1	0	0	0.0	0	False	0.2	3.0	1.1	70	NA	NA	NA	failed	early_stop_failed	3850	>46	47.196924937264995	-20	0.10545682068828324
151	1	0	0	0.0	0	False	0.2	3.0	1.5	70	NA	NA	NA	failed	early_stop_failed	4750	>46	46.59310807555681	-22	0.10959423377160422
152	1	0	0	0.0	0	False	0.2	3.0	2.0	70	NA	NA	NA	failed	early_stop_failed	5350	>46	46.61048873299365	-23	0.13496085161269628
153	1	0	0	0.0	0	False	0.2	3.0	3.0	70	NA	NA	NA	failed	early_stop_failed	4500	>46	46.83442056730538	-24	0.11598708383783225
154	1	0	0	0.0	0	False	0.2	3.0	5.0	70	NA	NA	NA	failed	early_stop_failed	4850	>46	46.618136057439386	-22	0.12324560477875515
155	1	0	0	0.0	0	False	0.2	3.5	1.1	70	NA	NA	NA	failed	early_stop_failed	4300	>46	46.5848224066127	-23	0.11771850667531364
156	1	0	0	0.0	0	False	0.2	3.5	1.5	70	NA	NA	NA	failed	early_stop_failed	4850	>46	46.61227623418118	-23	0.13296141568640196
157	1	0	0	0.0	0	False	0.2	3.5	2.0	70	NA	NA	NA	failed	early_stop_failed	5650	>46	46.49102331465427	-23	0.16446628360545346
158	1	0	0	0.0	0	False	0.2	3.5	3.0	70	NA	NA	NA	failed	early_stop_failed	4800	>46	46.726505335487715	-22	0.12859582582203122
159	1	0	0	0.0	0	False	0.2	3.5	5.0	70	NA	NA	NA	failed	early_stop_failed	4850	>46	46.677380160853986	-24	0.1295778509049266
160	1	0	0	0.0	0	False	0.2	4.0	1.1	70	NA	NA	NA	failed	early_stop_failed	5250	>46	46.78807964065818	-23	0.14444190235623666
161	1	0	0	0.0	0	False	0.2	4.0	1.5	70	NA	NA	NA	failed	early_stop_failed	4700	>46	46.798590290341544	-25	0.10024603800895836
162	1	0	0	0.0	0	False	0.2	4.0	2.0	70	NA	NA	NA	failed	early_stop_failed	4900	>46	46.715248311856904	-23	0.1345318097628195
163	1	0	0	0.0	0	False	0.2	4.0	3.0	70	NA	NA	NA	failed	early_stop_failed	4950	>46	46.71477319845497	-22	0.12326060092956363
164	1	0	0	0.0	0	False	0.2	4.0	5.0	70	NA	NA	NA	failed	early_stop_failed	5150	>46	46.54634330900418	-22	0.12679020709753266
165	1	0	0	0.0	0	False	0.2	4.5	1.1	70	NA	NA	NA	failed	early_stop_failed	4700	>46	47.164048986714505	-20	0.08990942882197485
166	1	0	0	0.0	0	False	0.2	4.5	1.5	70	NA	NA	NA	failed	early_stop_failed	4200	>46	46.84230946172097	-20	0.09649701355468093
167	1	0	0	0.0	0	False	0.2	4.5	2.0	70	NA	NA	NA	failed	early_stop_failed	4850	>46	46.55942433266621	-24	0.11189335291316332
168	1	0	0	0.0	0	False	0.2	4.5	3.0	70	NA	NA	NA	failed	early_stop_failed	4800	>46	46.58560473841854	-22	0.13762081695236955
169	1	0	0	0.0	0	False	0.2	4.5	5.0	70	NA	NA	NA	failed	early_stop_failed	4000	>46	46.89621957820083	-23	0.10926308170715088
170	1	0	0	0.0	0	False	0.2	5.0	1.1	70	NA	NA	NA	failed	early_stop_failed	5050	>46	46.71453183478027	-23	0.12448876801959863
171	1	0	0	0.0	0	False	0.2	5.0	1.5	70	NA	NA	NA	failed	early_stop_failed	5200	>46	46.450508495293676	-22	0.11641073678872602
172	1	0	0	0.0	0	False	0.2	5.0	2.0	70	NA	NA	NA	failed	early_stop_failed	4750	>46	46.52040869756766	-23	0.12027669436343148
173	1	0	0	0.0	0	False	0.2	5.0	3.0	70	NA	NA	NA	failed	early_stop_failed	4150	>46	46.906470417439486	-24	0.11954937799566784
174	1	0	0	0.0	0	False	0.2	5.0	5.0	70	NA	NA	NA	failed	early_stop_failed	4600	>46	46.60605992916187	-23	0.14756842265774364
175	1	0	0	0.0	0	False	0.25	3.0	1.1	70	NA	NA	NA	failed	early_stop_failed	4700	>46	46.700258088402165	-21	0.13607161423861538
176	1	0	0	0.0	0	False	0.25	3.0	1.5	70	NA	NA	NA	failed	early_stop_failed	4450	>46	46.637004390959774	-20	0.11657276561591297
177	1	0	0	0.0	0	False	0.25	3.0	2.0	70	NA	NA	NA	failed	early_stop_failed	4450	>46	47.00345746342955	-22	0.10053242072134518
178	1	0	0	0.0	0	False	0.25	3.0	3.0	70	NA	NA	NA	failed	early_stop_failed	5050	>46	46.529089610651994	-23	0.12715617288247694
179	1	0	0	0.0	0	False	0.25	3.0	5.0	70	NA	NA	NA	failed	early_stop_failed	4650	>46	46.55408059169272	-24	0.11316635567833055
180	1	0	0	0.0	0	False	0.25	3.5	1.1	70	NA	NA	NA	failed	early_stop_failed	4500	>46	46.87832005355887	-22	0.1288748255779997
181	1	0	0	0.0	0	False	0.25	3.5	1.5	70	NA	NA	NA	failed	early_stop_failed	4650	>46	46.70184480323418	-22	0.10620479397728637
182	1	0	0	0.0	0	False	0.25	3.5	2.0	70	NA	NA	NA	failed	early_stop_failed	5000	>46	46.624936220396386	-22	0.12358918162321089
183	1	0	0	0.0	0	False	0.25	3.5	3.0	70	NA	NA	NA	failed	early_stop_failed	5100	>46	46.54321526147588	-23	0.12674150976797474
184	1	0	0	0.0	0	False	0.25	3.5	5.0	70	NA	NA	NA	failed	early_stop_failed	4750	>46	46.675128294403834	-24	0.11620505151952265
185	1	0	0	0.0	0	False	0.25	4.0	1.1	70	NA	NA	NA	failed	early_stop_failed	4850	>46	46.60523575015564	-22	0.11672911092028562
186	1	0	0	0.0	0	False	0.25	4.0	1.5	70	NA	NA	NA	failed	early_stop_failed	5050	>46	46.721705086086835	-25	0.1139999200941106
187	1	0	0	0.0	0	False	0.25	4.0	2.0	70	NA	NA	NA	failed	early_stop_failed	4550	>46	46.74619486431006	-20	0.11498392804671105
188	1	0	0	0.0	0	False	0.25	4.0	3.0	70	NA	NA	NA	failed	early_stop_failed	4850	>46	46.51295749080804	-24	0.13153919499474667
189	1	0	0	0.0	0	False	0.25	4.0	5.0	70	NA	NA	NA	failed	early_stop_failed	4500	>46	46.83673484232716	-19	0.10994579513132471
190	1	0	0	0.0	0	False	0.25	4.5	1.1	70	NA	NA	NA	failed	early_stop_failed	5050	>46	46.591236787935586	-22	0.13330942396887513
191	1	0	0	0.0	0	False	0.25	4.5	1.5	70	NA	NA	NA	failed	early_stop_failed	5000	>46	46.4619730249277	-24	0.1025161764236737
192	1	0	0	0.0	0	False	0.25	4.5	2.0	70	NA	NA	NA	failed	early_stop_failed	4100	>46	47.09564298376024	-20	0.10404773842283316
193	1	0	0	0.0	0	False	0.25	4.5	3.0	70	NA	NA	NA	failed	early_stop_failed	4900	>46	46.720595264058616	-21	0.12291200392186209
194	1	0	0	0.0	0	False	0.25	4.5	5.0	70	NA	NA	NA	failed	early_stop_failed	4900	>46	46.69460416080317	-23	0.16572870070254977
195	1	0	0	0.0	0	False	0.25	5.0	1.1	70	NA	NA	NA	failed	early_stop_failed	4750	>46	46.68727164563444	-25	0.12298826645884246
196	1	0	0	0.0	0	False	0.25	5.0	1.5	70	NA	NA	NA	failed	early_stop_failed	4800	>46	46.99290447935769	-24	0.11651304148451296
197	1	0	0	0.0	0	False	0.25	5.0	2.0	70	NA	NA	NA	failed	early_stop_failed	4450	>46	46.83034259500769	-22	0.10782986577653102
198	1	0	0	0.0	0	False	0.25	5.0	3.0	70	NA	NA	NA	failed	early_stop_failed	4800	>46	46.60817802875739	-24	0.13188904833323997
199	1	0	0	0.0	0	False	0.25	5.0	5.0	70	NA	NA	NA	failed	early_stop_failed	4700	>46	46.39690370063295	-23	0.12965236000994854
200	1	0	0	0.0	0	False	0.3	3.0	1.1	70	NA	NA	NA	failed	early_stop_failed	4100	>46	46.85164697308335	-20	0.08864530959143484
201	1	0	0	0.0	0	False	0.3	3.0	1.5	70	NA	NA	NA	failed	early_stop_failed	4750	>46	46.6788038484135	-25	0.12332141693460535
202	1	0	0	0.0	0	False	0.3	3.0	2.0	70	NA	NA	NA	failed	early_stop_failed	4600	>46	46.74526320638072	-25	0.09707727682237813
203	1	0	0	0.0	0	False	0.3	3.0	3.0	70	NA	NA	NA	failed	early_stop_failed	4650	>46	46.97564346563235	-21	0.11590094153241036
204	1	0	0	0.0	0	False	0.3	3.0	5.0	70	NA	NA	NA	failed	early_stop_failed	5250	>46	46.73742361709831	-23	0.14162023261062376
205	1	0	0	0.0	0	False	0.3	3.5	1.1	70	NA	NA	NA	failed	early_stop_failed	4150	>46	46.77913146067271	-21	0.10863988194286846
206	1	0	0	0.0	0	False	0.3	3.5	1.5	70	NA	NA	NA	failed	early_stop_failed	4750	>46	46.682241996803874	-23	0.11108288869714501
207	1	0	0	0.0	0	False	0.3	3.5	2.0	70	NA	NA	NA	failed	early_stop_failed	4800	>46	46.74938410030226	-23	0.13093396533114865
208	1	0	0	0.0	0	False	0.3	3.5	3.0	70	NA	NA	NA	failed	early_stop_failed	4850	>46	46.67601883095499	-21	0.12829895587660503
209	1	0	0	0.0	0	False	0.3	3.5	5.0	70	NA	NA	NA	failed	early_stop_failed	4800	>46	46.72559955132336	-21	0.12268197423695337
210	1	0	0	0.0	0	False	0.3	4.0	1.1	70	NA	NA	NA	failed	early_stop_failed	4300	>46	46.839325729846415	-24	0.09667085966859727
211	1	0	0	0.0	0	False	0.3	4.0	1.5	70	NA	NA	NA	failed	early_stop_failed	4800	>46	46.627836817641274	-22	0.12514219856556183
212	1	0	0	0.0	0	False	0.3	4.0	2.0	70	NA	NA	NA	failed	early_stop_failed	5750	>46	46.6523547408916	-23	0.1332333839772913
213	1	0	0	0.0	0	False	0.3	4.0	3.0	70	NA	NA	NA	failed	early_stop_failed	4850	>46	46.492152373700705	-23	0.1312542731686755
214	1	0	0	0.0	0	False	0.3	4.0	5.0	70	NA	NA	NA	failed	early_stop_failed	4500	>46	46.717492471918845	-22	0.10088770852102653
215	1	0	0	0.0	0	False	0.3	4.5	1.1	70	NA	NA	NA	failed	early_stop_failed	4500	>46	46.73454088092008	-22	0.10672901950764184
216	1	0	0	0.0	0	False	0.3	4.5	1.5	70	NA	NA	NA	failed	early_stop_failed	4850	>46	46.66573126897816	-23	0.13149638394668595
217	1	0	0	0.0	0	False	0.3	4.5	2.0	70	NA	NA	NA	failed	early_stop_failed	4600	>46	46.699577903627635	-22	0.1279003804689096
218	1	0	0	0.0	0	False	0.3	4.5	3.0	70	NA	NA	NA	failed	early_stop_failed	4950	>46	46.70929301573009	-24	0.12150684048188247
219	1	0	0	0.0	0	False	0.3	4.5	5.0	70	NA	NA	NA	failed	early_stop_failed	4400	>46	46.72568867467342	-21	0.10720221982959892
220	1	0	0	0.0	0	False	0.3	5.0	1.1	70	NA	NA	NA	failed	early_stop_failed	4100	>46	46.84605333463272	-21	0.09848275885016829
221	1	0	0	0.0	0	False	0.3	5.0	1.5	70	NA	NA	NA	failed	early_stop_failed	4500	>46	47.04689494399341	-22	0.11675197750182745
222	1	0	0	0.0	0	False	0.3	5.0	2.0	70	NA	NA	NA	failed	early_stop_failed	4850	>46	46.53725770212659	-23	0.13028053568187303
223	1	0	0	0.0	0	False	0.3	5.0	3.0	70	NA	NA	NA	failed	early_stop_failed	4450	>46	46.59194120111591	-25	0.12394826792021904
224	1	0	0	0.0	0	False	0.3	5.0	5.0	70	NA	NA	NA	failed	early_stop_failed	4200	>46	47.02365935793682	-23	0.12502700400908404
225	1	0	0	0.0	0	False	0.35	3.0	1.1	70	NA	NA	NA	extinct	population_extinct	100000	NA	40.86428983698561	NA	NA
226	1	0	0	0.0	0	False	0.35	3.0	1.5	70	NA	NA	NA	failed	early_stop_failed	4750	>46	46.67188488339835	-23	0.12540909429188118
227	1	0	0	0.0	0	False	0.35	3.0	2.0	70	NA	NA	NA	failed	early_stop_failed	4100	>46	46.9221337552289	-22	0.10690633210813742
228	1	0	0	0.0	0	False	0.35	3.0	3.0	70	NA	NA	NA	failed	early_stop_failed	4400	>46	46.6440800430614	-24	0.11014378288137165
229	1	0	0	0.0	0	False	0.35	3.0	5.0	70	NA	NA	NA	failed	early_stop_failed	4700	>46	46.519488510364496	-23	0.12621080380184665
230	1	0	0	0.0	0	False	0.35	3.5	1.1	70	NA	NA	NA	failed	early_stop_failed	4600	>46	46.785864398907165	-22	0.11749964175061732
231	1	0	0	0.0	0	False	0.35	3.5	1.5	70	NA	NA	NA	failed	early_stop_failed	4600	>46	46.808983746629316	-24	0.120985642493359
232	1	0	0	0.0	0	False	0.35	3.5	2.0	70	NA	NA	NA	failed	early_stop_failed	4250	>46	46.86477618684927	-22	0.10914154099849263
233	1	0	0	0.0	0	False	0.35	3.5	3.0	70	NA	NA	NA	failed	early_stop_failed	4600	>46	46.81070373086341	-22	0.10275298080938797
234	1	0	0	0.0	0	False	0.35	3.5	5.0	70	NA	NA	NA	failed	early_stop_failed	4850	>46	46.60282923863766	-24	0.11501344508519111
235	1	0	0	0.0	0	False	0.35	4.0	1.1	70	NA	NA	NA	failed	early_stop_failed	4750	>46	46.613663219050174	-23	0.10602686711057623
236	1	0	0	0.0	0	False	0.35	4.0	1.5	70	NA	NA	NA	failed	early_stop_failed	4400	>46	46.7468157270317	-21	0.10342730876455107
237	1	0	0	0.0	0	False	0.35	4.0	2.0	70	NA	NA	NA	failed	early_stop_failed	4650	>46	46.77528474466846	-22	0.11412489867541707
238	1	0	0	0.0	0	False	0.35	4.0	3.0	70	NA	NA	NA	failed	early_stop_failed	4850	>46	46.90102653437869	-22	0.08991840040645399
239	1	0	0	0.0	0	False	0.35	4.0	5.0	70	NA	NA	NA	failed	early_stop_failed	4400	>46	46.71611305773578	-21	0.10823688816133287
240	1	0	0	0.0	0	False	0.35	4.5	1.1	70	NA	NA	NA	failed	early_stop_failed	4500	>46	46.734957882372676	-22	0.1274896183339359
241	1	0	0	0.0	0	False	0.35	4.5	1.5	70	NA	NA	NA	failed	early_stop_failed	4450	>46	46.879209415330244	-22	0.12821471559689285
242	1	0	0	0.0	0	False	0.35	4.5	2.0	70	NA	NA	NA	failed	early_stop_failed	5050	>46	46.56406468609174	-23	0.14060937979701965
243	1	0	0	0.0	0	False	0.35	4.5	3.0	70	NA	NA	NA	failed	early_stop_failed	4650	>46	46.54779370884027	-23	0.12428241776745017
244	1	0	0	0.0	0	False	0.35	4.5	5.0	70	NA	NA	NA	failed	early_stop_failed	4700	>46	46.64061098873889	-22	0.1262327729460861
245	1	0	0	0.0	0	False	0.35	5.0	1.1	70	NA	NA	NA	failed	early_stop_failed	4150	>46	46.88221774169348	-22	0.11535905821535775
246	1	0	0	0.0	0	False	0.35	5.0	1.5	70	NA	NA	NA	failed	early_stop_failed	5000	>46	46.58917077400584	-22	0.1245516309551761
247	1	0	0	0.0	0	False	0.35	5.0	2.0	70	NA	NA	NA	failed	early_stop_failed	4850	>46	46.64037832741413	-22	0.11750387716097445
248	1	0	0	0.0	0	False	0.35	5.0	3.0	70	NA	NA	NA	failed	early_stop_failed	4900	>46	46.91060504298959	-22	0.124852612613728
249	1	0	0	0.0	0	False	0.35	5.0	5.0	70	NA	NA	NA	failed	early_stop_failed	4600	>46	46.73649495590989	-21	0.11669563530197817
250	0	1	0	0.0	0	False	NA	NA	NA	70	0.008	30.0	NA	succeed	early_stop_succeed	6500	45.11165289892441	45.15368933915068	-26	0.12471489806837839
251	0	1	0	0.0	0	False	NA	NA	NA	70	0.008	30.0	NA	succeed	early_stop_succeed	7400	45.65991229956521	45.635198063955116	-24	0.12656165343845027
252	0	1	0	0.0	0	False	NA	NA	NA	70	0.008	30.0	NA	succeed	early_stop_succeed	5850	44.509451713912675	44.520340437370685	-26	0.17198187848802501
253	0	1	0	0.0	0	False	NA	NA	NA	70	0.008	30.0	NA	failed	early_stop_failed	8250	46.04013453312974	46.02251352381945	-25	0.12725701550354487
254	0	1	0	0.0	0	False	NA	NA	NA	70	0.008	30.0	NA	succeed	early_stop_succeed	6000	44.94427828720002	44.921135858478635	-25	0.15303296603872912
255	0	1	0	0.0	0	False	NA	NA	NA	70	0.008	30.0	NA	failed	early_stop_failed	9050	>46	46.268085599179436	-25	0.12801228307474855
256	0	1	0	0.0	0	False	NA	NA	NA	70	0.008	30.0	NA	succeed	early_stop_succeed	7500	45.48668371126878	45.486078426846476	-25	0.12459778127716209
257	0	1	0	0.0	0	False	NA	NA	NA	70	0.008	30.0	NA	succeed	early_stop_succeed	6650	45.48594466878898	45.480134168195164	-25	0.13306547445579484
258	0	1	0	0.0	0	False	NA	NA	NA	70	0.008	30.0	NA	failed	early_stop_failed	7450	>46	46.26885658014376	-22	0.09390348765524609
259	0	1	0	0.0	0	False	NA	NA	NA	70	0.008	30.0	NA	failed	early_stop_failed	7850	>46	46.28246256164867	-23	0.13416695345056712
260	0	1	0	0.0	0	False	NA	NA	NA	70	0.008	30.0	NA	failed	early_stop_failed	7500	>46	46.21473204904135	-23	0.11166559131541903
261	0	1	0	0.0	0	False	NA	NA	NA	70	0.008	30.0	NA	succeed	early_stop_succeed	7350	45.474942483783956	45.527282743183115	-26	0.12196914115384284
262	0	1	0	0.0	0	False	NA	NA	NA	70	0.008	30.0	NA	failed	early_stop_failed	8300	45.96518345604295	46.01648912701597	-24	0.11567794109741318
263	0	1	0	0.0	0	False	NA	NA	NA	70	0.008	30.0	NA	succeed	early_stop_succeed	7200	45.3306502795282	45.32502527343944	-25	0.13742964973796223
264	0	1	0	0.0	0	False	NA	NA	NA	70	0.008	30.0	NA	failed	early_stop_failed	7450	>46	46.18674941251077	-25	0.13201311188469494
265	0	1	0	0.0	0	False	NA	NA	NA	70	0.008	30.0	NA	succeed	early_stop_succeed	7450	45.56360284405491	45.605137640979564	-24	0.14878630766961598
266	0	1	0	0.0	0	False	NA	NA	NA	70	0.008	30.0	NA	failed	early_stop_failed	8700	>46	46.23235624573055	-24	0.1425757797876371
267	0	1	0	0.0	0	False	NA	NA	NA	70	0.008	30.0	NA	failed	early_stop_failed	7950	>46	46.299625660166846	-25	0.12686988221466428
268	0	1	0	0.0	0	False	NA	NA	NA	70	0.008	30.0	NA	failed	early_stop_failed	7600	>46	46.234195193953546	-23	0.1282011839391562
269	0	1	0	0.0	0	False	NA	NA	NA	70	0.008	30.0	NA	succeed	early_stop_succeed	8200	45.62509605289386	45.65655456899603	-24	0.14912729312886086
270	0	1	0	0.0	0	False	NA	NA	NA	70	0.008	30.0	NA	succeed	early_stop_succeed	8650	45.8390062319115	45.85507594860172	-23	0.10504563724448024
271	0	1	0	0.0	0	False	NA	NA	NA	70	0.008	30.0	NA	succeed	early_stop_succeed	4250	43.24707496358476	43.25531061919323	-26	0.13815422177705095
272	0	1	0	0.0	0	False	NA	NA	NA	70	0.008	30.0	NA	succeed	early_stop_succeed	7250	45.39788748722155	45.44686223963295	-25	0.12305588508923213
273	0	1	0	0.0	0	False	NA	NA	NA	70	0.008	30.0	NA	succeed	early_stop_succeed	7650	46.00224743225798	45.99261860189111	-25	0.1329049630540048
274	0	1	0	0.0	0	False	NA	NA	NA	70	0.008	30.0	NA	succeed	early_stop_succeed	5100	44.42803773150951	44.40945831198558	-25	0.12175327568202134
275	0	1	0	0.0	0	False	NA	NA	NA	70	0.008	30.0	NA	failed	early_stop_failed	7400	>46	46.17361791108185	-25	0.10265941160331982
276	0	1	0	0.0	0	False	NA	NA	NA	70	0.008	30.0	NA	succeed	early_stop_succeed	6650	45.39005455947894	45.38021679617325	-26	0.10797282428557406
277	0	1	0	0.0	0	False	NA	NA	NA	70	0.008	30.0	NA	succeed	early_stop_succeed	6250	44.468116513730386	44.44917712556641	-25	0.15181129107189661
278	0	1	0	0.0	0	False	NA	NA	NA	70	0.008	30.0	NA	failed	early_stop_failed	7450	46.10223298703976	46.12365391292921	-25	0.1104956521075628
279	0	1	0	0.0	0	False	NA	NA	NA	70	0.008	30.0	NA	succeed	early_stop_succeed	7400	45.00607556526796	45.03110535115405	-26	0.12457958141156351
280	0	1	0	0.0	0	False	NA	NA	NA	70	0.008	30.0	NA	succeed	early_stop_succeed	8050	45.459618866484895	45.489799798099746	-25	0.14941582935368802
281	0	1	0	0.0	0	False	NA	NA	NA	70	0.008	30.0	NA	failed	early_stop_failed	7450	>46	46.30831642839096	-23	0.11105504158193089
282	0	1	0	0.0	0	False	NA	NA	NA	70	0.008	30.0	NA	succeed	early_stop_succeed	6050	44.743866238106456	44.753153942998225	-24	0.11822849850041214
283	0	1	0	0.0	0	False	NA	NA	NA	70	0.008	30.0	NA	succeed	early_stop_succeed	6500	44.53562904057307	44.556907866028126	-26	0.14264138576710142
284	0	1	0	0.0	0	False	NA	NA	NA	70	0.008	30.0	NA	failed	early_stop_failed	8900	>46	46.1661945708094	-24	0.1263930085371446
285	0	1	0	0.0	0	False	NA	NA	NA	70	0.008	30.0	NA	succeed	early_stop_succeed	6850	45.36398438154911	45.41126743999603	-25	0.13154445498056094
286	0	1	0	0.0	0	False	NA	NA	NA	70	0.008	30.0	NA	succeed	early_stop_succeed	7250	45.732986187489935	45.75775666185969	-26	0.1440999140162022
287	0	1	0	0.0	0	False	NA	NA	NA	70	0.008	30.0	NA	succeed	early_stop_succeed	8500	45.67626775467302	45.66310726560376	-24	0.1285434050318747
288	0	1	0	0.0	0	False	NA	NA	NA	70	0.008	30.0	NA	succeed	early_stop_succeed	6250	44.68866788335139	44.71582801793114	-26	0.12602179675920128
289	0	1	0	0.0	0	False	NA	NA	NA	70	0.008	30.0	NA	succeed	early_stop_succeed	7550	45.20831370975527	45.239578127078474	-24	0.11253225294202242
290	0	1	0	0.0	0	False	NA	NA	NA	70	0.008	30.0	NA	failed	early_stop_failed	8450	>46	46.243095873228974	-24	0.11011783809456815
291	0	1	0	0.0	0	False	NA	NA	NA	70	0.008	30.0	NA	failed	early_stop_failed	7950	>46	46.21685011379587	-23	0.1095573154969548
292	0	1	0	0.0	0	False	NA	NA	NA	70	0.008	30.0	NA	succeed	early_stop_succeed	7100	45.559999368466414	45.51681913001669	-26	0.13452538186120258
293	0	1	0	0.0	0	False	NA	NA	NA	70	0.008	30.0	NA	succeed	early_stop_succeed	7800	45.6876418456641	45.69994866668744	-24	0.13078562863848883
294	0	1	0	0.0	0	False	NA	NA	NA	70	0.008	30.0	NA	succeed	early_stop_succeed	5400	44.05444285044307	44.07746730605462	-26	0.12784082363442098
295	0	1	0	0.0	0	False	NA	NA	NA	70	0.008	30.0	NA	failed	early_stop_failed	7850	>46	46.23750089899718	-23	0.1307186674884751
296	0	1	0	0.0	0	False	NA	NA	NA	70	0.008	30.0	NA	succeed	early_stop_succeed	7650	45.22841563421003	45.22395596307329	-25	0.1404647437802941
297	0	1	0	0.0	0	False	NA	NA	NA	70	0.008	30.0	NA	succeed	early_stop_succeed	6700	45.38870711269878	45.41495334891037	-25	0.13774275001203853
298	0	1	0	0.0	0	False	NA	NA	NA	70	0.008	30.0	NA	failed	early_stop_failed	7050	>46	46.1934406351724	-25	0.11560351641419984
299	0	1	0	0.0	0	False	NA	NA	NA	70	0.008	30.0	NA	succeed	early_stop_succeed	7700	45.61898509999359	45.60531541340853	-26	0.13287991743785674
300	0	1	0	0.0	0	False	NA	NA	NA	70	0.008	30.0	NA	failed	early_stop_failed	7750	>46	46.23387256303245	-23	0.1196043711154176
301	0	1	0	0.0	0	False	NA	NA	NA	70	0.008	30.0	NA	failed	early_stop_failed	8600	>46	46.14228441115726	-24	0.12468642939830098
302	0	1	0	0.0	0	False	NA	NA	NA	70	0.008	30.0	NA	succeed	early_stop_succeed	6250	44.936822458520325	44.91451334164402	-27	0.13090522654162076
303	0	1	0	0.0	0	False	NA	NA	NA	70	0.008	30.0	NA	succeed	early_stop_succeed	5200	44.44910749650441	44.440843335976766	-26	0.14071816783952035
304	0	1	0	0.0	0	False	NA	NA	NA	70	0.008	30.0	NA	succeed	early_stop_succeed	6550	45.06498524050821	45.11458045518639	-25	0.13299441455224362
305	0	1	0	0.0	0	False	NA	NA	NA	70	0.008	30.0	NA	succeed	early_stop_succeed	9400	45.829248919794566	45.87494025045643	-24	0.1365295946196274
306	0	1	0	0.0	0	False	NA	NA	NA	70	0.008	30.0	NA	succeed	early_stop_succeed	5450	44.35830334607161	44.35571808710683	-26	0.1248678271328298
307	0	1	0	0.0	0	False	NA	NA	NA	70	0.008	30.0	NA	failed	early_stop_failed	8600	>46	46.3632818290246	-24	0.1398540590508727
308	0	1	0	0.0	0	False	NA	NA	NA	70	0.008	30.0	NA	succeed	early_stop_succeed	7000	45.18133209681859	45.21261395876639	-26	0.1355837521801315
309	0	1	0	0.0	0	False	NA	NA	NA	70	0.008	30.0	NA	failed	early_stop_failed	8100	>46	46.23387928419575	-24	0.10760886731121552
310	0	1	0	0.0	0	False	NA	NA	NA	70	0.008	30.0	NA	succeed	early_stop_succeed	4850	43.713873375727324	43.705001894648575	-26	0.15042122352894702
311	0	1	0	0.0	0	False	NA	NA	NA	70	0.008	30.0	NA	succeed	early_stop_succeed	8650	45.889143326627284	45.901984928294134	-23	0.1131542229171683
312	0	1	0	0.0	0	False	NA	NA	NA	70	0.008	30.0	NA	succeed	early_stop_succeed	6200	45.11716574938825	45.12733383676034	-26	0.11646047038858014
313	0	1	0	0.0	0	False	NA	NA	NA	70	0.008	30.0	NA	succeed	early_stop_succeed	7950	45.56513118660353	45.58791191381007	-26	0.11393867735032036
314	0	1	0	0.0	0	False	NA	NA	NA	70	0.008	30.0	NA	succeed	early_stop_succeed	8000	45.58754472969442	45.58830616725562	-24	0.12054756728965252
315	0	1	0	0.0	0	False	NA	NA	NA	70	0.008	30.0	NA	succeed	early_stop_succeed	5400	44.23281122800442	44.26388387476705	-25	0.17212541421703617
316	0	1	0	0.0	0	False	NA	NA	NA	70	0.008	30.0	NA	succeed	early_stop_succeed	6700	44.883691257537684	44.92141447301353	-27	0.12929332967301307
317	0	1	0	0.0	0	False	NA	NA	NA	70	0.008	30.0	NA	succeed	early_stop_succeed	8000	45.71626225862338	45.723574273452705	-24	0.11272225279830574
318	0	1	0	0.0	0	False	NA	NA	NA	70	0.008	30.0	NA	succeed	early_stop_succeed	6150	45.152140940395185	45.118950876117566	-25	0.12652295546950065
319	0	1	0	0.0	0	False	NA	NA	NA	70	0.008	30.0	NA	succeed	early_stop_succeed	7550	45.75869778403484	45.796401191650695	-23	0.13811242879534938
320	0	1	0	0.0	0	False	NA	NA	NA	70	0.008	30.0	NA	succeed	early_stop_succeed	4850	43.837298384348806	43.826657220514186	-26	0.16623483176762105
321	0	1	0	0.0	0	False	NA	NA	NA	70	0.008	30.0	NA	failed	early_stop_failed	7800	>46	46.186716040070294	-25	0.11232927562508874
322	0	1	0	0.0	0	False	NA	NA	NA	70	0.008	30.0	NA	succeed	early_stop_succeed	7450	45.71761064985092	45.73414282833732	-24	0.1283172826161033
323	0	1	0	0.0	0	False	NA	NA	NA	70	0.008	30.0	NA	failed	early_stop_failed	8650	>46	46.33803105585708	-23	0.09953531359381884
324	0	1	0	0.0	0	False	NA	NA	NA	70	0.008	30.0	NA	succeed	early_stop_succeed	6350	44.811721452364075	44.81609416633775	-25	0.17461885206887154
325	0	1	0	0.0	0	False	NA	NA	NA	70	0.008	30.0	NA	failed	early_stop_failed	8600	46.019443670560015	46.0425761799473	-24	0.10790035191962734
326	0	1	0	0.0	0	False	NA	NA	NA	70	0.008	30.0	NA	succeed	early_stop_succeed	5400	44.25707527596836	44.238668753482806	-26	0.1536997409641727
327	0	1	0	0.0	0	False	NA	NA	NA	70	0.008	30.0	NA	succeed	early_stop_succeed	6800	45.35976236860657	45.38092620624861	-24	0.13362534549139363
328	0	1	0	0.0	0	False	NA	NA	NA	70	0.008	30.0	NA	succeed	early_stop_succeed	8200	45.78845443939142	45.808786420970755	-24	0.12692508571534675
329	0	1	0	0.0	0	False	NA	NA	NA	70	0.008	30.0	NA	succeed	early_stop_succeed	7800	45.86329435666694	45.84451169145858	-24	0.1328210790707416
330	0	1	0	0.0	0	False	NA	NA	NA	70	0.008	30.0	NA	succeed	early_stop_succeed	5700	44.332546278984566	44.333712050591394	-27	0.13435503533624088
331	0	1	0	0.0	0	False	NA	NA	NA	70	0.008	30.0	NA	succeed	early_stop_succeed	6250	44.94966275326316	44.93905182546115	-26	0.13246726491037514
332	0	1	0	0.0	0	False	NA	NA	NA	70	0.008	30.0	NA	succeed	early_stop_succeed	6750	45.6552407707029	45.62623880088897	-25	0.1105836223986703
333	0	1	0	0.0	0	False	NA	NA	NA	70	0.008	30.0	NA	succeed	early_stop_succeed	7300	45.32858025460736	45.39169353740918	-25	0.14301191041652214
334	0	1	0	0.0	0	False	NA	NA	NA	70	0.008	30.0	NA	failed	early_stop_failed	7300	>46	46.205421269722606	-26	0.10861305600218354
335	0	1	0	0.0	0	False	NA	NA	NA	70	0.008	30.0	NA	failed	early_stop_failed	8050	>46	46.192285753664095	-26	0.12400971492047792
336	0	1	0	0.0	0	False	NA	NA	NA	70	0.008	30.0	NA	succeed	early_stop_succeed	8100	45.64362160838021	45.64961129144744	-25	0.12387541112887966
337	0	1	0	0.0	0	False	NA	NA	NA	70	0.008	30.0	NA	succeed	early_stop_succeed	5000	44.13268111733007	44.168642875056236	-26	0.1306960008026296
338	0	1	0	0.0	0	False	NA	NA	NA	70	0.008	30.0	NA	failed	early_stop_failed	8350	>46	46.25153465161229	-22	0.1062500055024222
339	0	1	0	0.0	0	False	NA	NA	NA	70	0.008	30.0	NA	succeed	early_stop_succeed	7600	45.73313606584006	45.771550649617176	-25	0.14808342726140822
340	0	1	0	0.0	0	False	NA	NA	NA	70	0.008	30.0	NA	failed	early_stop_failed	7700	>46	46.209184499182754	-24	0.12069600490975152
341	0	1	0	0.0	0	False	NA	NA	NA	70	0.008	30.0	NA	failed	early_stop_failed	7500	46.10007576502133	46.134585292506486	-25	0.12619011318578888
342	0	1	0	0.0	0	False	NA	NA	NA	70	0.008	30.0	NA	succeed	early_stop_succeed	7500	45.748718037768775	45.771446425506156	-23	0.13418926211193635
343	0	1	0	0.0	0	False	NA	NA	NA	70	0.008	30.0	NA	succeed	early_stop_succeed	5550	44.31024375199627	44.31050195397661	-26	0.1417896321008787
344	0	1	0	0.0	0	False	NA	NA	NA	70	0.008	30.0	NA	failed	early_stop_failed	8650	>46	46.17797268157126	-24	0.11676956122765042
345	0	1	0	0.0	0	False	NA	NA	NA	70	0.008	30.0	NA	succeed	early_stop_succeed	7000	45.62388885804477	45.633412207624175	-25	0.11246887174977643
346	0	1	0	0.0	0	False	NA	NA	NA	70	0.008	30.0	NA	succeed	early_stop_succeed	8300	45.6490184050132	45.685946205521034	-26	0.11641149769525713
347	0	1	0	0.0	0	False	NA	NA	NA	70	0.008	30.0	NA	succeed	early_stop_succeed	7900	45.789139179522614	45.82027730922055	-23	0.13329113261908307
348	0	1	0	0.0	0	False	NA	NA	NA	70	0.008	30.0	NA	failed	early_stop_failed	8150	>46	46.28930480302946	-24	0.11493405631761734
349	0	1	0	0.0	0	False	NA	NA	NA	70	0.008	30.0	NA	succeed	early_stop_succeed	7900	45.686897623426354	45.69262122783079	-25	0.10608733123046164
350	0	1	0	0.0	0	False	NA	NA	NA	70	0.008	30.0	NA	succeed	early_stop_succeed	6700	45.21479765003629	45.226687702875466	-26	0.15817784253949252
351	0	1	0	0.0	0	False	NA	NA	NA	70	0.008	30.0	NA	succeed	early_stop_succeed	6050	44.93046602141222	44.94844309297675	-26	0.1039941463954699
352	0	1	0	0.0	0	False	NA	NA	NA	70	0.008	30.0	NA	failed	early_stop_failed	8100	>46	46.19951669214602	-26	0.11285670634746005
353	0	1	0	0.0	0	False	NA	NA	NA	70	0.008	30.0	NA	succeed	early_stop_succeed	7350	45.730084937200694	45.75091145563085	-25	0.13556924572029225
354	0	1	0	0.0	0	False	NA	NA	NA	70	0.008	30.0	NA	succeed	early_stop_succeed	7300	45.82785634847165	45.829890519241474	-24	0.11119674735357998
355	0	1	0	0.0	0	False	NA	NA	NA	70	0.008	30.0	NA	failed	early_stop_failed	8500	46.12003408321717	46.147133571237994	-24	0.13919649557932837
356	0	1	0	0.0	0	False	NA	NA	NA	70	0.008	30.0	NA	succeed	early_stop_succeed	6950	44.43134159063975	44.44458144664192	-25	0.1368581016429926
357	0	1	0	0.0	0	False	NA	NA	NA	70	0.008	30.0	NA	succeed	early_stop_succeed	7950	45.6047681859865	45.65503803580036	-25	0.13615055009939522
358	0	1	0	0.0	0	False	NA	NA	NA	70	0.008	30.0	NA	succeed	early_stop_succeed	7400	45.64953885772807	45.690249627952724	-24	0.12906181095639663
359	0	1	0	0.0	0	False	NA	NA	NA	70	0.008	30.0	NA	succeed	early_stop_succeed	6900	45.57426270202372	45.56951041310942	-26	0.1155506304025331
360	0	1	0	0.0	0	False	NA	NA	NA	70	0.008	30.0	NA	succeed	early_stop_succeed	6050	44.473088248517115	44.48028915832623	-25	0.14721623002505319
361	0	1	0	0.0	0	False	NA	NA	NA	70	0.008	30.0	NA	succeed	early_stop_succeed	7750	45.90821588178892	45.946124864751255	-26	0.11302292961600231
362	0	1	0	0.0	0	False	NA	NA	NA	70	0.008	30.0	NA	succeed	early_stop_succeed	7600	45.54959324278062	45.52217682092672	-24	0.13448640659158834
363	0	1	0	0.0	0	False	NA	NA	NA	70	0.008	30.0	NA	succeed	early_stop_succeed	8400	45.407436619854835	45.424527112220694	-26	0.1208253198354024
364	0	1	0	0.0	0	False	NA	NA	NA	70	0.008	30.0	NA	failed	early_stop_failed	7350	>46	46.14605385844267	-25	0.12230195402514912
365	0	1	0	0.0	0	False	NA	NA	NA	70	0.008	30.0	NA	failed	early_stop_failed	8450	>46	46.1933727353329	-25	0.1329287417644913
366	0	1	0	0.0	0	False	NA	NA	NA	70	0.008	30.0	NA	failed	early_stop_failed	8300	46.246517014236986	46.17882114561184	-23	0.1013942303154625
367	0	1	0	0.0	0	False	NA	NA	NA	70	0.008	30.0	NA	succeed	early_stop_succeed	8200	45.61098791662449	45.661573683053305	-23	0.11841193766346508
368	0	1	0	0.0	0	False	NA	NA	NA	70	0.008	30.0	NA	failed	early_stop_failed	7350	>46	46.383104341291144	-25	0.09770482006097919
369	0	1	0	0.0	0	False	NA	NA	NA	70	0.008	30.0	NA	succeed	early_stop_succeed	8000	45.50803862515591	45.568224823757454	-26	0.1109649356291635
370	0	1	0	0.0	0	False	NA	NA	NA	70	0.008	30.0	NA	failed	early_stop_failed	8600	>46	46.225614786866345	-25	0.13859717813506708
371	0	1	0	0.0	0	False	NA	NA	NA	70	0.008	30.0	NA	succeed	early_stop_succeed	8000	45.932584012025025	45.916847095899264	-26	0.12207297634878858
372	0	1	0	0.0	0	False	NA	NA	NA	70	0.008	30.0	NA	succeed	early_stop_succeed	6700	45.15160073708431	45.156638300739964	-25	0.13127674416446858
373	0	1	0	0.0	0	False	NA	NA	NA	70	0.008	30.0	NA	succeed	early_stop_succeed	6400	45.39285030083686	45.3939740287739	-25	0.13915157902150752
374	0	1	0	0.0	0	False	NA	NA	NA	70	0.008	30.0	NA	succeed	early_stop_succeed	5400	44.67151358321465	44.65398801190706	-25	0.11744439382696661
375	0	0	1	0.0	0	False	NA	NA	NA	70	NA	NA	NA	failed	early_stop_failed	4650	>46	46.53565183911404	-22	0.13987458535417946
376	0	0	1	0.0	0	False	NA	NA	NA	70	NA	NA	NA	failed	early_stop_failed	4700	>46	46.539884362826655	-22	0.1578463325199747
377	0	0	1	0.0	0	False	NA	NA	NA	70	NA	NA	NA	failed	early_stop_failed	4600	>46	46.5915527566555	-22	0.1365108572289499
378	0	0	1	0.0	0	False	NA	NA	NA	70	NA	NA	NA	failed	early_stop_failed	4600	>46	46.68166491956927	-21	0.11820113191457988
379	0	0	1	0.0	0	False	NA	NA	NA	70	NA	NA	NA	failed	early_stop_failed	4500	>46	46.488012755166025	-24	0.10747546845497949
380	0	0	1	0.0	0	False	NA	NA	NA	70	NA	NA	NA	failed	early_stop_failed	4750	>46	46.60675360149301	-22	0.11376610628477862
381	0	0	1	0.0	0	False	NA	NA	NA	70	NA	NA	NA	failed	early_stop_failed	4200	>46	46.45614179928115	-24	0.12828815382021866
382	0	0	1	0.0	0	False	NA	NA	NA	70	NA	NA	NA	failed	early_stop_failed	4600	>46	46.75996939326907	-25	0.1155854083806306
383	0	0	1	0.0	0	False	NA	NA	NA	70	NA	NA	NA	failed	early_stop_failed	5050	>46	46.51308520023523	-22	0.11187913366643289
384	0	0	1	0.0	0	False	NA	NA	NA	70	NA	NA	NA	failed	early_stop_failed	4400	>46	46.73134807372473	-24	0.12024929336629614
385	0	0	1	0.0	0	False	NA	NA	NA	70	NA	NA	NA	failed	early_stop_failed	4650	>46	46.43115461182038	-23	0.11238821139288718
386	0	0	1	0.0	0	False	NA	NA	NA	70	NA	NA	NA	failed	early_stop_failed	4050	>46	46.69484880327372	-22	0.09739495562636077
387	0	0	1	0.0	0	False	NA	NA	NA	70	NA	NA	NA	failed	early_stop_failed	4500	>46	46.69086010849208	-24	0.12153047930421193
388	0	0	1	0.0	0	False	NA	NA	NA	70	NA	NA	NA	failed	early_stop_failed	4850	>46	46.56037842677234	-24	0.14364695626175908
389	0	0	1	0.0	0	False	NA	NA	NA	70	NA	NA	NA	failed	early_stop_failed	4400	>46	46.6580996588449	-21	0.1160054081683932
390	0	0	1	0.0	0	False	NA	NA	NA	70	NA	NA	NA	failed	early_stop_failed	4400	>46	46.55095704800192	-23	0.12787966312726654
391	0	0	1	0.0	0	False	NA	NA	NA	70	NA	NA	NA	failed	early_stop_failed	4400	>46	47.002401108403205	-23	0.09797730885214467
392	0	0	1	0.0	0	False	NA	NA	NA	70	NA	NA	NA	failed	early_stop_failed	4550	>46	46.59120772999977	-23	0.14039931490994106
393	0	0	1	0.0	0	False	NA	NA	NA	70	NA	NA	NA	failed	early_stop_failed	4700	>46	46.75361736303267	-24	0.1262792892074497
394	0	0	1	0.0	0	False	NA	NA	NA	70	NA	NA	NA	failed	early_stop_failed	4750	>46	46.70984514151541	-23	0.1623640492321169
395	0	0	1	0.0	0	False	NA	NA	NA	70	NA	NA	NA	failed	early_stop_failed	4050	>46	47.040003697540094	-24	0.09904061943365847
396	0	0	1	0.0	0	False	NA	NA	NA	70	NA	NA	NA	failed	early_stop_failed	4900	>46	46.758225277963106	-23	0.13499959678226367
397	0	0	1	0.0	0	False	NA	NA	NA	70	NA	NA	NA	failed	early_stop_failed	4350	>46	46.655700737660126	-21	0.1066760772894201
398	0	0	1	0.0	0	False	NA	NA	NA	70	NA	NA	NA	failed	early_stop_failed	4650	>46	46.616348219395626	-23	0.12770282512296585
399	0	0	1	0.0	0	False	NA	NA	NA	70	NA	NA	NA	failed	early_stop_failed	4500	>46	47.049803458873825	-22	0.10988007432235058
400	0	0	1	0.0	0	False	NA	NA	NA	70	NA	NA	NA	failed	early_stop_failed	4550	>46	46.82169930156875	-22	0.11512981830313729
401	0	0	1	0.0	0	False	NA	NA	NA	70	NA	NA	NA	failed	early_stop_failed	4550	>46	46.53290928511189	-23	0.1545961403815357
402	0	0	1	0.0	0	False	NA	NA	NA	70	NA	NA	NA	failed	early_stop_failed	5050	>46	46.55046647499353	-23	0.17398816550654433
403	0	0	1	0.0	0	False	NA	NA	NA	70	NA	NA	NA	failed	early_stop_failed	3450	>46	47.93453629691357	-16	0.09476464654668022
404	0	0	1	0.0	0	False	NA	NA	NA	70	NA	NA	NA	failed	early_stop_failed	4150	>46	46.67222708817016	-24	0.12326878230934774
405	0	0	1	0.0	0	False	NA	NA	NA	70	NA	NA	NA	failed	early_stop_failed	4800	>46	46.657322360327456	-23	0.10766898879529747
406	0	0	1	0.0	0	False	NA	NA	NA	70	NA	NA	NA	failed	early_stop_failed	5050	>46	46.581159885727885	-23	0.14028755997532089
407	0	0	1	0.0	0	False	NA	NA	NA	70	NA	NA	NA	failed	early_stop_failed	4250	>46	46.69091334204439	-23	0.11576764892907596
408	0	0	1	0.0	0	False	NA	NA	NA	70	NA	NA	NA	failed	early_stop_failed	4550	>46	46.61141694247631	-23	0.1379342096356181
409	0	0	1	0.0	0	False	NA	NA	NA	70	NA	NA	NA	failed	early_stop_failed	4850	>46	46.569544745639895	-22	0.1230669469191016
410	0	0	1	0.0	0	False	NA	NA	NA	70	NA	NA	NA	failed	early_stop_failed	4450	>46	46.52138924359071	-22	0.11953981127197995
411	0	0	1	0.0	0	False	NA	NA	NA	70	NA	NA	NA	failed	early_stop_failed	4200	>46	46.535382855363046	-22	0.1375240861033566
412	0	0	1	0.0	0	False	NA	NA	NA	70	NA	NA	NA	failed	early_stop_failed	4000	>46	46.91525668543835	-19	0.08951849992668696
413	0	0	1	0.0	0	False	NA	NA	NA	70	NA	NA	NA	failed	early_stop_failed	4900	>46	46.7370999421008	-22	0.13917408745283238
414	0	0	1	0.0	0	False	NA	NA	NA	70	NA	NA	NA	failed	early_stop_failed	4650	>46	46.5903087190988	-22	0.11840439339268573
415	0	0	1	0.0	0	False	NA	NA	NA	70	NA	NA	NA	failed	early_stop_failed	4700	>46	46.493024486451056	-23	0.13365469006366637
416	0	0	1	0.0	0	False	NA	NA	NA	70	NA	NA	NA	failed	early_stop_failed	4400	>46	46.58292477422021	-21	0.11190935903353681
417	0	0	1	0.0	0	False	NA	NA	NA	70	NA	NA	NA	failed	early_stop_failed	4500	>46	46.654658597501125	-25	0.10145883830225079
418	0	0	1	0.0	0	False	NA	NA	NA	70	NA	NA	NA	failed	early_stop_failed	4650	>46	46.65916029637595	-24	0.12974103536777673
419	0	0	1	0.0	0	False	NA	NA	NA	70	NA	NA	NA	failed	early_stop_failed	4600	>46	46.652865036654404	-26	0.10193539583988667
420	0	0	1	0.0	0	False	NA	NA	NA	70	NA	NA	NA	failed	early_stop_failed	4800	>46	46.630557054955325	-21	0.12693342238601968
421	0	0	1	0.0	0	False	NA	NA	NA	70	NA	NA	NA	failed	early_stop_failed	4650	>46	46.684091137860406	-24	0.11629914463580913
422	0	0	1	0.0	0	False	NA	NA	NA	70	NA	NA	NA	failed	early_stop_failed	4500	>46	46.80287158861623	-23	0.13784285373624888
423	0	0	1	0.0	0	False	NA	NA	NA	70	NA	NA	NA	failed	early_stop_failed	3700	>46	46.75252802014721	-20	0.10250950017787913
424	0	0	1	0.0	0	False	NA	NA	NA	70	NA	NA	NA	failed	early_stop_failed	4850	>46	46.80631255474937	-23	0.10726815411549338
425	0	0	1	0.0	0	False	NA	NA	NA	70	NA	NA	NA	failed	early_stop_failed	4750	>46	46.84628624880857	-24	0.10450854927810921
426	0	0	1	0.0	0	False	NA	NA	NA	70	NA	NA	NA	failed	early_stop_failed	4450	>46	46.51450698670274	-22	0.1295612432003708
427	0	0	1	0.0	0	False	NA	NA	NA	70	NA	NA	NA	failed	early_stop_failed	4600	>46	46.42925590088444	-24	0.13154435866884984
428	0	0	1	0.0	0	False	NA	NA	NA	70	NA	NA	NA	failed	early_stop_failed	4550	>46	46.61530764984156	-23	0.12303344494931867
429	0	0	1	0.0	0	False	NA	NA	NA	70	NA	NA	NA	failed	early_stop_failed	4300	>46	46.73624161365442	-22	0.10730448182951506
430	0	0	1	0.0	0	False	NA	NA	NA	70	NA	NA	NA	failed	early_stop_failed	4250	>46	46.48181460126057	-23	0.11827892237765783
431	0	0	1	0.0	0	False	NA	NA	NA	70	NA	NA	NA	failed	early_stop_failed	4300	>46	46.75394164997222	-22	0.124310322349322
432	0	0	1	0.0	0	False	NA	NA	NA	70	NA	NA	NA	failed	early_stop_failed	4600	>46	46.626393681477175	-23	0.11577229919881217
433	0	0	1	0.0	0	False	NA	NA	NA	70	NA	NA	NA	failed	early_stop_failed	4500	>46	46.94182526907754	-22	0.10858243619559538
434	0	0	1	0.0	0	False	NA	NA	NA	70	NA	NA	NA	failed	early_stop_failed	4350	>46	46.719140048619906	-23	0.1094187420206644
435	0	0	1	0.0	0	False	NA	NA	NA	70	NA	NA	NA	failed	early_stop_failed	4400	>46	46.47461996151118	-24	0.15951331816214484
436	0	0	1	0.0	0	False	NA	NA	NA	70	NA	NA	NA	failed	early_stop_failed	4600	>46	46.9589808799958	-23	0.11225438201370253
437	0	0	1	0.0	0	False	NA	NA	NA	70	NA	NA	NA	failed	early_stop_failed	5100	>46	46.74857993635425	-25	0.1143879518580112
438	0	0	1	0.0	0	False	NA	NA	NA	70	NA	NA	NA	failed	early_stop_failed	4850	>46	46.78430535414208	-22	0.11353392154528211
439	0	0	1	0.0	0	False	NA	NA	NA	70	NA	NA	NA	failed	early_stop_failed	4800	>46	46.64621493586979	-24	0.13360000505176794
440	0	0	1	0.0	0	False	NA	NA	NA	70	NA	NA	NA	failed	early_stop_failed	4450	>46	46.50303336240374	-23	0.12659726147416556
441	0	0	1	0.0	0	False	NA	NA	NA	70	NA	NA	NA	failed	early_stop_failed	4500	>46	46.60645411665055	-22	0.11390274262089457
442	0	0	1	0.0	0	False	NA	NA	NA	70	NA	NA	NA	failed	early_stop_failed	4250	>46	46.65223366603698	-20	0.11411506442225457
443	0	0	1	0.0	0	False	NA	NA	NA	70	NA	NA	NA	failed	early_stop_failed	4850	>46	46.55149818619052	-22	0.1404850831298916
444	0	0	1	0.0	0	False	NA	NA	NA	70	NA	NA	NA	failed	early_stop_failed	4350	>46	46.67352385532134	-23	0.10775790349876235
445	0	0	1	0.0	0	False	NA	NA	NA	70	NA	NA	NA	failed	early_stop_failed	4550	>46	46.55588505777153	-24	0.1336370928950613
446	0	0	1	0.0	0	False	NA	NA	NA	70	NA	NA	NA	failed	early_stop_failed	4850	>46	46.70941063393581	-22	0.1290703893835562
447	0	0	1	0.0	0	False	NA	NA	NA	70	NA	NA	NA	failed	early_stop_failed	4650	>46	46.493200443172746	-22	0.13572481010404322
448	0	0	1	0.0	0	False	NA	NA	NA	70	NA	NA	NA	failed	early_stop_failed	4500	>46	46.665910649287575	-23	0.12233260230877364
449	0	0	1	0.0	0	False	NA	NA	NA	70	NA	NA	NA	failed	early_stop_failed	4350	>46	46.730888048129756	-22	0.12012758244745647
450	0	0	1	0.0	0	False	NA	NA	NA	70	NA	NA	NA	failed	early_stop_failed	4650	>46	46.7088839873018	-24	0.12778633257899746
451	0	0	1	0.0	0	False	NA	NA	NA	70	NA	NA	NA	failed	early_stop_failed	4600	>46	46.75954924220426	-22	0.12838367305642728
452	0	0	1	0.0	0	False	NA	NA	NA	70	NA	NA	NA	failed	early_stop_failed	4300	>46	46.78932633408782	-23	0.12299820885962724
453	0	0	1	0.0	0	False	NA	NA	NA	70	NA	NA	NA	failed	early_stop_failed	5050	>46	46.752552596488776	-23	0.10701121973158219
454	0	0	1	0.0	0	False	NA	NA	NA	70	NA	NA	NA	failed	early_stop_failed	3950	>46	46.79566120902596	-20	0.10687840551473916
455	0	0	1	0.0	0	False	NA	NA	NA	70	NA	NA	NA	failed	early_stop_failed	4650	>46	46.7464412187067	-24	0.12371420544148176
456	0	0	1	0.0	0	False	NA	NA	NA	70	NA	NA	NA	failed	early_stop_failed	4500	>46	46.6890584697061	-20	0.1245508607961372
457	0	0	1	0.0	0	False	NA	NA	NA	70	NA	NA	NA	failed	early_stop_failed	4400	>46	46.7700587224019	-24	0.10479232091337665
458	0	0	1	0.0	0	False	NA	NA	NA	70	NA	NA	NA	failed	early_stop_failed	4300	>46	46.62717510404042	-23	0.13775619194125233
459	0	0	1	0.0	0	False	NA	NA	NA	70	NA	NA	NA	failed	early_stop_failed	4800	>46	46.615863269357135	-23	0.12131390508093601
460	0	0	1	0.0	0	False	NA	NA	NA	70	NA	NA	NA	failed	early_stop_failed	5000	>46	46.65430917861103	-23	0.12822891118461788
461	0	0	1	0.0	0	False	NA	NA	NA	70	NA	NA	NA	failed	early_stop_failed	4850	>46	46.64121690696938	-21	0.12885228205682409
462	0	0	1	0.0	0	False	NA	NA	NA	70	NA	NA	NA	failed	early_stop_failed	4800	>46	46.54226988459101	-23	0.13355320340134993
463	0	0	1	0.0	0	False	NA	NA	NA	70	NA	NA	NA	failed	early_stop_failed	4750	>46	46.73201065542725	-24	0.1201323935322283
464	0	0	1	0.0	0	False	NA	NA	NA	70	NA	NA	NA	failed	early_stop_failed	4850	>46	46.4543156183226	-23	0.14219238951903
465	0	0	1	0.0	0	False	NA	NA	NA	70	NA	NA	NA	failed	early_stop_failed	4450	>46	46.535361756220894	-23	0.12928214820332773
466	0	0	1	0.0	0	False	NA	NA	NA	70	NA	NA	NA	failed	early_stop_failed	4250	>46	46.848094516832745	-24	0.11455455540843476
467	0	0	1	0.0	0	False	NA	NA	NA	70	NA	NA	NA	failed	early_stop_failed	4350	>46	46.93423777028518	-21	0.11588050376887775
468	0	0	1	0.0	0	False	NA	NA	NA	70	NA	NA	NA	failed	early_stop_failed	4050	>46	46.778598663054844	-23	0.11522524354776553
469	0	0	1	0.0	0	False	NA	NA	NA	70	NA	NA	NA	failed	early_stop_failed	4150	>46	47.123390923724585	-22	0.08855802223729382
470	0	0	1	0.0	0	False	NA	NA	NA	70	NA	NA	NA	failed	early_stop_failed	4600	>46	46.736377245268415	-22	0.12609388247870024
471	0	0	1	0.0	0	False	NA	NA	NA	70	NA	NA	NA	failed	early_stop_failed	4500	>46	47.11773253130338	-19	0.08858176993407105
472	0	0	1	0.0	0	False	NA	NA	NA	70	NA	NA	NA	failed	early_stop_failed	4600	>46	46.79384489007746	-23	0.11375392761463593
473	0	0	1	0.0	0	False	NA	NA	NA	70	NA	NA	NA	failed	early_stop_failed	4850	>46	46.63482405486261	-24	0.12098258435126824
474	0	0	1	0.0	0	False	NA	NA	NA	70	NA	NA	NA	failed	early_stop_failed	3850	>46	46.86433486938085	-23	0.10355322801139161
475	0	0	1	0.0	0	False	NA	NA	NA	70	NA	NA	NA	failed	early_stop_failed	4400	>46	46.533516533965994	-24	0.11175230896468676
476	0	0	1	0.0	0	False	NA	NA	NA	70	NA	NA	NA	failed	early_stop_failed	4200	>46	46.430963651564134	-23	0.13264525643708336
477	0	0	1	0.0	0	False	NA	NA	NA	70	NA	NA	NA	failed	early_stop_failed	3950	>46	46.87264483695404	-24	0.12259733919313634
478	0	0	1	0.0	0	False	NA	NA	NA	70	NA	NA	NA	failed	early_stop_failed	4750	>46	46.994428310431935	-22	0.10397810643537256
479	0	0	1	0.0	0	False	NA	NA	NA	70	NA	NA	NA	failed	early_stop_failed	4250	>46	46.70133498728865	-24	0.11898922873783975
480	0	0	1	0.0	0	False	NA	NA	NA	70	NA	NA	NA	failed	early_stop_failed	4800	>46	46.60404266099661	-24	0.13946439484907902
481	0	0	1	0.0	0	False	NA	NA	NA	70	NA	NA	NA	failed	early_stop_failed	4800	>46	46.725295698925066	-25	0.11621916375555971
482	0	0	1	0.0	0	False	NA	NA	NA	70	NA	NA	NA	failed	early_stop_failed	4350	>46	46.69574344960783	-21	0.12071277371880142
483	0	0	1	0.0	0	False	NA	NA	NA	70	NA	NA	NA	failed	early_stop_failed	4850	>46	46.69509698100052	-22	0.1349079375881251
484	0	0	1	0.0	0	False	NA	NA	NA	70	NA	NA	NA	failed	early_stop_failed	4300	>46	46.62613480650309	-22	0.1270993223031544
485	0	0	1	0.0	0	False	NA	NA	NA	70	NA	NA	NA	failed	early_stop_failed	5000	>46	46.41724388899918	-23	0.14712333651711493
486	0	0	1	0.0	0	False	NA	NA	NA	70	NA	NA	NA	failed	early_stop_failed	4850	>46	46.537007826091354	-23	0.12655345478490815
487	0	0	1	0.0	0	False	NA	NA	NA	70	NA	NA	NA	failed	early_stop_failed	4750	>46	46.596945954713654	-22	0.12717926811309288
488	0	0	1	0.0	0	False	NA	NA	NA	70	NA	NA	NA	failed	early_stop_failed	5050	>46	46.569030946881526	-23	0.13826052053067556
489	0	0	1	0.0	0	False	NA	NA	NA	70	NA	NA	NA	failed	early_stop_failed	4800	>46	46.64141751394234	-23	0.1483094135568588
490	0	0	1	0.0	0	False	NA	NA	NA	70	NA	NA	NA	failed	early_stop_failed	4550	>46	46.66368203659193	-25	0.12333487509495492
491	0	0	1	0.0	0	False	NA	NA	NA	70	NA	NA	NA	failed	early_stop_failed	4400	>46	46.580562530793	-24	0.12153486184353636
492	0	0	1	0.0	0	False	NA	NA	NA	70	NA	NA	NA	failed	early_stop_failed	4350	>46	46.601159360255444	-23	0.11004609604611076
493	0	0	1	0.0	0	False	NA	NA	NA	70	NA	NA	NA	failed	early_stop_failed	4550	>46	46.63941794124863	-23	0.1604364684137051
494	0	0	1	0.0	0	False	NA	NA	NA	70	NA	NA	NA	failed	early_stop_failed	4800	>46	46.66518415002828	-24	0.12076535825060346
495	0	0	1	0.0	0	False	NA	NA	NA	70	NA	NA	NA	failed	early_stop_failed	4800	>46	46.46881592476973	-23	0.11906064407313399
496	0	0	1	0.0	0	False	NA	NA	NA	70	NA	NA	NA	failed	early_stop_failed	4200	>46	46.912033718254996	-21	0.09647544907852733
497	0	0	1	0.0	0	False	NA	NA	NA	70	NA	NA	NA	failed	early_stop_failed	4700	>46	46.56034785781911	-23	0.11949728753188554
498	0	0	1	0.0	0	False	NA	NA	NA	70	NA	NA	NA	failed	early_stop_failed	4750	>46	46.45334622131988	-22	0.1174750891414429
499	0	0	1	0.0	0	False	NA	NA	NA	70	NA	NA	NA	failed	early_stop_failed	4450	>46	46.59073031764632	-24	0.1288852470082255
500	1	1	0	0.0	0	False	0.15	3.0	1.1	70	0.008	30.0	NA	succeed	early_stop_succeed	7100	43.89697431085495	43.87316528355908	-25	0.11574726447797765
501	1	1	0	0.0	0	False	0.15	3.0	1.5	70	0.008	30.0	NA	succeed	early_stop_succeed	6700	43.28801265794366	43.310193254945105	-26	0.1307495463655358
502	1	1	0	0.0	0	False	0.15	3.0	2.0	70	0.008	30.0	NA	succeed	early_stop_succeed	8350	45.30077897115189	45.27961126178255	-25	0.12262213797253323
503	1	1	0	0.0	0	False	0.15	3.0	3.0	70	0.008	30.0	NA	succeed	early_stop_succeed	5400	42.84165596560496	42.82225349801075	-27	0.14765881174678602
504	1	1	0	0.0	0	False	0.15	3.0	5.0	70	0.008	30.0	NA	succeed	early_stop_succeed	5800	43.72865537237515	43.71322504166866	-25	0.12547973611623203
505	1	1	0	0.0	0	False	0.15	3.5	1.1	70	0.008	30.0	NA	succeed	early_stop_succeed	7300	43.51547430693504	43.51829256644637	-27	0.13570516735940974
506	1	1	0	0.0	0	False	0.15	3.5	1.5	70	0.008	30.0	NA	succeed	early_stop_succeed	5250	42.49275173418576	42.507288463053946	-28	0.12477099648017864
507	1	1	0	0.0	0	False	0.15	3.5	2.0	70	0.008	30.0	NA	succeed	early_stop_succeed	5900	43.476833008343256	43.48132607429441	-28	0.12292885944369888
508	1	1	0	0.0	0	False	0.15	3.5	3.0	70	0.008	30.0	NA	succeed	early_stop_succeed	6600	44.47928345803127	44.50985644294418	-26	0.10148065188847602
509	1	1	0	0.0	0	False	0.15	3.5	5.0	70	0.008	30.0	NA	succeed	early_stop_succeed	7000	44.910658354460594	44.922405690902075	-25	0.1375647954128933
510	1	1	0	0.0	0	False	0.15	4.0	1.1	70	0.008	30.0	NA	succeed	early_stop_succeed	6450	43.66963189967879	43.71070334206877	-28	0.1215094200361457
511	1	1	0	0.0	0	False	0.15	4.0	1.5	70	0.008	30.0	NA	succeed	early_stop_succeed	6400	43.8016065904508	43.808971250048344	-25	0.1136897436540376
512	1	1	0	0.0	0	False	0.15	4.0	2.0	70	0.008	30.0	NA	succeed	early_stop_succeed	6150	44.35059563026931	44.316546401274074	-26	0.14215683819821703
513	1	1	0	0.0	0	False	0.15	4.0	3.0	70	0.008	30.0	NA	succeed	early_stop_succeed	6400	44.28092418570713	44.300449650063264	-26	0.14463085498946163
514	1	1	0	0.0	0	False	0.15	4.0	5.0	70	0.008	30.0	NA	succeed	early_stop_succeed	8150	45.41569130652953	45.41797100208838	-25	0.12193764558344021
515	1	1	0	0.0	0	False	0.15	4.5	1.1	70	0.008	30.0	NA	succeed	early_stop_succeed	6250	43.40086617399799	43.405490178124424	-27	0.1329577528810654
516	1	1	0	0.0	0	False	0.15	4.5	1.5	70	0.008	30.0	NA	succeed	early_stop_succeed	8150	45.6372491454394	45.63125879618108	-25	0.13259840811376172
517	1	1	0	0.0	0	False	0.15	4.5	2.0	70	0.008	30.0	NA	succeed	early_stop_succeed	8000	45.53763347098315	45.543074129752796	-26	0.12214311527573919
518	1	1	0	0.0	0	False	0.15	4.5	3.0	70	0.008	30.0	NA	failed	early_stop_failed	8250	>46	46.201377742726486	-24	0.13254629860083111
519	1	1	0	0.0	0	False	0.15	4.5	5.0	70	0.008	30.0	NA	succeed	early_stop_succeed	8750	45.70414029465981	45.738187062070416	-23	0.13283491048766805
520	1	1	0	0.0	0	False	0.15	5.0	1.1	70	0.008	30.0	NA	succeed	early_stop_succeed	8700	45.54290427454837	45.52564927774012	-27	0.1055060807346456
521	1	1	0	0.0	0	False	0.15	5.0	1.5	70	0.008	30.0	NA	succeed	early_stop_succeed	6550	44.48398578529757	44.46333777526682	-27	0.13321793341159022
522	1	1	0	0.0	0	False	0.15	5.0	2.0	70	0.008	30.0	NA	succeed	early_stop_succeed	7950	45.5466432525719	45.55355250911231	-24	0.1266597655281014
523	1	1	0	0.0	0	False	0.15	5.0	3.0	70	0.008	30.0	NA	succeed	early_stop_succeed	7300	45.70077881696402	45.698299964123535	-26	0.12002581908293557
524	1	1	0	0.0	0	False	0.15	5.0	5.0	70	0.008	30.0	NA	succeed	early_stop_succeed	7650	45.442589181415855	45.46037866373728	-25	0.12738308100749282
525	1	1	0	0.0	0	False	0.2	3.0	1.1	70	0.008	30.0	NA	succeed	early_stop_succeed	6600	43.266211164015374	43.28576918249403	-26	0.12532408566383954
526	1	1	0	0.0	0	False	0.2	3.0	1.5	70	0.008	30.0	NA	succeed	early_stop_succeed	5200	42.67024919676985	42.67135507293971	-27	0.13582142658476715
527	1	1	0	0.0	0	False	0.2	3.0	2.0	70	0.008	30.0	NA	succeed	early_stop_succeed	6350	43.57037762170561	43.534750880697736	-26	0.12584278616902508
528	1	1	0	0.0	0	False	0.2	3.0	3.0	70	0.008	30.0	NA	succeed	early_stop_succeed	5300	43.67101950153357	43.642853304462	-27	0.12112490560027615
529	1	1	0	0.0	0	False	0.2	3.0	5.0	70	0.008	30.0	NA	succeed	early_stop_succeed	7700	44.68069657303294	44.62697429737856	-27	0.10965927544412796
530	1	1	0	0.0	0	False	0.2	3.5	1.1	70	0.008	30.0	NA	succeed	early_stop_succeed	8350	44.196232517738046	44.2495921828871	-26	0.1293543445793962
531	1	1	0	0.0	0	False	0.2	3.5	1.5	70	0.008	30.0	NA	succeed	early_stop_succeed	10000	44.89945445124035	44.91457223168263	-25	0.13971248570299047
532	1	1	0	0.0	0	False	0.2	3.5	2.0	70	0.008	30.0	NA	succeed	early_stop_succeed	9250	44.80570316594105	44.812886594951095	-24	0.11009316233882002
533	1	1	0	0.0	0	False	0.2	3.5	3.0	70	0.008	30.0	NA	succeed	early_stop_succeed	6500	44.341923714196724	44.3367949681068	-25	0.12647874153921274
534	1	1	0	0.0	0	False	0.2	3.5	5.0	70	0.008	30.0	NA	succeed	early_stop_succeed	5400	43.28109855566618	43.24173911059796	-27	0.12842615305093502
535	1	1	0	0.0	0	False	0.2	4.0	1.1	70	0.008	30.0	NA	succeed	early_stop_succeed	2600	40.8475931166178	40.848102714974125	-30	0.20965799925672324
536	1	1	0	0.0	0	False	0.2	4.0	1.5	70	0.008	30.0	NA	succeed	early_stop_succeed	7400	44.101466560638855	44.1185987077368	-25	0.11653322775621928
537	1	1	0	0.0	0	False	0.2	4.0	2.0	70	0.008	30.0	NA	succeed	early_stop_succeed	7250	44.320445569966665	44.385794549492246	-27	0.11249658050019516
538	1	1	0	0.0	0	False	0.2	4.0	3.0	70	0.008	30.0	NA	succeed	early_stop_succeed	6750	44.72274827079363	44.70605879106939	-24	0.12245064380182043
539	1	1	0	0.0	0	False	0.2	4.0	5.0	70	0.008	30.0	NA	succeed	early_stop_succeed	5550	44.008031976073156	44.0283348800965	-26	0.14452649002250487
540	1	1	0	0.0	0	False	0.2	4.5	1.1	70	0.008	30.0	NA	succeed	early_stop_succeed	7200	44.27201808844894	44.31015526513394	-24	0.10159180494268526
541	1	1	0	0.0	0	False	0.2	4.5	1.5	70	0.008	30.0	NA	succeed	early_stop_succeed	6850	44.449284946487886	44.40553455705542	-26	0.09473641266068963
542	1	1	0	0.0	0	False	0.2	4.5	2.0	70	0.008	30.0	NA	succeed	early_stop_succeed	7350	44.73167567537501	44.72033506417427	-26	0.11652722790060265
543	1	1	0	0.0	0	False	0.2	4.5	3.0	70	0.008	30.0	NA	succeed	early_stop_succeed	5300	43.78086254703664	43.77694119573402	-26	0.1285874051321523
544	1	1	0	0.0	0	False	0.2	4.5	5.0	70	0.008	30.0	NA	failed	early_stop_failed	7800	>46	46.13289266184573	-24	0.11169894187791933
545	1	1	0	0.0	0	False	0.2	5.0	1.1	70	0.008	30.0	NA	succeed	early_stop_succeed	2000	40.5564337850414	40.509311042886544	-30	0.23162134484032643
546	1	1	0	0.0	0	False	0.2	5.0	1.5	70	0.008	30.0	NA	failed	early_stop_failed	8750	>46	46.293704304341134	-25	0.11315265153479247
547	1	1	0	0.0	0	False	0.2	5.0	2.0	70	0.008	30.0	NA	succeed	early_stop_succeed	7050	45.19005773523615	45.22719396285105	-24	0.1056376681322665
548	1	1	0	0.0	0	False	0.2	5.0	3.0	70	0.008	30.0	NA	succeed	early_stop_succeed	7550	45.617476068565814	45.635647773671735	-24	0.1501099204157489
549	1	1	0	0.0	0	False	0.2	5.0	5.0	70	0.008	30.0	NA	succeed	early_stop_succeed	7050	45.937050891994986	45.983025292669566	-24	0.11663787806819537
550	1	1	0	0.0	0	False	0.25	3.0	1.1	70	0.008	30.0	NA	extinct	population_extinct	100000	NA	41.374905165310025	NA	NA
551	1	1	0	0.0	0	False	0.25	3.0	1.5	70	0.008	30.0	NA	succeed	early_stop_succeed	6600	43.10165127262609	43.107470956911754	-27	0.12798307656606137
552	1	1	0	0.0	0	False	0.25	3.0	2.0	70	0.008	30.0	NA	succeed	early_stop_succeed	7650	44.10660379294621	44.14027636473816	-25	0.12982505560110236
553	1	1	0	0.0	0	False	0.25	3.0	3.0	70	0.008	30.0	NA	succeed	early_stop_succeed	8600	44.99959701005221	45.026142655144476	-24	0.12759362979692784
554	1	1	0	0.0	0	False	0.25	3.0	5.0	70	0.008	30.0	NA	succeed	early_stop_succeed	8150	45.09262345309104	45.061093318134546	-27	0.11605532517449452
555	1	1	0	0.0	0	False	0.25	3.5	1.1	70	0.008	30.0	NA	succeed	early_stop_succeed	6200	42.73074492282204	42.73432568876365	-27	0.14529910556144515
556	1	1	0	0.0	0	False	0.25	3.5	1.5	70	0.008	30.0	NA	succeed	early_stop_succeed	6100	43.52120118943131	43.50029838924727	-28	0.1208173727961465
557	1	1	0	0.0	0	False	0.25	3.5	2.0	70	0.008	30.0	NA	succeed	early_stop_succeed	7200	44.14620002193349	44.11735976994395	-27	0.13024998372843682
558	1	1	0	0.0	0	False	0.25	3.5	3.0	70	0.008	30.0	NA	succeed	early_stop_succeed	4700	42.56471730518349	42.572839340151916	-27	0.11836053459788269
559	1	1	0	0.0	0	False	0.25	3.5	5.0	70	0.008	30.0	NA	succeed	early_stop_succeed	6600	43.67997610656295	43.6736220988242	-27	0.13724068592617164
560	1	1	0	0.0	0	False	0.25	4.0	1.1	70	0.008	30.0	NA	succeed	early_stop_succeed	5650	42.75831360373842	42.732747491126894	-27	0.14070049636827284
561	1	1	0	0.0	0	False	0.25	4.0	1.5	70	0.008	30.0	NA	succeed	early_stop_succeed	5100	42.97354317788817	42.95481229862131	-27	0.10428252978512298
562	1	1	0	0.0	0	False	0.25	4.0	2.0	70	0.008	30.0	NA	succeed	early_stop_succeed	6000	43.759777523385964	43.79558254458376	-26	0.16581220772160335
563	1	1	0	0.0	0	False	0.25	4.0	3.0	70	0.008	30.0	NA	succeed	early_stop_succeed	5050	43.242149086541446	43.22229043649559	-27	0.1520178753520469
564	1	1	0	0.0	0	False	0.25	4.0	5.0	70	0.008	30.0	NA	succeed	early_stop_succeed	7350	45.12714228215445	45.09960104001654	-25	0.11413957842854203
565	1	1	0	0.0	0	False	0.25	4.5	1.1	70	0.008	30.0	NA	succeed	early_stop_succeed	8650	44.61958202378135	44.630490618409894	-25	0.0985278768170362
566	1	1	0	0.0	0	False	0.25	4.5	1.5	70	0.008	30.0	NA	succeed	early_stop_succeed	7550	44.51008185757557	44.49428351649797	-25	0.14242410988169926
567	1	1	0	0.0	0	False	0.25	4.5	2.0	70	0.008	30.0	NA	succeed	early_stop_succeed	5300	43.36572186509592	43.36121479082909	-26	0.13956454084722916
568	1	1	0	0.0	0	False	0.25	4.5	3.0	70	0.008	30.0	NA	succeed	early_stop_succeed	5750	44.48018415855271	44.47343306410389	-26	0.12014321816363634
569	1	1	0	0.0	0	False	0.25	4.5	5.0	70	0.008	30.0	NA	succeed	early_stop_succeed	7100	45.04720951997294	45.06266708660508	-25	0.13047213901394078
570	1	1	0	0.0	0	False	0.25	5.0	1.1	70	0.008	30.0	NA	succeed	early_stop_succeed	3550	41.589027486427966	41.57653941282451	-28	0.15751772269819425
571	1	1	0	0.0	0	False	0.25	5.0	1.5	70	0.008	30.0	NA	succeed	early_stop_succeed	6500	44.17162895467062	44.143127922371875	-25	0.13145065203778297
572	1	1	0	0.0	0	False	0.25	5.0	2.0	70	0.008	30.0	NA	succeed	early_stop_succeed	7500	45.37995656499825	45.37428636598225	-24	0.13263039315963465
573	1	1	0	0.0	0	False	0.25	5.0	3.0	70	0.008	30.0	NA	failed	early_stop_failed	9050	>46	46.344900105495135	-25	0.1048493393363548
574	1	1	0	0.0	0	False	0.25	5.0	5.0	70	0.008	30.0	NA	succeed	early_stop_succeed	8050	45.49549406416575	45.533131827168766	-24	0.1298336064162778
575	1	1	0	0.0	0	False	0.3	3.0	1.1	70	0.008	30.0	NA	extinct	population_extinct	100000	NA	38.111553030303035	NA	NA
576	1	1	0	0.0	0	False	0.3	3.0	1.5	70	0.008	30.0	NA	succeed	early_stop_succeed	6750	43.35808032407707	43.35266265147745	-26	0.12117018205282717
577	1	1	0	0.0	0	False	0.3	3.0	2.0	70	0.008	30.0	NA	succeed	early_stop_succeed	6800	43.828267587141056	43.87877245483638	-26	0.10118714262249098
578	1	1	0	0.0	0	False	0.3	3.0	3.0	70	0.008	30.0	NA	succeed	early_stop_succeed	8100	44.90847426891967	44.94947735614002	-24	0.12904342785726824
579	1	1	0	0.0	0	False	0.3	3.0	5.0	70	0.008	30.0	NA	succeed	early_stop_succeed	6000	43.48221783376478	43.51324336056571	-26	0.1324699658792251
580	1	1	0	0.0	0	False	0.3	3.5	1.1	70	0.008	30.0	NA	succeed	early_stop_succeed	5250	42.162793315734895	42.2107872109491	-29	0.15378747409679755
581	1	1	0	0.0	0	False	0.3	3.5	1.5	70	0.008	30.0	NA	succeed	early_stop_succeed	2700	40.602590578048456	40.60956638242469	-30	0.16627709719290468
582	1	1	0	0.0	0	False	0.3	3.5	2.0	70	0.008	30.0	NA	succeed	early_stop_succeed	5500	43.39920915331498	43.395841973294154	-28	0.11419004209848717
583	1	1	0	0.0	0	False	0.3	3.5	3.0	70	0.008	30.0	NA	succeed	early_stop_succeed	5350	43.404773980663464	43.36883030671803	-28	0.11950031871419035
584	1	1	0	0.0	0	False	0.3	3.5	5.0	70	0.008	30.0	NA	succeed	early_stop_succeed	7750	44.91359634493155	44.911880347020066	-27	0.1118811875958746
585	1	1	0	0.0	0	False	0.3	4.0	1.1	70	0.008	30.0	NA	succeed	early_stop_succeed	8200	43.771068406066426	43.79662386424335	-26	0.11810212290660915
586	1	1	0	0.0	0	False	0.3	4.0	1.5	70	0.008	30.0	NA	succeed	early_stop_succeed	3750	41.3426969903204	41.34494875337285	-28	0.15627909064331444
587	1	1	0	0.0	0	False	0.3	4.0	2.0	70	0.008	30.0	NA	succeed	early_stop_succeed	6100	43.566981524765524	43.564341472010604	-26	0.11071572555431468
588	1	1	0	0.0	0	False	0.3	4.0	3.0	70	0.008	30.0	NA	succeed	early_stop_succeed	6350	44.13393166779636	44.118533146253085	-26	0.13423428111416288
589	1	1	0	0.0	0	False	0.3	4.0	5.0	70	0.008	30.0	NA	succeed	early_stop_succeed	6550	44.34308498477513	44.29641478135412	-25	0.1347800205483784
590	1	1	0	0.0	0	False	0.3	4.5	1.1	70	0.008	30.0	NA	succeed	early_stop_succeed	4750	41.766417742525036	41.79020726232564	-30	0.134074114522033
591	1	1	0	0.0	0	False	0.3	4.5	1.5	70	0.008	30.0	NA	succeed	early_stop_succeed	6500	44.09589861768262	44.08814293321377	-25	0.11494242772105792
592	1	1	0	0.0	0	False	0.3	4.5	2.0	70	0.008	30.0	NA	succeed	early_stop_succeed	9350	45.85504999038416	45.84602099302478	-22	0.12810045092999656
593	1	1	0	0.0	0	False	0.3	4.5	3.0	70	0.008	30.0	NA	succeed	early_stop_succeed	8450	45.754032954740495	45.73899314113053	-24	0.13728705598743085
594	1	1	0	0.0	0	False	0.3	4.5	5.0	70	0.008	30.0	NA	succeed	early_stop_succeed	8550	45.8668494021526	45.87622619340087	-24	0.1264079341145684
595	1	1	0	0.0	0	False	0.3	5.0	1.1	70	0.008	30.0	NA	succeed	early_stop_succeed	6050	43.235968796301655	43.208345454238874	-27	0.14294044687027985
596	1	1	0	0.0	0	False	0.3	5.0	1.5	70	0.008	30.0	NA	succeed	early_stop_succeed	6250	44.20374535202427	44.20296051403982	-26	0.11730440309747733
597	1	1	0	0.0	0	False	0.3	5.0	2.0	70	0.008	30.0	NA	succeed	early_stop_succeed	7900	45.40991416903518	45.40013738141018	-26	0.12717195588090477
598	1	1	0	0.0	0	False	0.3	5.0	3.0	70	0.008	30.0	NA	failed	early_stop_failed	8150	>46	46.20002318005679	-23	0.12297262750052454
599	1	1	0	0.0	0	False	0.3	5.0	5.0	70	0.008	30.0	NA	failed	early_stop_failed	7400	45.990483733131356	46.0806581124413	-24	0.11558056220959154
600	1	1	0	0.0	0	False	0.35	3.0	1.1	70	0.008	30.0	NA	extinct	population_extinct	100000	NA	NA	NA	NA
601	1	1	0	0.0	0	False	0.35	3.0	1.5	70	0.008	30.0	NA	succeed	early_stop_succeed	5450	43.12297229509952	43.18622660566632	-27	0.10335608358421895
602	1	1	0	0.0	0	False	0.35	3.0	2.0	70	0.008	30.0	NA	succeed	early_stop_succeed	7550	44.00979080798208	44.02367421667263	-25	0.10830274662797942
603	1	1	0	0.0	0	False	0.35	3.0	3.0	70	0.008	30.0	NA	succeed	early_stop_succeed	9450	45.40386657291745	45.423688623902656	-24	0.09294858087513409
604	1	1	0	0.0	0	False	0.35	3.0	5.0	70	0.008	30.0	NA	succeed	early_stop_succeed	7400	44.64106139650848	44.66182839268048	-25	0.1448995702905635
605	1	1	0	0.0	0	False	0.35	3.5	1.1	70	0.008	30.0	NA	extinct	population_extinct	100000	NA	NA	NA	NA
606	1	1	0	0.0	0	False	0.35	3.5	1.5	70	0.008	30.0	NA	succeed	early_stop_succeed	6350	43.12076993433481	43.145693779892696	-27	0.10579351706211852
607	1	1	0	0.0	0	False	0.35	3.5	2.0	70	0.008	30.0	NA	succeed	early_stop_succeed	6350	43.15321184877464	43.20083500555695	-27	0.13625851179479564
608	1	1	0	0.0	0	False	0.35	3.5	3.0	70	0.008	30.0	NA	succeed	early_stop_succeed	6650	43.92567947577905	43.944749218443114	-27	0.13225612138009427
609	1	1	0	0.0	0	False	0.35	3.5	5.0	70	0.008	30.0	NA	succeed	early_stop_succeed	6950	44.965172532721134	44.994760742122864	-27	0.10564151523391103
610	1	1	0	0.0	0	False	0.35	4.0	1.1	70	0.008	30.0	NA	succeed	early_stop_succeed	6900	43.526760489535356	43.50682333482806	-27	0.11193538569461453
611	1	1	0	0.0	0	False	0.35	4.0	1.5	70	0.008	30.0	NA	succeed	early_stop_succeed	8650	44.288356944088235	44.28985513203391	-26	0.12459358542897613
612	1	1	0	0.0	0	False	0.35	4.0	2.0	70	0.008	30.0	NA	succeed	early_stop_succeed	7450	44.49129836728698	44.50766374558264	-25	0.10935115516409838
613	1	1	0	0.0	0	False	0.35	4.0	3.0	70	0.008	30.0	NA	succeed	early_stop_succeed	8850	45.22826647330864	45.24064355968523	-25	0.11608876630198856
614	1	1	0	0.0	0	False	0.35	4.0	5.0	70	0.008	30.0	NA	succeed	early_stop_succeed	6400	44.497398154241324	44.49091124414039	-27	0.12337947085544085
615	1	1	0	0.0	0	False	0.35	4.5	1.1	70	0.008	30.0	NA	succeed	early_stop_succeed	6350	43.28295854813294	43.30690675776143	-28	0.1579574119458652
616	1	1	0	0.0	0	False	0.35	4.5	1.5	70	0.008	30.0	NA	succeed	early_stop_succeed	8350	44.54514652892018	44.53385945613314	-25	0.13262968615665577
617	1	1	0	0.0	0	False	0.35	4.5	2.0	70	0.008	30.0	NA	succeed	early_stop_succeed	7500	44.98520436324104	45.04201722979247	-26	0.1155093587650423
618	1	1	0	0.0	0	False	0.35	4.5	3.0	70	0.008	30.0	NA	succeed	early_stop_succeed	6450	45.02281562337313	45.0070475884929	-26	0.12317164739300758
619	1	1	0	0.0	0	False	0.35	4.5	5.0	70	0.008	30.0	NA	succeed	early_stop_succeed	6500	44.678473329492824	44.697987237872276	-25	0.1438355478783458
620	1	1	0	0.0	0	False	0.35	5.0	1.1	70	0.008	30.0	NA	succeed	early_stop_succeed	6000	42.93495962492258	42.89173269495914	-27	0.13933594771525418
621	1	1	0	0.0	0	False	0.35	5.0	1.5	70	0.008	30.0	NA	succeed	early_stop_succeed	4750	42.99055246526648	42.99410456862748	-28	0.14304001328483315
622	1	1	0	0.0	0	False	0.35	5.0	2.0	70	0.008	30.0	NA	succeed	early_stop_succeed	8850	45.6465288780098	45.675281977755134	-25	0.13134378253968712
623	1	1	0	0.0	0	False	0.35	5.0	3.0	70	0.008	30.0	NA	succeed	early_stop_succeed	7450	45.27642560253387	45.29749432330832	-25	0.14343271234464228
624	1	1	0	0.0	0	False	0.35	5.0	5.0	70	0.008	30.0	NA	succeed	early_stop_succeed	6050	44.97669211358704	44.97478061454858	-24	0.13836282300793726
625	1	0	1	0.0	0	False	0.15	3.0	1.1	70	NA	NA	NA	failed	early_stop_failed	4650	>46	46.67176396175825	-22	0.10821212226357307
626	1	0	1	0.0	0	False	0.15	3.0	1.5	70	NA	NA	NA	failed	early_stop_failed	4750	>46	46.68163185655707	-23	0.1437275059939297
627	1	0	1	0.0	0	False	0.15	3.0	2.0	70	NA	NA	NA	failed	early_stop_failed	4750	>46	46.64789139971059	-23	0.09350156831758559
628	1	0	1	0.0	0	False	0.15	3.0	3.0	70	NA	NA	NA	failed	early_stop_failed	5250	>46	46.82781643108568	-25	0.12374038632005564
629	1	0	1	0.0	0	False	0.15	3.0	5.0	70	NA	NA	NA	failed	early_stop_failed	5150	>46	46.58559850624945	-23	0.12177159569988434
630	1	0	1	0.0	0	False	0.15	3.5	1.1	70	NA	NA	NA	failed	early_stop_failed	4700	>46	46.647536951968085	-21	0.13023547180124653
631	1	0	1	0.0	0	False	0.15	3.5	1.5	70	NA	NA	NA	failed	early_stop_failed	5300	>46	46.61931089675909	-24	0.1251597415315061
632	1	0	1	0.0	0	False	0.15	3.5	2.0	70	NA	NA	NA	failed	early_stop_failed	5250	>46	46.8359767798511	-24	0.10263673296429314
633	1	0	1	0.0	0	False	0.15	3.5	3.0	70	NA	NA	NA	failed	early_stop_failed	4400	>46	46.693197391733996	-24	0.11128798540480701
634	1	0	1	0.0	0	False	0.15	3.5	5.0	70	NA	NA	NA	failed	early_stop_failed	4700	>46	46.83194318748619	-22	0.10423594610242486
635	1	0	1	0.0	0	False	0.15	4.0	1.1	70	NA	NA	NA	failed	early_stop_failed	4700	>46	46.69185782461554	-20	0.11472067101787321
636	1	0	1	0.0	0	False	0.15	4.0	1.5	70	NA	NA	NA	failed	early_stop_failed	5150	>46	46.73421818067562	-23	0.15508860764276453
637	1	0	1	0.0	0	False	0.15	4.0	2.0	70	NA	NA	NA	failed	early_stop_failed	5200	>46	46.43641262154593	-22	0.14265164218975385
638	1	0	1	0.0	0	False	0.15	4.0	3.0	70	NA	NA	NA	failed	early_stop_failed	5100	>46	46.60713166868301	-24	0.1312405711459393
639	1	0	1	0.0	0	False	0.15	4.0	5.0	70	NA	NA	NA	failed	early_stop_failed	4650	>46	46.881068042492906	-22	0.13336382395783686
640	1	0	1	0.0	0	False	0.15	4.5	1.1	70	NA	NA	NA	failed	early_stop_failed	4850	>46	46.73590495039351	-21	0.10433687488127667
641	1	0	1	0.0	0	False	0.15	4.5	1.5	70	NA	NA	NA	failed	early_stop_failed	5100	>46	46.515354371362655	-22	0.12745173510578917
642	1	0	1	0.0	0	False	0.15	4.5	2.0	70	NA	NA	NA	failed	early_stop_failed	4550	>46	47.03316128553549	-24	0.09175486560974284
643	1	0	1	0.0	0	False	0.15	4.5	3.0	70	NA	NA	NA	failed	early_stop_failed	4750	>46	46.96316149287326	-22	0.11013452366494983
644	1	0	1	0.0	0	False	0.15	4.5	5.0	70	NA	NA	NA	failed	early_stop_failed	4500	>46	46.74936659820251	-22	0.1131737519968444
645	1	0	1	0.0	0	False	0.15	5.0	1.1	70	NA	NA	NA	failed	early_stop_failed	5650	>46	46.46666732783304	-23	0.14409358676256662
646	1	0	1	0.0	0	False	0.15	5.0	1.5	70	NA	NA	NA	failed	early_stop_failed	5250	>46	46.70625378739014	-23	0.1118801276425687
647	1	0	1	0.0	0	False	0.15	5.0	2.0	70	NA	NA	NA	failed	early_stop_failed	4800	>46	46.813929073279056	-22	0.11051072418873592
648	1	0	1	0.0	0	False	0.15	5.0	3.0	70	NA	NA	NA	failed	early_stop_failed	5100	>46	46.727969793877776	-24	0.11782648078195716
649	1	0	1	0.0	0	False	0.15	5.0	5.0	70	NA	NA	NA	failed	early_stop_failed	5100	>46	46.47093925980051	-24	0.12929309884206833
650	1	0	1	0.0	0	False	0.2	3.0	1.1	70	NA	NA	NA	failed	early_stop_failed	4900	>46	46.68362454875401	-22	0.12112882739459742
651	1	0	1	0.0	0	False	0.2	3.0	1.5	70	NA	NA	NA	failed	early_stop_failed	4750	>46	46.6110683652142	-23	0.11890125086954641
652	1	0	1	0.0	0	False	0.2	3.0	2.0	70	NA	NA	NA	failed	early_stop_failed	4600	>46	46.6833496888097	-22	0.12940151207351758
653	1	0	1	0.0	0	False	0.2	3.0	3.0	70	NA	NA	NA	failed	early_stop_failed	4550	>46	46.6172603349153	-26	0.09986192680982037
654	1	0	1	0.0	0	False	0.2	3.0	5.0	70	NA	NA	NA	failed	early_stop_failed	4900	>46	46.678159286347004	-21	0.10732142774899976
655	1	0	1	0.0	0	False	0.2	3.5	1.1	70	NA	NA	NA	failed	early_stop_failed	4950	>46	46.49264050226759	-23	0.11853787055418735
656	1	0	1	0.0	0	False	0.2	3.5	1.5	70	NA	NA	NA	failed	early_stop_failed	4650	>46	46.83938381430129	-23	0.09584086105996524
657	1	0	1	0.0	0	False	0.2	3.5	2.0	70	NA	NA	NA	failed	early_stop_failed	6000	>46	46.509967898357715	-21	0.1283925518496744
658	1	0	1	0.0	0	False	0.2	3.5	3.0	70	NA	NA	NA	failed	early_stop_failed	5550	>46	46.595898690845885	-23	0.12030190183133874
659	1	0	1	0.0	0	False	0.2	3.5	5.0	70	NA	NA	NA	failed	early_stop_failed	5150	>46	46.539689939716425	-23	0.12461103150676753
660	1	0	1	0.0	0	False	0.2	4.0	1.1	70	NA	NA	NA	failed	early_stop_failed	4600	>46	46.72963925504538	-24	0.10968106627223725
661	1	0	1	0.0	0	False	0.2	4.0	1.5	70	NA	NA	NA	failed	early_stop_failed	4550	>46	46.950545725829606	-25	0.08260292880218549
662	1	0	1	0.0	0	False	0.2	4.0	2.0	70	NA	NA	NA	failed	early_stop_failed	4750	>46	46.692524619237375	-23	0.1436463643056035
663	1	0	1	0.0	0	False	0.2	4.0	3.0	70	NA	NA	NA	failed	early_stop_failed	4700	>46	46.80719231901658	-21	0.10612279824229771
664	1	0	1	0.0	0	False	0.2	4.0	5.0	70	NA	NA	NA	failed	early_stop_failed	4850	>46	46.60339325188045	-22	0.12044483207281433
665	1	0	1	0.0	0	False	0.2	4.5	1.1	70	NA	NA	NA	failed	early_stop_failed	4600	>46	46.620148918339275	-23	0.11824048382704871
666	1	0	1	0.0	0	False	0.2	4.5	1.5	70	NA	NA	NA	failed	early_stop_failed	5600	>46	46.52597302239159	-23	0.13228057545328034
667	1	0	1	0.0	0	False	0.2	4.5	2.0	70	NA	NA	NA	failed	early_stop_failed	4950	>46	46.57859238064586	-24	0.10666818831885855
668	1	0	1	0.0	0	False	0.2	4.5	3.0	70	NA	NA	NA	failed	early_stop_failed	5000	>46	46.75596599051857	-22	0.13104252416805218
669	1	0	1	0.0	0	False	0.2	4.5	5.0	70	NA	NA	NA	failed	early_stop_failed	4350	>46	46.6826401519007	-21	0.1127018636982698
670	1	0	1	0.0	0	False	0.2	5.0	1.1	70	NA	NA	NA	failed	early_stop_failed	4000	>46	47.111424702071446	-19	0.10686287558401902
671	1	0	1	0.0	0	False	0.2	5.0	1.5	70	NA	NA	NA	failed	early_stop_failed	5600	>46	46.71199001162574	-25	0.10137630359220239
672	1	0	1	0.0	0	False	0.2	5.0	2.0	70	NA	NA	NA	failed	early_stop_failed	4600	>46	46.61067727392695	-24	0.10005265552352854
673	1	0	1	0.0	0	False	0.2	5.0	3.0	70	NA	NA	NA	failed	early_stop_failed	4800	>46	46.572022147093364	-25	0.11625572457533133
674	1	0	1	0.0	0	False	0.2	5.0	5.0	70	NA	NA	NA	failed	early_stop_failed	4350	>46	46.664290465106475	-23	0.12127989273180698
675	1	0	1	0.0	0	False	0.25	3.0	1.1	70	NA	NA	NA	failed	early_stop_failed	4650	>46	46.6862514417955	-22	0.11403438058508625
676	1	0	1	0.0	0	False	0.25	3.0	1.5	70	NA	NA	NA	failed	early_stop_failed	4800	>46	46.45168771941682	-24	0.12405173662404184
677	1	0	1	0.0	0	False	0.25	3.0	2.0	70	NA	NA	NA	failed	early_stop_failed	5150	>46	46.62305571593787	-23	0.13894180040499918
678	1	0	1	0.0	0	False	0.25	3.0	3.0	70	NA	NA	NA	failed	early_stop_failed	5150	>46	46.46514484701667	-23	0.13314191451882768
679	1	0	1	0.0	0	False	0.25	3.0	5.0	70	NA	NA	NA	failed	early_stop_failed	5250	>46	46.7191390450731	-22	0.1214979411606299
680	1	0	1	0.0	0	False	0.25	3.5	1.1	70	NA	NA	NA	failed	early_stop_failed	5250	>46	46.7303694045395	-22	0.12846346951347726
681	1	0	1	0.0	0	False	0.25	3.5	1.5	70	NA	NA	NA	failed	early_stop_failed	4900	>46	46.70601872783999	-25	0.09990573865679137
682	1	0	1	0.0	0	False	0.25	3.5	2.0	70	NA	NA	NA	failed	early_stop_failed	4850	>46	46.71627732328819	-23	0.12339166730857548
683	1	0	1	0.0	0	False	0.25	3.5	3.0	70	NA	NA	NA	failed	early_stop_failed	4100	>46	46.78341240021648	-20	0.09759447016898973
684	1	0	1	0.0	0	False	0.25	3.5	5.0	70	NA	NA	NA	failed	early_stop_failed	5400	>46	46.442137815656345	-23	0.14090265872655333
685	1	0	1	0.0	0	False	0.25	4.0	1.1	70	NA	NA	NA	failed	early_stop_failed	4800	>46	46.67598182415884	-23	0.12185889624863465
686	1	0	1	0.0	0	False	0.25	4.0	1.5	70	NA	NA	NA	failed	early_stop_failed	4900	>46	46.633005615475774	-22	0.1304478108674637
687	1	0	1	0.0	0	False	0.25	4.0	2.0	70	NA	NA	NA	failed	early_stop_failed	5000	>46	46.58045556910041	-23	0.11597775775263294
688	1	0	1	0.0	0	False	0.25	4.0	3.0	70	NA	NA	NA	failed	early_stop_failed	5300	>46	46.55329999461402	-24	0.11643818661258157
689	1	0	1	0.0	0	False	0.25	4.0	5.0	70	NA	NA	NA	failed	early_stop_failed	4600	>46	46.83041173012705	-25	0.10360697854573418
690	1	0	1	0.0	0	False	0.25	4.5	1.1	70	NA	NA	NA	failed	early_stop_failed	5100	>46	46.510721504122486	-23	0.12887213232047465
691	1	0	1	0.0	0	False	0.25	4.5	1.5	70	NA	NA	NA	failed	early_stop_failed	4700	>46	46.58539397807874	-24	0.12666539312909508
692	1	0	1	0.0	0	False	0.25	4.5	2.0	70	NA	NA	NA	failed	early_stop_failed	4900	>46	46.57685812047949	-22	0.12269549709220078
693	1	0	1	0.0	0	False	0.25	4.5	3.0	70	NA	NA	NA	failed	early_stop_failed	5050	>46	46.47059778612086	-22	0.13769664743574395
694	1	0	1	0.0	0	False	0.25	4.5	5.0	70	NA	NA	NA	failed	early_stop_failed	4250	>46	46.62758277074539	-24	0.10615375810648249
695	1	0	1	0.0	0	False	0.25	5.0	1.1	70	NA	NA	NA	failed	early_stop_failed	4750	>46	46.506051913335156	-23	0.13584471669144935
696	1	0	1	0.0	0	False	0.25	5.0	1.5	70	NA	NA	NA	failed	early_stop_failed	4550	>46	46.73753919685731	-22	0.10631197926788838
697	1	0	1	0.0	0	False	0.25	5.0	2.0	70	NA	NA	NA	failed	early_stop_failed	4800	>46	46.615934022693196	-22	0.10858750506165483
698	1	0	1	0.0	0	False	0.25	5.0	3.0	70	NA	NA	NA	failed	early_stop_failed	4900	>46	46.584409538990656	-24	0.13097233676568676
699	1	0	1	0.0	0	False	0.25	5.0	5.0	70	NA	NA	NA	failed	early_stop_failed	4450	>46	46.79984422973571	-22	0.1343610361336762
700	1	0	1	0.0	0	False	0.3	3.0	1.1	70	NA	NA	NA	extinct	population_extinct	100000	NA	41.34101884441231	NA	NA
701	1	0	1	0.0	0	False	0.3	3.0	1.5	70	NA	NA	NA	failed	early_stop_failed	4400	>46	46.76234849304143	-21	0.12323420029723854
702	1	0	1	0.0	0	False	0.3	3.0	2.0	70	NA	NA	NA	failed	early_stop_failed	4600	>46	46.46842235812062	-22	0.14309227350347645
703	1	0	1	0.0	0	False	0.3	3.0	3.0	70	NA	NA	NA	failed	early_stop_failed	4900	>46	46.555576547077074	-20	0.11336636846833636
704	1	0	1	0.0	0	False	0.3	3.0	5.0	70	NA	NA	NA	failed	early_stop_failed	5000	>46	46.98588629326869	-24	0.10533983787552621
705	1	0	1	0.0	0	False	0.3	3.5	1.1	70	NA	NA	NA	failed	early_stop_failed	4700	>46	46.59900244992673	-21	0.1292282765974967
706	1	0	1	0.0	0	False	0.3	3.5	1.5	70	NA	NA	NA	failed	early_stop_failed	4950	>46	46.651625531296	-23	0.1282726940796615
707	1	0	1	0.0	0	False	0.3	3.5	2.0	70	NA	NA	NA	failed	early_stop_failed	5100	>46	46.712743848350684	-24	0.12804784169941327
708	1	0	1	0.0	0	False	0.3	3.5	3.0	70	NA	NA	NA	failed	early_stop_failed	4450	>46	47.018794092572264	-24	0.10219412351848148
709	1	0	1	0.0	0	False	0.3	3.5	5.0	70	NA	NA	NA	failed	early_stop_failed	4550	>46	47.10666520403869	-19	0.09934440214190894
710	1	0	1	0.0	0	False	0.3	4.0	1.1	70	NA	NA	NA	failed	early_stop_failed	4850	>46	46.6023095184074	-23	0.11174046874692588
711	1	0	1	0.0	0	False	0.3	4.0	1.5	70	NA	NA	NA	failed	early_stop_failed	4600	>46	47.02328330987772	-21	0.10077752459450715
712	1	0	1	0.0	0	False	0.3	4.0	2.0	70	NA	NA	NA	failed	early_stop_failed	4950	>46	46.52252964366185	-24	0.11964604432887523
713	1	0	1	0.0	0	False	0.3	4.0	3.0	70	NA	NA	NA	failed	early_stop_failed	4400	>46	46.73734017453926	-20	0.11368591171860341
714	1	0	1	0.0	0	False	0.3	4.0	5.0	70	NA	NA	NA	failed	early_stop_failed	4050	>46	46.9582143617815	-24	0.0901575140958293
715	1	0	1	0.0	0	False	0.3	4.5	1.1	70	NA	NA	NA	failed	early_stop_failed	4800	>46	46.661914442260006	-21	0.11870483182356636
716	1	0	1	0.0	0	False	0.3	4.5	1.5	70	NA	NA	NA	failed	early_stop_failed	4550	>46	46.686538528070855	-25	0.1048321368703698
717	1	0	1	0.0	0	False	0.3	4.5	2.0	70	NA	NA	NA	failed	early_stop_failed	4900	>46	46.666731406747495	-21	0.12108791888935193
718	1	0	1	0.0	0	False	0.3	4.5	3.0	70	NA	NA	NA	failed	early_stop_failed	4950	>46	46.77571489608748	-24	0.11405391841835297
719	1	0	1	0.0	0	False	0.3	4.5	5.0	70	NA	NA	NA	failed	early_stop_failed	4350	>46	46.651867783825345	-21	0.10161388760766671
720	1	0	1	0.0	0	False	0.3	5.0	1.1	70	NA	NA	NA	failed	early_stop_failed	4700	>46	46.64000670704174	-23	0.12328436115095759
721	1	0	1	0.0	0	False	0.3	5.0	1.5	70	NA	NA	NA	failed	early_stop_failed	5100	>46	46.60863777574071	-23	0.12045031637208164
722	1	0	1	0.0	0	False	0.3	5.0	2.0	70	NA	NA	NA	failed	early_stop_failed	4900	>46	46.75157328297863	-22	0.11241309151207916
723	1	0	1	0.0	0	False	0.3	5.0	3.0	70	NA	NA	NA	failed	early_stop_failed	4400	>46	46.40643984626803	-23	0.1120404513307721
724	1	0	1	0.0	0	False	0.3	5.0	5.0	70	NA	NA	NA	failed	early_stop_failed	4600	>46	46.48124211834247	-24	0.13244914052794318
725	1	0	1	0.0	0	False	0.35	3.0	1.1	70	NA	NA	NA	extinct	population_extinct	100000	NA	NA	NA	NA
726	1	0	1	0.0	0	False	0.35	3.0	1.5	70	NA	NA	NA	failed	early_stop_failed	4450	>46	46.54566130665859	-22	0.11689447152266261
727	1	0	1	0.0	0	False	0.35	3.0	2.0	70	NA	NA	NA	failed	early_stop_failed	4500	>46	46.70237015591324	-25	0.10466597612018667
728	1	0	1	0.0	0	False	0.35	3.0	3.0	70	NA	NA	NA	failed	early_stop_failed	4550	>46	46.54525764419288	-22	0.13045014692773546
729	1	0	1	0.0	0	False	0.35	3.0	5.0	70	NA	NA	NA	failed	early_stop_failed	4500	>46	46.62471704583397	-23	0.12727347220910487
730	1	0	1	0.0	0	False	0.35	3.5	1.1	70	NA	NA	NA	failed	early_stop_failed	4700	>46	46.49824251819292	-24	0.1212688086333913
731	1	0	1	0.0	0	False	0.35	3.5	1.5	70	NA	NA	NA	failed	early_stop_failed	5050	>46	46.62187995435081	-24	0.11053802663335804
732	1	0	1	0.0	0	False	0.35	3.5	2.0	70	NA	NA	NA	failed	early_stop_failed	4500	>46	46.803978870072356	-21	0.11621544231747592
733	1	0	1	0.0	0	False	0.35	3.5	3.0	70	NA	NA	NA	failed	early_stop_failed	5100	>46	46.6262192035468	-23	0.12254553025376641
734	1	0	1	0.0	0	False	0.35	3.5	5.0	70	NA	NA	NA	failed	early_stop_failed	5100	>46	46.667265364899265	-23	0.12053467972612822
735	1	0	1	0.0	0	False	0.35	4.0	1.1	70	NA	NA	NA	failed	early_stop_failed	4850	>46	46.64551558370303	-23	0.12344791496922086
736	1	0	1	0.0	0	False	0.35	4.0	1.5	70	NA	NA	NA	failed	early_stop_failed	5050	>46	46.672223538503005	-23	0.13689808951609594
737	1	0	1	0.0	0	False	0.35	4.0	2.0	70	NA	NA	NA	failed	early_stop_failed	5350	>46	46.69656044433468	-22	0.12394187349146765
738	1	0	1	0.0	0	False	0.35	4.0	3.0	70	NA	NA	NA	failed	early_stop_failed	4450	>46	46.69562294804946	-24	0.11403941087054785
739	1	0	1	0.0	0	False	0.35	4.0	5.0	70	NA	NA	NA	failed	early_stop_failed	4500	>46	47.050610696727865	-24	0.10669078245260412
740	1	0	1	0.0	0	False	0.35	4.5	1.1	70	NA	NA	NA	failed	early_stop_failed	4650	>46	46.88480832589697	-23	0.11706402356559874
741	1	0	1	0.0	0	False	0.35	4.5	1.5	70	NA	NA	NA	failed	early_stop_failed	4550	>46	46.6897491023475	-22	0.12125822142263877
742	1	0	1	0.0	0	False	0.35	4.5	2.0	70	NA	NA	NA	failed	early_stop_failed	4600	>46	46.680872864753646	-23	0.11637695632270319
743	1	0	1	0.0	0	False	0.35	4.5	3.0	70	NA	NA	NA	failed	early_stop_failed	4550	>46	46.73347857366528	-24	0.11632015236929721
744	1	0	1	0.0	0	False	0.35	4.5	5.0	70	NA	NA	NA	failed	early_stop_failed	4350	>46	46.4960505877355	-23	0.13411605445166033
745	1	0	1	0.0	0	False	0.35	5.0	1.1	70	NA	NA	NA	failed	early_stop_failed	4650	>46	46.55836944264466	-22	0.1460985313791742
746	1	0	1	0.0	0	False	0.35	5.0	1.5	70	NA	NA	NA	failed	early_stop_failed	5450	>46	46.628206876186766	-22	0.12097583745370502
747	1	0	1	0.0	0	False	0.35	5.0	2.0	70	NA	NA	NA	failed	early_stop_failed	4700	>46	46.65885200166116	-22	0.12148542026131619
748	1	0	1	0.0	0	False	0.35	5.0	3.0	70	NA	NA	NA	failed	early_stop_failed	4150	>46	46.844353390382864	-25	0.11797359346011532
749	1	0	1	0.0	0	False	0.35	5.0	5.0	70	NA	NA	NA	failed	early_stop_failed	3350	>46	47.18772853839713	-20	0.10429013416779073
750	1	0	0	0.0	1	False	0.15	3.0	1.1	70	NA	NA	0.1	failed	early_stop_failed	4850	>46	46.54785374016316	-25	0.12629200551762726
751	1	0	0	0.0	1	False	0.15	3.0	1.5	70	NA	NA	0.1	failed	early_stop_failed	4350	>46	46.757275726173944	-22	0.12008705330174138
752	1	0	0	0.0	1	False	0.15	3.0	2.0	70	NA	NA	0.1	failed	early_stop_failed	4350	>46	46.66503484967308	-25	0.10767739257531239
753	1	0	0	0.0	1	False	0.15	3.0	3.0	70	NA	NA	0.1	failed	early_stop_failed	4900	>46	46.78849083433955	-24	0.1191473919926215
754	1	0	0	0.0	1	False	0.15	3.0	5.0	70	NA	NA	0.1	failed	early_stop_failed	4650	>46	46.57390954072584	-22	0.12186306645218144
755	1	0	0	0.0	1	False	0.15	3.5	1.1	70	NA	NA	0.1	failed	early_stop_failed	4800	>46	46.694657296278	-23	0.1308838323080311
756	1	0	0	0.0	1	False	0.15	3.5	1.5	70	NA	NA	0.1	failed	early_stop_failed	5100	>46	46.35814946695587	-24	0.11965266560828237
757	1	0	0	0.0	1	False	0.15	3.5	2.0	70	NA	NA	0.1	failed	early_stop_failed	4350	>46	46.8775509244855	-23	0.10742730412512101
758	1	0	0	0.0	1	False	0.15	3.5	3.0	70	NA	NA	0.1	failed	early_stop_failed	4450	>46	46.596771768975714	-24	0.10817706590166126
759	1	0	0	0.0	1	False	0.15	3.5	5.0	70	NA	NA	0.1	failed	early_stop_failed	4950	>46	46.68092642889428	-25	0.10028386230185714
760	1	0	0	0.0	1	False	0.15	4.0	1.1	70	NA	NA	0.1	failed	early_stop_failed	5050	>46	46.64220998214165	-24	0.12012458042838985
761	1	0	0	0.0	1	False	0.15	4.0	1.5	70	NA	NA	0.1	failed	early_stop_failed	5300	>46	46.587177605472085	-23	0.12450850294687235
762	1	0	0	0.0	1	False	0.15	4.0	2.0	70	NA	NA	0.1	failed	early_stop_failed	4500	>46	46.81394465945671	-20	0.09906475728283683
763	1	0	0	0.0	1	False	0.15	4.0	3.0	70	NA	NA	0.1	failed	early_stop_failed	4900	>46	46.736173812889	-23	0.12426703973779749
764	1	0	0	0.0	1	False	0.15	4.0	5.0	70	NA	NA	0.1	failed	early_stop_failed	4850	>46	46.68308301277696	-23	0.11686006348356709
765	1	0	0	0.0	1	False	0.15	4.5	1.1	70	NA	NA	0.1	failed	early_stop_failed	4950	>46	46.75438743731542	-24	0.12975624656549042
766	1	0	0	0.0	1	False	0.15	4.5	1.5	70	NA	NA	0.1	failed	early_stop_failed	4900	>46	46.599765003349155	-22	0.11236886739894979
767	1	0	0	0.0	1	False	0.15	4.5	2.0	70	NA	NA	0.1	failed	early_stop_failed	4400	>46	46.476112844100804	-23	0.11829891287687089
768	1	0	0	0.0	1	False	0.15	4.5	3.0	70	NA	NA	0.1	failed	early_stop_failed	4850	>46	46.55930179519212	-24	0.1320053697589837
769	1	0	0	0.0	1	False	0.15	4.5	5.0	70	NA	NA	0.1	failed	early_stop_failed	4450	>46	46.48648613675764	-23	0.1598690656754973
770	1	0	0	0.0	1	False	0.15	5.0	1.1	70	NA	NA	0.1	failed	early_stop_failed	4700	>46	46.8900874058835	-24	0.11631337239540569
771	1	0	0	0.0	1	False	0.15	5.0	1.5	70	NA	NA	0.1	failed	early_stop_failed	4500	>46	46.98577124705867	-21	0.11292307633404781
772	1	0	0	0.0	1	False	0.15	5.0	2.0	70	NA	NA	0.1	failed	early_stop_failed	4850	>46	46.670869196904725	-24	0.1318810191290263
773	1	0	0	0.0	1	False	0.15	5.0	3.0	70	NA	NA	0.1	failed	early_stop_failed	4750	>46	46.95763823431688	-22	0.10510788873263273
774	1	0	0	0.0	1	False	0.15	5.0	5.0	70	NA	NA	0.1	failed	early_stop_failed	4350	>46	46.684847320371034	-23	0.11099166947044434
775	1	0	0	0.0	1	False	0.2	3.0	1.1	70	NA	NA	0.1	failed	early_stop_failed	5250	>46	46.435010299127626	-25	0.113095934621889
776	1	0	0	0.0	1	False	0.2	3.0	1.5	70	NA	NA	0.1	failed	early_stop_failed	4150	>46	46.8446982727209	-21	0.09942398902675087
777	1	0	0	0.0	1	False	0.2	3.0	2.0	70	NA	NA	0.1	failed	early_stop_failed	4850	>46	46.60644877087495	-20	0.1066569255430069
778	1	0	0	0.0	1	False	0.2	3.0	3.0	70	NA	NA	0.1	failed	early_stop_failed	5200	>46	46.91907481722925	-20	0.11680614110843929
779	1	0	0	0.0	1	False	0.2	3.0	5.0	70	NA	NA	0.1	failed	early_stop_failed	4950	>46	46.61059528291087	-21	0.12213385319827347
780	1	0	0	0.0	1	False	0.2	3.5	1.1	70	NA	NA	0.1	failed	early_stop_failed	4200	>46	46.87110011872128	-23	0.1313235605180089
781	1	0	0	0.0	1	False	0.2	3.5	1.5	70	NA	NA	0.1	failed	early_stop_failed	4750	>46	46.657819645078135	-22	0.11256324358172293
782	1	0	0	0.0	1	False	0.2	3.5	2.0	70	NA	NA	0.1	failed	early_stop_failed	4900	>46	46.589084139141555	-23	0.13724845934341992
783	1	0	0	0.0	1	False	0.2	3.5	3.0	70	NA	NA	0.1	failed	early_stop_failed	5150	>46	46.59103622983071	-22	0.12148955900849907
784	1	0	0	0.0	1	False	0.2	3.5	5.0	70	NA	NA	0.1	failed	early_stop_failed	5150	>46	46.40460355235198	-23	0.129715093200581
785	1	0	0	0.0	1	False	0.2	4.0	1.1	70	NA	NA	0.1	failed	early_stop_failed	4700	>46	46.63683309152443	-23	0.1378505270810576
786	1	0	0	0.0	1	False	0.2	4.0	1.5	70	NA	NA	0.1	failed	early_stop_failed	5150	>46	47.0817189910371	-20	0.09389080025162957
787	1	0	0	0.0	1	False	0.2	4.0	2.0	70	NA	NA	0.1	failed	early_stop_failed	4850	>46	46.44913503300501	-24	0.12559171434121252
788	1	0	0	0.0	1	False	0.2	4.0	3.0	70	NA	NA	0.1	failed	early_stop_failed	4300	>46	46.7204635830671	-21	0.12017948368017282
789	1	0	0	0.0	1	False	0.2	4.0	5.0	70	NA	NA	0.1	failed	early_stop_failed	4850	>46	46.697946389143134	-24	0.1160410198170444
790	1	0	0	0.0	1	False	0.2	4.5	1.1	70	NA	NA	0.1	failed	early_stop_failed	4500	>46	47.0708370303198	-25	0.09247622859173925
791	1	0	0	0.0	1	False	0.2	4.5	1.5	70	NA	NA	0.1	failed	early_stop_failed	4600	>46	46.63241363421766	-23	0.12885031454246704
792	1	0	0	0.0	1	False	0.2	4.5	2.0	70	NA	NA	0.1	failed	early_stop_failed	5300	>46	46.626725375820065	-23	0.14512821641777038
793	1	0	0	0.0	1	False	0.2	4.5	3.0	70	NA	NA	0.1	failed	early_stop_failed	4650	>46	46.633160236462054	-21	0.11024216721231817
794	1	0	0	0.0	1	False	0.2	4.5	5.0	70	NA	NA	0.1	failed	early_stop_failed	4750	>46	46.55864650173415	-21	0.12071783970314084
795	1	0	0	0.0	1	False	0.2	5.0	1.1	70	NA	NA	0.1	failed	early_stop_failed	4950	>46	46.5448220189497	-23	0.12183285906352109
796	1	0	0	0.0	1	False	0.2	5.0	1.5	70	NA	NA	0.1	failed	early_stop_failed	4250	>46	46.6588387620468	-22	0.10189962109754344
797	1	0	0	0.0	1	False	0.2	5.0	2.0	70	NA	NA	0.1	failed	early_stop_failed	4800	>46	46.653252752133454	-24	0.1153103051710121
798	1	0	0	0.0	1	False	0.2	5.0	3.0	70	NA	NA	0.1	failed	early_stop_failed	5000	>46	46.35533399923945	-23	0.1600195035256407
799	1	0	0	0.0	1	False	0.2	5.0	5.0	70	NA	NA	0.1	failed	early_stop_failed	4600	>46	46.645273610364605	-22	0.12401078865376462
800	1	0	0	0.0	1	False	0.25	3.0	1.1	70	NA	NA	0.1	failed	early_stop_failed	4850	>46	46.565333058163695	-23	0.12744833090865165
801	1	0	0	0.0	1	False	0.25	3.0	1.5	70	NA	NA	0.1	failed	early_stop_failed	4600	>46	46.69876254201215	-22	0.10692062377300303
802	1	0	0	0.0	1	False	0.25	3.0	2.0	70	NA	NA	0.1	failed	early_stop_failed	4850	>46	46.64253002923173	-21	0.12022099898244559
803	1	0	0	0.0	1	False	0.25	3.0	3.0	70	NA	NA	0.1	failed	early_stop_failed	5600	>46	46.54328967040371	-23	0.11903319756652436
804	1	0	0	0.0	1	False	0.25	3.0	5.0	70	NA	NA	0.1	failed	early_stop_failed	4900	>46	46.62564940366763	-24	0.10629519926878178
805	1	0	0	0.0	1	False	0.25	3.5	1.1	70	NA	NA	0.1	failed	early_stop_failed	4050	>46	46.769451635876145	-21	0.10886198082437147
806	1	0	0	0.0	1	False	0.25	3.5	1.5	70	NA	NA	0.1	failed	early_stop_failed	4550	>46	46.82833725189301	-24	0.09699961076217178
807	1	0	0	0.0	1	False	0.25	3.5	2.0	70	NA	NA	0.1	failed	early_stop_failed	4550	>46	46.54153572892504	-24	0.12452505197135158
808	1	0	0	0.0	1	False	0.25	3.5	3.0	70	NA	NA	0.1	failed	early_stop_failed	4600	>46	47.00905453678017	-23	0.09215825893985809
809	1	0	0	0.0	1	False	0.25	3.5	5.0	70	NA	NA	0.1	failed	early_stop_failed	4550	>46	46.86774503170289	-22	0.09741282962063635
810	1	0	0	0.0	1	False	0.25	4.0	1.1	70	NA	NA	0.1	failed	early_stop_failed	5100	>46	46.61688021156243	-22	0.12039061055731162
811	1	0	0	0.0	1	False	0.25	4.0	1.5	70	NA	NA	0.1	failed	early_stop_failed	4400	>46	46.858150473535325	-24	0.12120599085350965
812	1	0	0	0.0	1	False	0.25	4.0	2.0	70	NA	NA	0.1	failed	early_stop_failed	4750	>46	46.58884711745006	-23	0.10312647341928799
813	1	0	0	0.0	1	False	0.25	4.0	3.0	70	NA	NA	0.1	failed	early_stop_failed	5050	>46	46.734379241949156	-24	0.10915539539951276
814	1	0	0	0.0	1	False	0.25	4.0	5.0	70	NA	NA	0.1	failed	early_stop_failed	4550	>46	46.48930316982254	-22	0.1300939651002996
815	1	0	0	0.0	1	False	0.25	4.5	1.1	70	NA	NA	0.1	failed	early_stop_failed	4450	>46	46.89640649517755	-21	0.12508811886284835
816	1	0	0	0.0	1	False	0.25	4.5	1.5	70	NA	NA	0.1	failed	early_stop_failed	5000	>46	46.950260617076374	-23	0.0931699126821629
817	1	0	0	0.0	1	False	0.25	4.5	2.0	70	NA	NA	0.1	failed	early_stop_failed	5200	>46	46.70286150545598	-23	0.12948252142506594
818	1	0	0	0.0	1	False	0.25	4.5	3.0	70	NA	NA	0.1	failed	early_stop_failed	4850	>46	46.48496700455258	-22	0.12391928691028962
819	1	0	0	0.0	1	False	0.25	4.5	5.0	70	NA	NA	0.1	failed	early_stop_failed	4650	>46	46.795458852613656	-26	0.09882412340773104
820	1	0	0	0.0	1	False	0.25	5.0	1.1	70	NA	NA	0.1	failed	early_stop_failed	4650	>46	46.81568475304818	-22	0.11172211945627356
821	1	0	0	0.0	1	False	0.25	5.0	1.5	70	NA	NA	0.1	failed	early_stop_failed	4900	>46	46.707185239509464	-26	0.10391605760540562
822	1	0	0	0.0	1	False	0.25	5.0	2.0	70	NA	NA	0.1	failed	early_stop_failed	4450	>46	46.79214787041332	-22	0.12675587568301597
823	1	0	0	0.0	1	False	0.25	5.0	3.0	70	NA	NA	0.1	failed	early_stop_failed	4350	>46	46.539256811840836	-22	0.10524267568433776
824	1	0	0	0.0	1	False	0.25	5.0	5.0	70	NA	NA	0.1	failed	early_stop_failed	4050	>46	46.72059680846444	-24	0.14204513171692792
825	1	0	0	0.0	1	False	0.3	3.0	1.1	70	NA	NA	0.1	failed	early_stop_failed	6100	>46	46.400887995807686	-24	0.16336282361305035
826	1	0	0	0.0	1	False	0.3	3.0	1.5	70	NA	NA	0.1	failed	early_stop_failed	4600	>46	46.79510226332034	-21	0.11759689010362512
827	1	0	0	0.0	1	False	0.3	3.0	2.0	70	NA	NA	0.1	failed	early_stop_failed	5000	>46	46.6945948166716	-23	0.12063730397256683
828	1	0	0	0.0	1	False	0.3	3.0	3.0	70	NA	NA	0.1	failed	early_stop_failed	5100	>46	46.440365915139964	-22	0.13435928054085736
829	1	0	0	0.0	1	False	0.3	3.0	5.0	70	NA	NA	0.1	failed	early_stop_failed	4800	>46	46.68425487914792	-23	0.13166324039515168
830	1	0	0	0.0	1	False	0.3	3.5	1.1	70	NA	NA	0.1	failed	early_stop_failed	4450	>46	46.57870177008911	-24	0.11177380790122916
831	1	0	0	0.0	1	False	0.3	3.5	1.5	70	NA	NA	0.1	failed	early_stop_failed	4200	>46	46.82752569646148	-23	0.11832143403171497
832	1	0	0	0.0	1	False	0.3	3.5	2.0	70	NA	NA	0.1	failed	early_stop_failed	4450	>46	46.67968835302409	-23	0.10570506872993261
833	1	0	0	0.0	1	False	0.3	3.5	3.0	70	NA	NA	0.1	failed	early_stop_failed	4950	>46	46.5594799853902	-24	0.13253896702894102
834	1	0	0	0.0	1	False	0.3	3.5	5.0	70	NA	NA	0.1	failed	early_stop_failed	4500	>46	46.762775436521494	-21	0.12365309055531341
835	1	0	0	0.0	1	False	0.3	4.0	1.1	70	NA	NA	0.1	failed	early_stop_failed	4450	>46	46.62593702269816	-23	0.15271358994706474
836	1	0	0	0.0	1	False	0.3	4.0	1.5	70	NA	NA	0.1	failed	early_stop_failed	5450	>46	46.7511726140878	-21	0.11381002414162968
837	1	0	0	0.0	1	False	0.3	4.0	2.0	70	NA	NA	0.1	failed	early_stop_failed	4550	>46	46.85425502035535	-19	0.09322991131124098
838	1	0	0	0.0	1	False	0.3	4.0	3.0	70	NA	NA	0.1	failed	early_stop_failed	5050	>46	46.7469747691004	-22	0.11752841102883313
839	1	0	0	0.0	1	False	0.3	4.0	5.0	70	NA	NA	0.1	failed	early_stop_failed	4950	>46	46.89924685085961	-22	0.12164465172800265
840	1	0	0	0.0	1	False	0.3	4.5	1.1	70	NA	NA	0.1	failed	early_stop_failed	4850	>46	46.742859785430234	-22	0.11711312464283853
841	1	0	0	0.0	1	False	0.3	4.5	1.5	70	NA	NA	0.1	failed	early_stop_failed	4350	>46	47.62673290075438	-15	0.08546003631260661
842	1	0	0	0.0	1	False	0.3	4.5	2.0	70	NA	NA	0.1	failed	early_stop_failed	5150	>46	46.60870656899868	-22	0.11694203803983216
843	1	0	0	0.0	1	False	0.3	4.5	3.0	70	NA	NA	0.1	failed	early_stop_failed	4600	>46	46.532353087521074	-22	0.14406340127525438
844	1	0	0	0.0	1	False	0.3	4.5	5.0	70	NA	NA	0.1	failed	early_stop_failed	4050	>46	46.97792589570749	-24	0.09768711230757318
845	1	0	0	0.0	1	False	0.3	5.0	1.1	70	NA	NA	0.1	failed	early_stop_failed	4550	>46	46.79448926025965	-22	0.09058550123580346
846	1	0	0	0.0	1	False	0.3	5.0	1.5	70	NA	NA	0.1	failed	early_stop_failed	5050	>46	46.758104979608426	-24	0.11632843568713361
847	1	0	0	0.0	1	False	0.3	5.0	2.0	70	NA	NA	0.1	failed	early_stop_failed	4600	>46	46.85082434742922	-22	0.10770164926892019
848	1	0	0	0.0	1	False	0.3	5.0	3.0	70	NA	NA	0.1	failed	early_stop_failed	4850	>46	46.57095951906097	-22	0.1472869699236701
849	1	0	0	0.0	1	False	0.3	5.0	5.0	70	NA	NA	0.1	failed	early_stop_failed	5050	>46	46.63359721805087	-23	0.1313654536301109
850	1	0	0	0.0	1	False	0.35	3.0	1.1	70	NA	NA	0.1	extinct	population_extinct	100000	NA	NA	NA	NA
851	1	0	0	0.0	1	False	0.35	3.0	1.5	70	NA	NA	0.1	failed	early_stop_failed	4350	>46	46.771687544739414	-24	0.10795467836196704
852	1	0	0	0.0	1	False	0.35	3.0	2.0	70	NA	NA	0.1	failed	early_stop_failed	4400	>46	46.79028198707574	-20	0.10373984871283846
853	1	0	0	0.0	1	False	0.35	3.0	3.0	70	NA	NA	0.1	failed	early_stop_failed	4550	>46	46.82379325519763	-24	0.1020608167267329
854	1	0	0	0.0	1	False	0.35	3.0	5.0	70	NA	NA	0.1	failed	early_stop_failed	5300	>46	46.597054061445476	-22	0.13047268832187112
855	1	0	0	0.0	1	False	0.35	3.5	1.1	70	NA	NA	0.1	failed	early_stop_failed	4350	>46	46.68740455083834	-23	0.13824917858775915
856	1	0	0	0.0	1	False	0.35	3.5	1.5	70	NA	NA	0.1	failed	early_stop_failed	4100	>46	46.927650558255465	-23	0.11359737275920356
857	1	0	0	0.0	1	False	0.35	3.5	2.0	70	NA	NA	0.1	failed	early_stop_failed	4650	>46	46.63216192085182	-24	0.12700044411504724
858	1	0	0	0.0	1	False	0.35	3.5	3.0	70	NA	NA	0.1	failed	early_stop_failed	4400	>46	46.82592082435469	-22	0.10193352368043776
859	1	0	0	0.0	1	False	0.35	3.5	5.0	70	NA	NA	0.1	failed	early_stop_failed	4450	>46	46.85502004229966	-26	0.08593001915929716
860	1	0	0	0.0	1	False	0.35	4.0	1.1	70	NA	NA	0.1	failed	early_stop_failed	4350	>46	46.48107217363931	-23	0.1341748586000642
861	1	0	0	0.0	1	False	0.35	4.0	1.5	70	NA	NA	0.1	failed	early_stop_failed	4250	>46	46.86834883175168	-21	0.13279997440247507
862	1	0	0	0.0	1	False	0.35	4.0	2.0	70	NA	NA	0.1	failed	early_stop_failed	4350	>46	46.75750231227821	-22	0.11783196265832872
863	1	0	0	0.0	1	False	0.35	4.0	3.0	70	NA	NA	0.1	failed	early_stop_failed	4650	>46	46.501181112425265	-25	0.11163065819391664
864	1	0	0	0.0	1	False	0.35	4.0	5.0	70	NA	NA	0.1	failed	early_stop_failed	4800	>46	46.587134028612546	-24	0.10554786661125753
865	1	0	0	0.0	1	False	0.35	4.5	1.1	70	NA	NA	0.1	failed	early_stop_failed	4450	>46	47.04546076520915	-22	0.11528024059506697
866	1	0	0	0.0	1	False	0.35	4.5	1.5	70	NA	NA	0.1	failed	early_stop_failed	4650	>46	46.644439027895174	-21	0.11380286214601137
867	1	0	0	0.0	1	False	0.35	4.5	2.0	70	NA	NA	0.1	failed	early_stop_failed	4850	>46	47.0183025235042	-22	0.1043682593629263
868	1	0	0	0.0	1	False	0.35	4.5	3.0	70	NA	NA	0.1	failed	early_stop_failed	5000	>46	46.57341567967032	-22	0.12709283950060726
869	1	0	0	0.0	1	False	0.35	4.5	5.0	70	NA	NA	0.1	failed	early_stop_failed	4100	>46	46.81448612677422	-23	0.09607439485427335
870	1	0	0	0.0	1	False	0.35	5.0	1.1	70	NA	NA	0.1	failed	early_stop_failed	5250	>46	46.61054441998738	-23	0.1259698488602632
871	1	0	0	0.0	1	False	0.35	5.0	1.5	70	NA	NA	0.1	failed	early_stop_failed	5100	>46	46.515974181962434	-25	0.11688441235885577
872	1	0	0	0.0	1	False	0.35	5.0	2.0	70	NA	NA	0.1	failed	early_stop_failed	4600	>46	46.59826973890253	-24	0.11392385067892002
873	1	0	0	0.0	1	False	0.35	5.0	3.0	70	NA	NA	0.1	failed	early_stop_failed	4600	>46	46.59826208998247	-23	0.12292578893863584
874	1	0	0	0.0	1	False	0.35	5.0	5.0	70	NA	NA	0.1	failed	early_stop_failed	4350	>46	46.56045345372873	-25	0.12188348924123354
875	1	1	1	0.0	0	False	0.15	3.0	1.1	70	0.008	30.0	NA	succeed	early_stop_succeed	6350	43.20312173802585	43.242895725704514	-26	0.1169797351504221
876	1	1	1	0.0	0	False	0.15	3.0	1.5	70	0.008	30.0	NA	succeed	early_stop_succeed	7200	43.32257223863141	43.30885261727331	-28	0.11794523035610646
877	1	1	1	0.0	0	False	0.15	3.0	2.0	70	0.008	30.0	NA	succeed	early_stop_succeed	7350	44.210045492712105	44.25432457599092	-26	0.14390986405817466
878	1	1	1	0.0	0	False	0.15	3.0	3.0	70	0.008	30.0	NA	succeed	early_stop_succeed	6350	43.64885256580361	43.65031860587968	-25	0.13524784689352587
879	1	1	1	0.0	0	False	0.15	3.0	5.0	70	0.008	30.0	NA	succeed	early_stop_succeed	6350	43.92966907493588	43.96371538491721	-25	0.12626787625460398
880	1	1	1	0.0	0	False	0.15	3.5	1.1	70	0.008	30.0	NA	succeed	early_stop_succeed	2250	40.459335217537365	40.40830146480694	-30	0.22523815663126545
881	1	1	1	0.0	0	False	0.15	3.5	1.5	70	0.008	30.0	NA	succeed	early_stop_succeed	7550	44.15955998624071	44.152880743896546	-26	0.13470150526326818
882	1	1	1	0.0	0	False	0.15	3.5	2.0	70	0.008	30.0	NA	succeed	early_stop_succeed	5150	42.80185443269931	42.83792239413681	-26	0.1366839642160287
883	1	1	1	0.0	0	False	0.15	3.5	3.0	70	0.008	30.0	NA	succeed	early_stop_succeed	8100	45.306292274424	45.27258656152207	-24	0.12686504696229964
884	1	1	1	0.0	0	False	0.15	3.5	5.0	70	0.008	30.0	NA	succeed	early_stop_succeed	7900	45.17590575691216	45.18177844611277	-26	0.10976111923385283
885	1	1	1	0.0	0	False	0.15	4.0	1.1	70	0.008	30.0	NA	succeed	early_stop_succeed	7850	43.986899923698815	44.015841989750626	-26	0.12294912448518124
886	1	1	1	0.0	0	False	0.15	4.0	1.5	70	0.008	30.0	NA	succeed	early_stop_succeed	9150	45.56688964042105	45.61207342549309	-24	0.11405489902292493
887	1	1	1	0.0	0	False	0.15	4.0	2.0	70	0.008	30.0	NA	succeed	early_stop_succeed	7800	44.89727367694751	44.97632384842602	-24	0.10879703615104212
888	1	1	1	0.0	0	False	0.15	4.0	3.0	70	0.008	30.0	NA	succeed	early_stop_succeed	7000	44.953937491589514	45.006137622623925	-25	0.12353726298178472
889	1	1	1	0.0	0	False	0.15	4.0	5.0	70	0.008	30.0	NA	succeed	early_stop_succeed	8100	45.56397785216357	45.5613377971093	-24	0.13036804879972205
890	1	1	1	0.0	0	False	0.15	4.5	1.1	70	0.008	30.0	NA	succeed	early_stop_succeed	8100	44.363366879163884	44.3972787114184	-26	0.1227578066698475
891	1	1	1	0.0	0	False	0.15	4.5	1.5	70	0.008	30.0	NA	succeed	early_stop_succeed	8700	45.26536978119675	45.29154764953477	-26	0.12146938201696528
892	1	1	1	0.0	0	False	0.15	4.5	2.0	70	0.008	30.0	NA	succeed	early_stop_succeed	7350	44.702740044464136	44.703862734495765	-25	0.13186924617643653
893	1	1	1	0.0	0	False	0.15	4.5	3.0	70	0.008	30.0	NA	succeed	early_stop_succeed	7350	45.06720338950474	45.154801763013666	-25	0.10997092562972588
894	1	1	1	0.0	0	False	0.15	4.5	5.0	70	0.008	30.0	NA	succeed	early_stop_succeed	7250	45.37263634405469	45.36992243929149	-25	0.11699426272248642
895	1	1	1	0.0	0	False	0.15	5.0	1.1	70	0.008	30.0	NA	succeed	early_stop_succeed	5450	42.906525417484715	42.90332323551073	-26	0.1366918999637568
896	1	1	1	0.0	0	False	0.15	5.0	1.5	70	0.008	30.0	NA	succeed	early_stop_succeed	7350	44.459579030010424	44.49547076032966	-26	0.11738279541901869
897	1	1	1	0.0	0	False	0.15	5.0	2.0	70	0.008	30.0	NA	succeed	early_stop_succeed	7450	45.349922240845906	45.33246751205466	-25	0.127881853224228
898	1	1	1	0.0	0	False	0.15	5.0	3.0	70	0.008	30.0	NA	succeed	early_stop_succeed	6850	45.32054302235069	45.31577593369966	-24	0.12189659011062609
899	1	1	1	0.0	0	False	0.15	5.0	5.0	70	0.008	30.0	NA	succeed	early_stop_succeed	7350	45.90186067732618	45.9169735713549	-25	0.13010564497441385
900	1	1	1	0.0	0	False	0.2	3.0	1.1	70	0.008	30.0	NA	succeed	early_stop_succeed	2950	41.15837123276544	41.143083691646034	-30	0.1481908772962052
901	1	1	1	0.0	0	False	0.2	3.0	1.5	70	0.008	30.0	NA	succeed	early_stop_succeed	6200	42.792717140068554	42.75138438735691	-28	0.1525401182172604
902	1	1	1	0.0	0	False	0.2	3.0	2.0	70	0.008	30.0	NA	succeed	early_stop_succeed	5400	42.55388522917764	42.56546805962494	-27	0.11779101237072714
903	1	1	1	0.0	0	False	0.2	3.0	3.0	70	0.008	30.0	NA	succeed	early_stop_succeed	4750	42.591224353574106	42.618424547583786	-28	0.12871619222775452
904	1	1	1	0.0	0	False	0.2	3.0	5.0	70	0.008	30.0	NA	succeed	early_stop_succeed	7600	44.95627590977177	44.97926531017445	-24	0.09624514376669005
905	1	1	1	0.0	0	False	0.2	3.5	1.1	70	0.008	30.0	NA	succeed	early_stop_succeed	3350	41.033067095048985	41.027722947716946	-29	0.16188229163314138
906	1	1	1	0.0	0	False	0.2	3.5	1.5	70	0.008	30.0	NA	succeed	early_stop_succeed	6850	43.01578625450163	43.02217901853375	-27	0.11878994275337534
907	1	1	1	0.0	0	False	0.2	3.5	2.0	70	0.008	30.0	NA	succeed	early_stop_succeed	4550	42.3750897412199	42.40635964782796	-28	0.14943971445730317
908	1	1	1	0.0	0	False	0.2	3.5	3.0	70	0.008	30.0	NA	succeed	early_stop_succeed	4700	41.992909795013	41.98903975122356	-28	0.15827544973648336
909	1	1	1	0.0	0	False	0.2	3.5	5.0	70	0.008	30.0	NA	succeed	early_stop_succeed	7900	45.637020731984315	45.637848209870704	-24	0.11811930275182021
910	1	1	1	0.0	0	False	0.2	4.0	1.1	70	0.008	30.0	NA	succeed	early_stop_succeed	4550	41.98616554645112	42.050101273910954	-28	0.13746814034787327
911	1	1	1	0.0	0	False	0.2	4.0	1.5	70	0.008	30.0	NA	succeed	early_stop_succeed	6600	43.32094823972834	43.3038806236904	-25	0.1288041274141408
912	1	1	1	0.0	0	False	0.2	4.0	2.0	70	0.008	30.0	NA	succeed	early_stop_succeed	5150	42.7889848265768	42.79507100177106	-28	0.12870909944919803
913	1	1	1	0.0	0	False	0.2	4.0	3.0	70	0.008	30.0	NA	succeed	early_stop_succeed	7550	44.57657205467771	44.57826426218792	-25	0.12077908828027295
914	1	1	1	0.0	0	False	0.2	4.0	5.0	70	0.008	30.0	NA	succeed	early_stop_succeed	7650	45.3083705718493	45.37713397666457	-27	0.11021037642265656
915	1	1	1	0.0	0	False	0.2	4.5	1.1	70	0.008	30.0	NA	succeed	early_stop_succeed	5700	43.0120074817499	43.011756960266254	-27	0.11948318263310095
916	1	1	1	0.0	0	False	0.2	4.5	1.5	70	0.008	30.0	NA	succeed	early_stop_succeed	8200	44.78755612016497	44.85430766377404	-26	0.11648618284973171
917	1	1	1	0.0	0	False	0.2	4.5	2.0	70	0.008	30.0	NA	succeed	early_stop_succeed	8950	45.56846825854934	45.537063538849225	-24	0.12587728225873293
918	1	1	1	0.0	0	False	0.2	4.5	3.0	70	0.008	30.0	NA	succeed	early_stop_succeed	5700	43.580729994734945	43.61840250316348	-28	0.13893068724460694
919	1	1	1	0.0	0	False	0.2	4.5	5.0	70	0.008	30.0	NA	succeed	early_stop_succeed	6900	45.29387411621266	45.286716445325276	-25	0.13593759305269817
920	1	1	1	0.0	0	False	0.2	5.0	1.1	70	0.008	30.0	NA	succeed	early_stop_succeed	6150	43.40852312283447	43.38519342579965	-26	0.12359765174921453
921	1	1	1	0.0	0	False	0.2	5.0	1.5	70	0.008	30.0	NA	succeed	early_stop_succeed	10100	45.7641974614105	45.71256357624129	-25	0.10775610231401181
922	1	1	1	0.0	0	False	0.2	5.0	2.0	70	0.008	30.0	NA	succeed	early_stop_succeed	6650	44.219375562465764	44.21537280600383	-27	0.1109282797759424
923	1	1	1	0.0	0	False	0.2	5.0	3.0	70	0.008	30.0	NA	failed	early_stop_failed	9200	46.034971609548045	46.04199752502481	-24	0.12305672354919561
924	1	1	1	0.0	0	False	0.2	5.0	5.0	70	0.008	30.0	NA	succeed	early_stop_succeed	8850	45.71131069034015	45.716542743876346	-26	0.12208722255538491
925	1	1	1	0.0	0	False	0.25	3.0	1.1	70	0.008	30.0	NA	extinct	population_extinct	100000	NA	40.926422764227645	NA	NA
926	1	1	1	0.0	0	False	0.25	3.0	1.5	70	0.008	30.0	NA	succeed	early_stop_succeed	7250	43.60301204162004	43.598567007740044	-26	0.11376756139587375
927	1	1	1	0.0	0	False	0.25	3.0	2.0	70	0.008	30.0	NA	succeed	early_stop_succeed	2450	40.694243875783535	40.681485630653874	-30	0.20562231142601356
928	1	1	1	0.0	0	False	0.25	3.0	3.0	70	0.008	30.0	NA	succeed	early_stop_succeed	7800	43.76744760875622	43.796695808934224	-26	0.12201360879870174
929	1	1	1	0.0	0	False	0.25	3.0	5.0	70	0.008	30.0	NA	failed	early_stop_failed	10100	>46	46.240406074932686	-23	0.09642950004374175
930	1	1	1	0.0	0	False	0.25	3.5	1.1	70	0.008	30.0	NA	succeed	early_stop_succeed	6400	43.330065981906365	43.31750575883646	-26	0.10827787643565522
931	1	1	1	0.0	0	False	0.25	3.5	1.5	70	0.008	30.0	NA	succeed	early_stop_succeed	2750	41.044046973680345	41.04998519754893	-28	0.16547372865925092
932	1	1	1	0.0	0	False	0.25	3.5	2.0	70	0.008	30.0	NA	succeed	early_stop_succeed	7200	43.81427818947675	43.787363852599256	-27	0.14503116851568862
933	1	1	1	0.0	0	False	0.25	3.5	3.0	70	0.008	30.0	NA	succeed	early_stop_succeed	2750	41.0261219422317	41.081681152148406	-30	0.18519928891446485
934	1	1	1	0.0	0	False	0.25	3.5	5.0	70	0.008	30.0	NA	succeed	early_stop_succeed	8450	44.7673848589225	44.81854099509363	-25	0.11826628580645006
935	1	1	1	0.0	0	False	0.25	4.0	1.1	70	0.008	30.0	NA	succeed	early_stop_succeed	6550	42.993352867481434	42.99886626421424	-27	0.11475544583838967
936	1	1	1	0.0	0	False	0.25	4.0	1.5	70	0.008	30.0	NA	succeed	early_stop_succeed	6300	43.05106965338942	43.08866358530065	-27	0.12880254384052972
937	1	1	1	0.0	0	False	0.25	4.0	2.0	70	0.008	30.0	NA	succeed	early_stop_succeed	3800	41.54534503682443	41.55992054940398	-29	0.15699542485283555
938	1	1	1	0.0	0	False	0.25	4.0	3.0	70	0.008	30.0	NA	succeed	early_stop_succeed	6000	43.91887470555926	43.93151711281424	-26	0.1314639019680836
939	1	1	1	0.0	0	False	0.25	4.0	5.0	70	0.008	30.0	NA	succeed	early_stop_succeed	8000	45.46560845696159	45.5307064107364	-26	0.12794664379531898
940	1	1	1	0.0	0	False	0.25	4.5	1.1	70	0.008	30.0	NA	succeed	early_stop_succeed	2050	40.387760582381155	40.3896884377494	-30	0.1963705774579687
941	1	1	1	0.0	0	False	0.25	4.5	1.5	70	0.008	30.0	NA	succeed	early_stop_succeed	3400	41.843182305734175	41.82789968510107	-29	0.1406073066804481
942	1	1	1	0.0	0	False	0.25	4.5	2.0	70	0.008	30.0	NA	succeed	early_stop_succeed	5750	43.260160954630294	43.275590728969	-26	0.13937888126112338
943	1	1	1	0.0	0	False	0.25	4.5	3.0	70	0.008	30.0	NA	succeed	early_stop_succeed	5650	43.8720396386107	43.88106279823721	-26	0.13862625700484993
944	1	1	1	0.0	0	False	0.25	4.5	5.0	70	0.008	30.0	NA	succeed	early_stop_succeed	7200	45.70719110335951	45.707250030438736	-25	0.12732985948818695
945	1	1	1	0.0	0	False	0.25	5.0	1.1	70	0.008	30.0	NA	succeed	early_stop_succeed	8100	44.2773410298213	44.289673434679756	-24	0.1014791150852138
946	1	1	1	0.0	0	False	0.25	5.0	1.5	70	0.008	30.0	NA	succeed	early_stop_succeed	6600	43.9205280984165	43.9017797180711	-27	0.12562151252499743
947	1	1	1	0.0	0	False	0.25	5.0	2.0	70	0.008	30.0	NA	succeed	early_stop_succeed	5300	43.329707341985184	43.327833950925196	-26	0.10896221955635607
948	1	1	1	0.0	0	False	0.25	5.0	3.0	70	0.008	30.0	NA	succeed	early_stop_succeed	8600	45.51208029223932	45.51827617251585	-25	0.16848234421460367
949	1	1	1	0.0	0	False	0.25	5.0	5.0	70	0.008	30.0	NA	succeed	early_stop_succeed	7400	45.10877461181512	45.17551047580305	-24	0.12444479361419548
950	1	1	1	0.0	0	False	0.3	3.0	1.1	70	0.008	30.0	NA	extinct	population_extinct	100000	NA	NA	NA	NA
951	1	1	1	0.0	0	False	0.3	3.0	1.5	70	0.008	30.0	NA	succeed	early_stop_succeed	4850	42.11976052642685	42.07587008803425	-27	0.1510383739655692
952	1	1	1	0.0	0	False	0.3	3.0	2.0	70	0.008	30.0	NA	succeed	early_stop_succeed	5750	42.80213555090133	42.77980524799452	-28	0.13769478247274156
953	1	1	1	0.0	0	False	0.3	3.0	3.0	70	0.008	30.0	NA	succeed	early_stop_succeed	2000	40.43090232033374	40.41345467130101	-30	0.2583054119120272
954	1	1	1	0.0	0	False	0.3	3.0	5.0	70	0.008	30.0	NA	succeed	early_stop_succeed	6800	43.66840637304106	43.65289234161764	-26	0.11411331836505317
955	1	1	1	0.0	0	False	0.3	3.5	1.1	70	0.008	30.0	NA	extinct	population_extinct	100000	NA	38.74348403227047	NA	NA
956	1	1	1	0.0	0	False	0.3	3.5	1.5	70	0.008	30.0	NA	succeed	early_stop_succeed	4200	41.5745738337056	41.568221827177	-30	0.1350639353091495
957	1	1	1	0.0	0	False	0.3	3.5	2.0	70	0.008	30.0	NA	succeed	early_stop_succeed	7250	43.37257056366283	43.340618012123976	-28	0.1307705178017538
958	1	1	1	0.0	0	False	0.3	3.5	3.0	70	0.008	30.0	NA	succeed	early_stop_succeed	8800	45.006882525025155	45.02416313439069	-26	0.11139263100200854
959	1	1	1	0.0	0	False	0.3	3.5	5.0	70	0.008	30.0	NA	succeed	early_stop_succeed	6500	44.062313313084694	44.07018075983517	-28	0.11489864986451577
960	1	1	1	0.0	0	False	0.3	4.0	1.1	70	0.008	30.0	NA	succeed	early_stop_succeed	7100	43.28753918033472	43.29030570426446	-26	0.12444215221190102
961	1	1	1	0.0	0	False	0.3	4.0	1.5	70	0.008	30.0	NA	succeed	early_stop_succeed	4900	42.32711998400643	42.30412852888739	-26	0.12288229328524826
962	1	1	1	0.0	0	False	0.3	4.0	2.0	70	0.008	30.0	NA	succeed	early_stop_succeed	5800	42.79963977659564	42.79436256674681	-26	0.157268104575847
963	1	1	1	0.0	0	False	0.3	4.0	3.0	70	0.008	30.0	NA	succeed	early_stop_succeed	7900	44.92391318151028	44.904241882127785	-24	0.12124842953798297
964	1	1	1	0.0	0	False	0.3	4.0	5.0	70	0.008	30.0	NA	succeed	early_stop_succeed	5950	44.042646809790185	44.015302327911094	-24	0.12560807831789567
965	1	1	1	0.0	0	False	0.3	4.5	1.1	70	0.008	30.0	NA	succeed	early_stop_succeed	8000	43.76779374337957	43.774155057338675	-25	0.13382986261703536
966	1	1	1	0.0	0	False	0.3	4.5	1.5	70	0.008	30.0	NA	succeed	early_stop_succeed	5300	42.82958300119455	42.8423249730911	-27	0.1259377914785264
967	1	1	1	0.0	0	False	0.3	4.5	2.0	70	0.008	30.0	NA	succeed	early_stop_succeed	9400	45.156171823991606	45.153326415139276	-26	0.13137787665694667
968	1	1	1	0.0	0	False	0.3	4.5	3.0	70	0.008	30.0	NA	succeed	early_stop_succeed	7250	44.54069641463216	44.563935552866056	-26	0.11221247832478128
969	1	1	1	0.0	0	False	0.3	4.5	5.0	70	0.008	30.0	NA	succeed	early_stop_succeed	5550	43.91795260166361	43.94477837104097	-27	0.1378044401924737
970	1	1	1	0.0	0	False	0.3	5.0	1.1	70	0.008	30.0	NA	succeed	early_stop_succeed	6850	43.44219768214312	43.455188419395505	-25	0.11920132983798731
971	1	1	1	0.0	0	False	0.3	5.0	1.5	70	0.008	30.0	NA	succeed	early_stop_succeed	7450	43.98476277279111	44.00238841616479	-26	0.1353694835721957
972	1	1	1	0.0	0	False	0.3	5.0	2.0	70	0.008	30.0	NA	succeed	early_stop_succeed	5900	43.61690908886038	43.60899973732964	-27	0.12401585825255858
973	1	1	1	0.0	0	False	0.3	5.0	3.0	70	0.008	30.0	NA	failed	early_stop_failed	9150	>46	46.29647978821699	-24	0.14163129948175088
974	1	1	1	0.0	0	False	0.3	5.0	5.0	70	0.008	30.0	NA	failed	early_stop_failed	8450	46.08379757115119	46.11584762296514	-23	0.10627337302349138
975	1	1	1	0.0	0	False	0.35	3.0	1.1	70	0.008	30.0	NA	extinct	population_extinct	100000	NA	NA	NA	NA
976	1	1	1	0.0	0	False	0.35	3.0	1.5	70	0.008	30.0	NA	succeed	early_stop_succeed	2000	40.21542883813171	40.21185014389127	-29	0.2957941456106128
977	1	1	1	0.0	0	False	0.35	3.0	2.0	70	0.008	30.0	NA	succeed	early_stop_succeed	6350	43.886847129925656	43.90231083966138	-26	0.11820653427490792
978	1	1	1	0.0	0	False	0.35	3.0	3.0	70	0.008	30.0	NA	succeed	early_stop_succeed	8100	44.80456836347846	44.79911303241052	-26	0.11462388807811573
979	1	1	1	0.0	0	False	0.35	3.0	5.0	70	0.008	30.0	NA	succeed	early_stop_succeed	4050	41.50794445563266	41.519970131656564	-30	0.1314778762002687
980	1	1	1	0.0	0	False	0.35	3.5	1.1	70	0.008	30.0	NA	extinct	population_extinct	100000	NA	NA	NA	NA
981	1	1	1	0.0	0	False	0.35	3.5	1.5	70	0.008	30.0	NA	succeed	early_stop_succeed	5700	42.23798204144518	42.25458187599683	-27	0.1370574246633147
982	1	1	1	0.0	0	False	0.35	3.5	2.0	70	0.008	30.0	NA	succeed	early_stop_succeed	5800	43.0742182379612	43.13209099353431	-27	0.12556703725256022
983	1	1	1	0.0	0	False	0.35	3.5	3.0	70	0.008	30.0	NA	succeed	early_stop_succeed	6750	43.60949534933944	43.65417104394554	-26	0.10764326838326788
984	1	1	1	0.0	0	False	0.35	3.5	5.0	70	0.008	30.0	NA	succeed	early_stop_succeed	5450	43.40339543015246	43.45719382818478	-26	0.1215400622766107
985	1	1	1	0.0	0	False	0.35	4.0	1.1	70	0.008	30.0	NA	succeed	early_stop_succeed	6950	43.04927370811626	43.10463915228871	-27	0.11879550403069557
986	1	1	1	0.0	0	False	0.35	4.0	1.5	70	0.008	30.0	NA	succeed	early_stop_succeed	6600	43.39416256713088	43.43940809864784	-26	0.14326487324921008
987	1	1	1	0.0	0	False	0.35	4.0	2.0	70	0.008	30.0	NA	succeed	early_stop_succeed	9300	45.30608149514731	45.33916068845086	-26	0.12587046892253326
988	1	1	1	0.0	0	False	0.35	4.0	3.0	70	0.008	30.0	NA	succeed	early_stop_succeed	6150	43.335476406092376	43.383238274352536	-28	0.1263667822864734
989	1	1	1	0.0	0	False	0.35	4.0	5.0	70	0.008	30.0	NA	succeed	early_stop_succeed	7850	44.91685221492629	44.93822177667671	-25	0.10938286248820647
990	1	1	1	0.0	0	False	0.35	4.5	1.1	70	0.008	30.0	NA	succeed	early_stop_succeed	7000	43.32475385306594	43.34743969098941	-28	0.12142854707335897
991	1	1	1	0.0	0	False	0.35	4.5	1.5	70	0.008	30.0	NA	succeed	early_stop_succeed	5250	42.48578108628316	42.522672670629895	-29	0.12143404171429055
992	1	1	1	0.0	0	False	0.35	4.5	2.0	70	0.008	30.0	NA	succeed	early_stop_succeed	8200	44.81267694384889	44.77996578078781	-27	0.1273554565504296
993	1	1	1	0.0	0	False	0.35	4.5	3.0	70	0.008	30.0	NA	succeed	early_stop_succeed	7200	44.69509731492267	44.69007867901003	-26	0.1296918042375969
994	1	1	1	0.0	0	False	0.35	4.5	5.0	70	0.008	30.0	NA	succeed	early_stop_succeed	6650	45.28775125223027	45.27911250420686	-26	0.13385303311587873
995	1	1	1	0.0	0	False	0.35	5.0	1.1	70	0.008	30.0	NA	succeed	early_stop_succeed	5250	42.499732611753345	42.48293537697861	-28	0.13333994357985607
996	1	1	1	0.0	0	False	0.35	5.0	1.5	70	0.008	30.0	NA	succeed	early_stop_succeed	6750	43.91200524885228	43.88017619672398	-25	0.1141745992663744
997	1	1	1	0.0	0	False	0.35	5.0	2.0	70	0.008	30.0	NA	succeed	early_stop_succeed	7100	44.469510911910014	44.45790571532237	-26	0.12238395204776711
998	1	1	1	0.0	0	False	0.35	5.0	3.0	70	0.008	30.0	NA	succeed	early_stop_succeed	7550	45.38477181070166	45.41977717262239	-25	0.13047349114265194
999	1	1	1	0.0	0	False	0.35	5.0	5.0	70	0.008	30.0	NA	succeed	early_stop_succeed	6550	45.203336345848285	45.23024423129474	-24	0.12729190283270783
1000	1	1	0	0.0	1	False	0.15	3.0	1.1	70	0.008	30.0	0.1	succeed	early_stop_succeed	6100	42.7055159471212	42.7436169202291	-28	0.13523913986017408
1001	1	1	0	0.0	1	False	0.15	3.0	1.5	70	0.008	30.0	0.1	succeed	early_stop_succeed	8150	44.219888363097986	44.27763427066776	-27	0.10434404388346338
1002	1	1	0	0.0	1	False	0.15	3.0	2.0	70	0.008	30.0	0.1	succeed	early_stop_succeed	8350	43.97441577618678	43.988355163221165	-26	0.1385923265509484
1003	1	1	0	0.0	1	False	0.15	3.0	3.0	70	0.008	30.0	0.1	succeed	early_stop_succeed	7800	44.12386143771573	44.102045882137055	-25	0.12546942231732058
1004	1	1	0	0.0	1	False	0.15	3.0	5.0	70	0.008	30.0	0.1	succeed	early_stop_succeed	6950	44.12070521545017	44.11159166070367	-26	0.12626653928561737
1005	1	1	0	0.0	1	False	0.15	3.5	1.1	70	0.008	30.0	0.1	succeed	early_stop_succeed	4850	42.128039475314424	42.104747665930724	-29	0.1259466072443041
1006	1	1	0	0.0	1	False	0.15	3.5	1.5	70	0.008	30.0	0.1	succeed	early_stop_succeed	6850	43.81386893164679	43.79495913080042	-25	0.1248913647877413
1007	1	1	0	0.0	1	False	0.15	3.5	2.0	70	0.008	30.0	0.1	succeed	early_stop_succeed	6250	43.55857474106446	43.58636449440881	-26	0.14160819777608208
1008	1	1	0	0.0	1	False	0.15	3.5	3.0	70	0.008	30.0	0.1	succeed	early_stop_succeed	5550	43.287395188140465	43.2919993450553	-28	0.1512687650834491
1009	1	1	0	0.0	1	False	0.15	3.5	5.0	70	0.008	30.0	0.1	succeed	early_stop_succeed	5650	43.50747432607243	43.48655906940927	-27	0.12404640131730373
1010	1	1	0	0.0	1	False	0.15	4.0	1.1	70	0.008	30.0	0.1	succeed	early_stop_succeed	6000	43.30976688406926	43.315074353881315	-27	0.11521747125644652
1011	1	1	0	0.0	1	False	0.15	4.0	1.5	70	0.008	30.0	0.1	succeed	early_stop_succeed	6650	44.25298432593472	44.26461182899356	-25	0.12015684034432399
1012	1	1	0	0.0	1	False	0.15	4.0	2.0	70	0.008	30.0	0.1	failed	early_stop_failed	9500	46.09231913924995	46.082101151667494	-22	0.10845705413198109
1013	1	1	0	0.0	1	False	0.15	4.0	3.0	70	0.008	30.0	0.1	succeed	early_stop_succeed	7600	45.28819795605525	45.329465061858905	-24	0.12092532758578024
1014	1	1	0	0.0	1	False	0.15	4.0	5.0	70	0.008	30.0	0.1	failed	early_stop_failed	7900	>46	46.31422023048358	-24	0.11105331402156349
1015	1	1	0	0.0	1	False	0.15	4.5	1.1	70	0.008	30.0	0.1	succeed	early_stop_succeed	5550	43.19990424537869	43.21483042131688	-27	0.13520562646487422
1016	1	1	0	0.0	1	False	0.15	4.5	1.5	70	0.008	30.0	0.1	succeed	early_stop_succeed	7200	44.48829796319822	44.477393421274336	-25	0.12735616015301993
1017	1	1	0	0.0	1	False	0.15	4.5	2.0	70	0.008	30.0	0.1	succeed	early_stop_succeed	7750	45.86255278278968	45.84375380593706	-23	0.1275076359574304
1018	1	1	0	0.0	1	False	0.15	4.5	3.0	70	0.008	30.0	0.1	failed	early_stop_failed	8700	46.11359797172495	46.14266151104251	-24	0.11119011250524764
1019	1	1	0	0.0	1	False	0.15	4.5	5.0	70	0.008	30.0	0.1	failed	early_stop_failed	7550	46.15705104820077	46.14241340621517	-26	0.11272492121883829
1020	1	1	0	0.0	1	False	0.15	5.0	1.1	70	0.008	30.0	0.1	succeed	early_stop_succeed	8500	44.59520715266379	44.606371585786206	-26	0.12513380375534416
1021	1	1	0	0.0	1	False	0.15	5.0	1.5	70	0.008	30.0	0.1	succeed	early_stop_succeed	7450	45.20464998070902	45.24254036456094	-25	0.1194096146106673
1022	1	1	0	0.0	1	False	0.15	5.0	2.0	70	0.008	30.0	0.1	failed	early_stop_failed	8650	>46	46.16370084024573	-24	0.11589091369588177
1023	1	1	0	0.0	1	False	0.15	5.0	3.0	70	0.008	30.0	0.1	failed	early_stop_failed	8350	>46	46.19814153748275	-24	0.11048494148512802
1024	1	1	0	0.0	1	False	0.15	5.0	5.0	70	0.008	30.0	0.1	succeed	early_stop_succeed	8100	45.72577021919674	45.76459614292499	-25	0.12042161255323242
1025	1	1	0	0.0	1	False	0.2	3.0	1.1	70	0.008	30.0	0.1	succeed	early_stop_succeed	2200	40.504579076462186	40.53298964921748	-30	0.24641838998482105
1026	1	1	0	0.0	1	False	0.2	3.0	1.5	70	0.008	30.0	0.1	succeed	early_stop_succeed	4900	42.28532536259232	42.27659124745628	-28	0.1331802736803613
1027	1	1	0	0.0	1	False	0.2	3.0	2.0	70	0.008	30.0	0.1	succeed	early_stop_succeed	7550	43.95798329652354	43.9769245408196	-25	0.13043811376328399
1028	1	1	0	0.0	1	False	0.2	3.0	3.0	70	0.008	30.0	0.1	succeed	early_stop_succeed	8850	45.299244403284774	45.31207443385635	-25	0.12406254978078655
1029	1	1	0	0.0	1	False	0.2	3.0	5.0	70	0.008	30.0	0.1	succeed	early_stop_succeed	5800	43.62451476262296	43.57881581108354	-26	0.11882202626559367
1030	1	1	0	0.0	1	False	0.2	3.5	1.1	70	0.008	30.0	0.1	succeed	early_stop_succeed	8350	43.94117517074651	43.945801233519205	-26	0.12564088059558648
1031	1	1	0	0.0	1	False	0.2	3.5	1.5	70	0.008	30.0	0.1	succeed	early_stop_succeed	5800	43.28416594931582	43.34686669419907	-26	0.11688017138388246
1032	1	1	0	0.0	1	False	0.2	3.5	2.0	70	0.008	30.0	0.1	succeed	early_stop_succeed	6350	43.38893769771076	43.430538279866546	-27	0.09903238527764126
1033	1	1	0	0.0	1	False	0.2	3.5	3.0	70	0.008	30.0	0.1	succeed	early_stop_succeed	7750	44.950914114313576	44.9791759126633	-26	0.1377254550460526
1034	1	1	0	0.0	1	False	0.2	3.5	5.0	70	0.008	30.0	0.1	failed	early_stop_failed	9400	45.980149488615105	46.011274715966366	-24	0.10945714167227713
1035	1	1	0	0.0	1	False	0.2	4.0	1.1	70	0.008	30.0	0.1	succeed	early_stop_succeed	7200	43.811728251627244	43.86515750956877	-26	0.12019221435393684
1036	1	1	0	0.0	1	False	0.2	4.0	1.5	70	0.008	30.0	0.1	succeed	early_stop_succeed	9250	45.03648251476131	45.09406197516982	-24	0.13046664066226765
1037	1	1	0	0.0	1	False	0.2	4.0	2.0	70	0.008	30.0	0.1	succeed	early_stop_succeed	8150	44.93506235136556	45.0346751326385	-24	0.1270942850119878
1038	1	1	0	0.0	1	False	0.2	4.0	3.0	70	0.008	30.0	0.1	failed	early_stop_failed	8850	>46	46.13432869279452	-25	0.11776219413601005
1039	1	1	0	0.0	1	False	0.2	4.0	5.0	70	0.008	30.0	0.1	succeed	early_stop_succeed	6500	44.75707349062727	44.773695382031114	-26	0.13560590772695136
1040	1	1	0	0.0	1	False	0.2	4.5	1.1	70	0.008	30.0	0.1	succeed	early_stop_succeed	10000	45.0356670655698	45.065598037754405	-24	0.13133211168062633
1041	1	1	0	0.0	1	False	0.2	4.5	1.5	70	0.008	30.0	0.1	succeed	early_stop_succeed	7450	45.03133652134095	45.04200420704211	-24	0.13079190483911063
1042	1	1	0	0.0	1	False	0.2	4.5	2.0	70	0.008	30.0	0.1	succeed	early_stop_succeed	5950	44.21216427046898	44.23336455430294	-26	0.1253069091789734
1043	1	1	0	0.0	1	False	0.2	4.5	3.0	70	0.008	30.0	0.1	succeed	early_stop_succeed	5750	44.181232034043326	44.19769697665299	-25	0.13783899402107072
1044	1	1	0	0.0	1	False	0.2	4.5	5.0	70	0.008	30.0	0.1	succeed	early_stop_succeed	5800	43.63004867320046	43.648626959081376	-26	0.12125223035381749
1045	1	1	0	0.0	1	False	0.2	5.0	1.1	70	0.008	30.0	0.1	succeed	early_stop_succeed	6700	44.070201628203165	44.10538451177292	-26	0.13183686117271115
1046	1	1	0	0.0	1	False	0.2	5.0	1.5	70	0.008	30.0	0.1	succeed	early_stop_succeed	5950	44.18341692397305	44.18973970310945	-24	0.11362020957479438
1047	1	1	0	0.0	1	False	0.2	5.0	2.0	70	0.008	30.0	0.1	succeed	early_stop_succeed	8300	45.88331921609077	45.89179292424939	-25	0.1291805659938288
1048	1	1	0	0.0	1	False	0.2	5.0	3.0	70	0.008	30.0	0.1	succeed	early_stop_succeed	7000	44.91790753782542	44.89663843487075	-26	0.13509691997507145
1049	1	1	0	0.0	1	False	0.2	5.0	5.0	70	0.008	30.0	0.1	succeed	early_stop_succeed	6550	45.053186374214654	45.162484983469206	-24	0.12559481770703612
1050	1	1	0	0.0	1	False	0.25	3.0	1.1	70	0.008	30.0	0.1	extinct	population_extinct	100000	NA	NA	NA	NA
1051	1	1	0	0.0	1	False	0.25	3.0	1.5	70	0.008	30.0	0.1	succeed	early_stop_succeed	6200	42.863479275913086	42.86491303701949	-28	0.11089437104258763
1052	1	1	0	0.0	1	False	0.25	3.0	2.0	70	0.008	30.0	0.1	succeed	early_stop_succeed	6400	43.24250017740886	43.22542918534687	-26	0.1039239439256941
1053	1	1	0	0.0	1	False	0.25	3.0	3.0	70	0.008	30.0	0.1	succeed	early_stop_succeed	6900	43.9162685305715	43.998560595984394	-26	0.12756359065157596
1054	1	1	0	0.0	1	False	0.25	3.0	5.0	70	0.008	30.0	0.1	succeed	early_stop_succeed	6500	43.593878418363666	43.51850791466004	-25	0.12883748525634497
1055	1	1	0	0.0	1	False	0.25	3.5	1.1	70	0.008	30.0	0.1	succeed	early_stop_succeed	2750	40.492406689519505	40.50124912342449	-30	0.1823287122943665
1056	1	1	0	0.0	1	False	0.25	3.5	1.5	70	0.008	30.0	0.1	succeed	early_stop_succeed	5150	42.390483549294885	42.38032515087188	-28	0.1326328995780831
1057	1	1	0	0.0	1	False	0.25	3.5	2.0	70	0.008	30.0	0.1	succeed	early_stop_succeed	7250	43.93823159613547	43.975296508296594	-26	0.13217033356897762
1058	1	1	0	0.0	1	False	0.25	3.5	3.0	70	0.008	30.0	0.1	succeed	early_stop_succeed	8850	45.20557769447393	45.21843032623478	-26	0.11250377994976996
1059	1	1	0	0.0	1	False	0.25	3.5	5.0	70	0.008	30.0	0.1	succeed	early_stop_succeed	8000	45.77041075155593	45.74264846394904	-27	0.11419514368914367
1060	1	1	0	0.0	1	False	0.25	4.0	1.1	70	0.008	30.0	0.1	succeed	early_stop_succeed	6250	42.91971716912208	42.88180087926976	-27	0.14935370801777906
1061	1	1	0	0.0	1	False	0.25	4.0	1.5	70	0.008	30.0	0.1	succeed	early_stop_succeed	6550	43.166917924915445	43.16908228197464	-28	0.1255189593039482
1062	1	1	0	0.0	1	False	0.25	4.0	2.0	70	0.008	30.0	0.1	succeed	early_stop_succeed	6700	44.223101347408694	44.229483567142395	-26	0.10065240610125943
1063	1	1	0	0.0	1	False	0.25	4.0	3.0	70	0.008	30.0	0.1	succeed	early_stop_succeed	2100	40.71052285851855	40.68078395020105	-30	0.22063506310580214
1064	1	1	0	0.0	1	False	0.25	4.0	5.0	70	0.008	30.0	0.1	succeed	early_stop_succeed	8350	45.53676255273263	45.557648618089544	-25	0.12281943449707734
1065	1	1	0	0.0	1	False	0.25	4.5	1.1	70	0.008	30.0	0.1	succeed	early_stop_succeed	5400	42.51965460886409	42.49812704448606	-28	0.14528365619468583
1066	1	1	0	0.0	1	False	0.25	4.5	1.5	70	0.008	30.0	0.1	succeed	early_stop_succeed	6950	44.19307663032145	44.15217722529755	-27	0.1241722690231199
1067	1	1	0	0.0	1	False	0.25	4.5	2.0	70	0.008	30.0	0.1	succeed	early_stop_succeed	5600	43.28550415559771	43.30996000380963	-26	0.13479391467322338
1068	1	1	0	0.0	1	False	0.25	4.5	3.0	70	0.008	30.0	0.1	succeed	early_stop_succeed	7000	44.84523460118557	44.887391346886524	-25	0.1548340056190225
1069	1	1	0	0.0	1	False	0.25	4.5	5.0	70	0.008	30.0	0.1	succeed	early_stop_succeed	7750	44.79894557709686	44.77717117862114	-25	0.16441579333559247
1070	1	1	0	0.0	1	False	0.25	5.0	1.1	70	0.008	30.0	0.1	succeed	early_stop_succeed	6950	43.588974228630704	43.602866293407416	-25	0.11225836074157641
1071	1	1	0	0.0	1	False	0.25	5.0	1.5	70	0.008	30.0	0.1	failed	early_stop_failed	9000	46.00162591658435	46.02844933147791	-25	0.12142783492362724
1072	1	1	0	0.0	1	False	0.25	5.0	2.0	70	0.008	30.0	0.1	failed	early_stop_failed	8300	>46	46.31592547923333	-25	0.11327433813675597
1073	1	1	0	0.0	1	False	0.25	5.0	3.0	70	0.008	30.0	0.1	succeed	early_stop_succeed	8100	45.75002117429422	45.76866792428976	-25	0.14062550380495037
1074	1	1	0	0.0	1	False	0.25	5.0	5.0	70	0.008	30.0	0.1	succeed	early_stop_succeed	6900	45.33688394916404	45.27612676979719	-23	0.1172955707537075
1075	1	1	0	0.0	1	False	0.3	3.0	1.1	70	0.008	30.0	0.1	extinct	population_extinct	100000	NA	NA	NA	NA
1076	1	1	0	0.0	1	False	0.3	3.0	1.5	70	0.008	30.0	0.1	succeed	early_stop_succeed	2300	40.304333527606474	40.293174512670326	-30	0.23044664951096436
1077	1	1	0	0.0	1	False	0.3	3.0	2.0	70	0.008	30.0	0.1	succeed	early_stop_succeed	5150	42.43096565283544	42.405107335819125	-27	0.15044414884631693
1078	1	1	0	0.0	1	False	0.3	3.0	3.0	70	0.008	30.0	0.1	succeed	early_stop_succeed	7750	44.22396126483364	44.256472646439825	-25	0.12101415847184761
1079	1	1	0	0.0	1	False	0.3	3.0	5.0	70	0.008	30.0	0.1	succeed	early_stop_succeed	7150	44.164302277358935	44.22551148218416	-25	0.12403497214964174
1080	1	1	0	0.0	1	False	0.3	3.5	1.1	70	0.008	30.0	0.1	extinct	population_extinct	100000	NA	40.21830345956552	NA	NA
1081	1	1	0	0.0	1	False	0.3	3.5	1.5	70	0.008	30.0	0.1	succeed	early_stop_succeed	7300	43.33785735548009	43.35745991254894	-25	0.11643444369828279
1082	1	1	0	0.0	1	False	0.3	3.5	2.0	70	0.008	30.0	0.1	succeed	early_stop_succeed	4850	42.340012984981655	42.3243597648479	-27	0.1573946014378162
1083	1	1	0	0.0	1	False	0.3	3.5	3.0	70	0.008	30.0	0.1	succeed	early_stop_succeed	8750	45.75972972270451	45.78151575968166	-24	0.10352836224298223
1084	1	1	0	0.0	1	False	0.3	3.5	5.0	70	0.008	30.0	0.1	failed	early_stop_failed	9700	>46	46.18969222740548	-25	0.11201872924926316
1085	1	1	0	0.0	1	False	0.3	4.0	1.1	70	0.008	30.0	0.1	succeed	early_stop_succeed	3750	41.4417856469459	41.41621398316875	-30	0.13496913689655443
1086	1	1	0	0.0	1	False	0.3	4.0	1.5	70	0.008	30.0	0.1	succeed	early_stop_succeed	3500	41.45658160267959	41.46052054050374	-28	0.14985406772097268
1087	1	1	0	0.0	1	False	0.3	4.0	2.0	70	0.008	30.0	0.1	succeed	early_stop_succeed	11400	45.61359140170107	45.69211459084477	-26	0.1021935699779416
1088	1	1	0	0.0	1	False	0.3	4.0	3.0	70	0.008	30.0	0.1	succeed	early_stop_succeed	7150	45.397686456303454	45.40632263070009	-26	0.10551046017664976
1089	1	1	0	0.0	1	False	0.3	4.0	5.0	70	0.008	30.0	0.1	failed	early_stop_failed	8150	>46	46.309688031821544	-24	0.09345964156886692
1090	1	1	0	0.0	1	False	0.3	4.5	1.1	70	0.008	30.0	0.1	succeed	early_stop_succeed	5050	42.30378453296327	42.284935896973565	-28	0.1308443183700021
1091	1	1	0	0.0	1	False	0.3	4.5	1.5	70	0.008	30.0	0.1	succeed	early_stop_succeed	3150	41.15920151960866	41.18335747089038	-29	0.1595600614480907
1092	1	1	0	0.0	1	False	0.3	4.5	2.0	70	0.008	30.0	0.1	succeed	early_stop_succeed	6350	43.80532409160502	43.85309112655901	-27	0.12918723891880293
1093	1	1	0	0.0	1	False	0.3	4.5	3.0	70	0.008	30.0	0.1	succeed	early_stop_succeed	6000	44.32238121149833	44.368666632565336	-27	0.12482317642730062
1094	1	1	0	0.0	1	False	0.3	4.5	5.0	70	0.008	30.0	0.1	failed	early_stop_failed	9100	>46	46.14752504422194	-25	0.13413109357399658
1095	1	1	0	0.0	1	False	0.3	5.0	1.1	70	0.008	30.0	0.1	succeed	early_stop_succeed	8000	43.94156826963704	44.01067936802198	-26	0.13244678930608839
1096	1	1	0	0.0	1	False	0.3	5.0	1.5	70	0.008	30.0	0.1	succeed	early_stop_succeed	7900	44.58371728751175	44.60658138423592	-27	0.12591268247007878
1097	1	1	0	0.0	1	False	0.3	5.0	2.0	70	0.008	30.0	0.1	succeed	early_stop_succeed	4750	43.391453102665125	43.44700282030009	-26	0.1353392135001046
1098	1	1	0	0.0	1	False	0.3	5.0	3.0	70	0.008	30.0	0.1	succeed	early_stop_succeed	7200	44.981474093850835	45.026931761681084	-25	0.12487790101277081
1099	1	1	0	0.0	1	False	0.3	5.0	5.0	70	0.008	30.0	0.1	failed	early_stop_failed	7500	45.98129262100529	46.006474976386855	-26	0.10349322755669582
1100	1	1	0	0.0	1	False	0.35	3.0	1.1	70	0.008	30.0	0.1	extinct	population_extinct	100000	NA	NA	NA	NA
1101	1	1	0	0.0	1	False	0.35	3.0	1.5	70	0.008	30.0	0.1	succeed	early_stop_succeed	2150	40.69139422382998	40.73549312979981	-28	0.20345473237353326
1102	1	1	0	0.0	1	False	0.35	3.0	2.0	70	0.008	30.0	0.1	succeed	early_stop_succeed	7850	43.60765709260776	43.607636716721885	-27	0.13317343399458936
1103	1	1	0	0.0	1	False	0.35	3.0	3.0	70	0.008	30.0	0.1	succeed	early_stop_succeed	8650	44.79764513455276	44.83906189333998	-29	0.09785070762692563
1104	1	1	0	0.0	1	False	0.35	3.0	5.0	70	0.008	30.0	0.1	succeed	early_stop_succeed	8900	44.79734988023869	44.787732700740634	-25	0.11772339588653842
1105	1	1	0	0.0	1	False	0.35	3.5	1.1	70	0.008	30.0	0.1	extinct	population_extinct	100000	NA	NA	NA	NA
1106	1	1	0	0.0	1	False	0.35	3.5	1.5	70	0.008	30.0	0.1	succeed	early_stop_succeed	7500	43.27192204086577	43.322009003622796	-26	0.13507545416867814
1107	1	1	0	0.0	1	False	0.35	3.5	2.0	70	0.008	30.0	0.1	succeed	early_stop_succeed	2050	40.56497314102559	40.548778592598815	-30	0.2491514238793382
1108	1	1	0	0.0	1	False	0.35	3.5	3.0	70	0.008	30.0	0.1	succeed	early_stop_succeed	5900	43.64347683291281	43.61164500413023	-27	0.11142431866428318
1109	1	1	0	0.0	1	False	0.35	3.5	5.0	70	0.008	30.0	0.1	succeed	early_stop_succeed	6850	44.233179774110994	44.3074107931505	-26	0.1537297442442352
1110	1	1	0	0.0	1	False	0.35	4.0	1.1	70	0.008	30.0	0.1	succeed	early_stop_succeed	6250	42.73597956079353	42.71768785275081	-26	0.14103478531283023
1111	1	1	0	0.0	1	False	0.35	4.0	1.5	70	0.008	30.0	0.1	succeed	early_stop_succeed	3700	41.50031155446414	41.488305327702825	-29	0.15285628431843035
1112	1	1	0	0.0	1	False	0.35	4.0	2.0	70	0.008	30.0	0.1	succeed	early_stop_succeed	5900	43.264586390616884	43.26379401253528	-28	0.12996302204798327
1113	1	1	0	0.0	1	False	0.35	4.0	3.0	70	0.008	30.0	0.1	succeed	early_stop_succeed	7800	45.06598272722198	45.05683661115579	-26	0.13029916953900855
1114	1	1	0	0.0	1	False	0.35	4.0	5.0	70	0.008	30.0	0.1	succeed	early_stop_succeed	8300	45.74421474575586	45.739671680436835	-23	0.12797199750130958
1115	1	1	0	0.0	1	False	0.35	4.5	1.1	70	0.008	30.0	0.1	succeed	early_stop_succeed	5950	42.71232115068307	42.78174968297985	-27	0.14368204284672578
1116	1	1	0	0.0	1	False	0.35	4.5	1.5	70	0.008	30.0	0.1	succeed	early_stop_succeed	6700	44.00351575552575	43.99347750758218	-26	0.11860190033133249
1117	1	1	0	0.0	1	False	0.35	4.5	2.0	70	0.008	30.0	0.1	succeed	early_stop_succeed	7200	44.50926079081422	44.550864734003575	-26	0.14478744270471855
1118	1	1	0	0.0	1	False	0.35	4.5	3.0	70	0.008	30.0	0.1	succeed	early_stop_succeed	8600	45.29732054319292	45.328569031022575	-26	0.12877541512442794
1119	1	1	0	0.0	1	False	0.35	4.5	5.0	70	0.008	30.0	0.1	succeed	early_stop_succeed	6900	44.84475185692248	44.844953701427656	-26	0.13256946605467573
1120	1	1	0	0.0	1	False	0.35	5.0	1.1	70	0.008	30.0	0.1	succeed	early_stop_succeed	6000	42.9576051414388	42.97520377747369	-27	0.15283852149463922
1121	1	1	0	0.0	1	False	0.35	5.0	1.5	70	0.008	30.0	0.1	succeed	early_stop_succeed	7900	44.86681237702749	44.89434029319446	-26	0.12254740182026536
1122	1	1	0	0.0	1	False	0.35	5.0	2.0	70	0.008	30.0	0.1	succeed	early_stop_succeed	6450	43.919675516704245	43.93756249165922	-27	0.13182830639639215
1123	1	1	0	0.0	1	False	0.35	5.0	3.0	70	0.008	30.0	0.1	succeed	early_stop_succeed	7600	44.55057904681662	44.527596492293405	-26	0.1254745685105339
1124	1	1	0	0.0	1	False	0.35	5.0	5.0	70	0.008	30.0	0.1	succeed	early_stop_succeed	6600	45.642561017246656	45.678411347483575	-24	0.11528758535229908
1125	1	0	1	0.0	1	False	0.15	3.0	1.1	70	NA	NA	0.1	failed	early_stop_failed	4600	>46	46.96344630348244	-23	0.12403704964419654
1126	1	0	1	0.0	1	False	0.15	3.0	1.5	70	NA	NA	0.1	failed	early_stop_failed	4700	>46	46.71836420360967	-24	0.10830426897081509
1127	1	0	1	0.0	1	False	0.15	3.0	2.0	70	NA	NA	0.1	failed	early_stop_failed	4450	>46	46.71562276009011	-23	0.1172255756308262
1128	1	0	1	0.0	1	False	0.15	3.0	3.0	70	NA	NA	0.1	failed	early_stop_failed	4850	>46	46.53350516234663	-22	0.1258644855492166
1129	1	0	1	0.0	1	False	0.15	3.0	5.0	70	NA	NA	0.1	failed	early_stop_failed	4850	>46	46.65990586695886	-25	0.11260239866987248
1130	1	0	1	0.0	1	False	0.15	3.5	1.1	70	NA	NA	0.1	failed	early_stop_failed	4950	>46	46.942830988824205	-23	0.10784984046014362
1131	1	0	1	0.0	1	False	0.15	3.5	1.5	70	NA	NA	0.1	failed	early_stop_failed	4900	>46	46.73843736183982	-22	0.0953496552660826
1132	1	0	1	0.0	1	False	0.15	3.5	2.0	70	NA	NA	0.1	failed	early_stop_failed	5250	>46	46.67347699251696	-25	0.12708171285214753
1133	1	0	1	0.0	1	False	0.15	3.5	3.0	70	NA	NA	0.1	failed	early_stop_failed	4650	>46	46.61889970620517	-22	0.12164503968901831
1134	1	0	1	0.0	1	False	0.15	3.5	5.0	70	NA	NA	0.1	failed	early_stop_failed	4950	>46	46.862344629540324	-23	0.12805440489985254
1135	1	0	1	0.0	1	False	0.15	4.0	1.1	70	NA	NA	0.1	failed	early_stop_failed	4500	>46	46.64248768287747	-23	0.12184048849859959
1136	1	0	1	0.0	1	False	0.15	4.0	1.5	70	NA	NA	0.1	failed	early_stop_failed	4350	>46	46.90885585223653	-26	0.08597710859006097
1137	1	0	1	0.0	1	False	0.15	4.0	2.0	70	NA	NA	0.1	failed	early_stop_failed	5350	>46	46.51443747052437	-23	0.11976055455952406
1138	1	0	1	0.0	1	False	0.15	4.0	3.0	70	NA	NA	0.1	failed	early_stop_failed	4850	>46	46.69547887174723	-24	0.11065395452148347
1139	1	0	1	0.0	1	False	0.15	4.0	5.0	70	NA	NA	0.1	failed	early_stop_failed	4950	>46	46.664559590474305	-24	0.12020545372021811
1140	1	0	1	0.0	1	False	0.15	4.5	1.1	70	NA	NA	0.1	failed	early_stop_failed	5450	>46	46.58847019080067	-22	0.13818445777769706
1141	1	0	1	0.0	1	False	0.15	4.5	1.5	70	NA	NA	0.1	failed	early_stop_failed	4850	>46	46.47324863623366	-21	0.12771051008988865
1142	1	0	1	0.0	1	False	0.15	4.5	2.0	70	NA	NA	0.1	failed	early_stop_failed	5600	>46	46.744150351394	-22	0.13270681932345624
1143	1	0	1	0.0	1	False	0.15	4.5	3.0	70	NA	NA	0.1	failed	early_stop_failed	5050	>46	46.71453739815798	-24	0.1413602157507577
1144	1	0	1	0.0	1	False	0.15	4.5	5.0	70	NA	NA	0.1	failed	early_stop_failed	5000	>46	46.541698002258755	-24	0.12311121413691506
1145	1	0	1	0.0	1	False	0.15	5.0	1.1	70	NA	NA	0.1	failed	early_stop_failed	4800	>46	46.809693240691345	-22	0.09713037309732543
1146	1	0	1	0.0	1	False	0.15	5.0	1.5	70	NA	NA	0.1	failed	early_stop_failed	4700	>46	46.561939194601685	-25	0.12279035951346529
1147	1	0	1	0.0	1	False	0.15	5.0	2.0	70	NA	NA	0.1	failed	early_stop_failed	4450	>46	46.573870081016416	-23	0.1457189719033725
1148	1	0	1	0.0	1	False	0.15	5.0	3.0	70	NA	NA	0.1	failed	early_stop_failed	4500	>46	46.69906298885427	-23	0.10329669988759807
1149	1	0	1	0.0	1	False	0.15	5.0	5.0	70	NA	NA	0.1	failed	early_stop_failed	4900	>46	46.45948362086217	-24	0.11207025494628214
1150	1	0	1	0.0	1	False	0.2	3.0	1.1	70	NA	NA	0.1	failed	early_stop_failed	4600	>46	46.95986782923215	-19	0.10655248453952015
1151	1	0	1	0.0	1	False	0.2	3.0	1.5	70	NA	NA	0.1	failed	early_stop_failed	4350	>46	46.73717878095055	-27	0.08774493212782203
1152	1	0	1	0.0	1	False	0.2	3.0	2.0	70	NA	NA	0.1	failed	early_stop_failed	4900	>46	46.719018599048866	-23	0.12446174089354012
1153	1	0	1	0.0	1	False	0.2	3.0	3.0	70	NA	NA	0.1	failed	early_stop_failed	4350	>46	46.8258647039558	-18	0.11972592476688282
1154	1	0	1	0.0	1	False	0.2	3.0	5.0	70	NA	NA	0.1	failed	early_stop_failed	3500	>46	47.874515600405644	-14	0.07828985754486503
1155	1	0	1	0.0	1	False	0.2	3.5	1.1	70	NA	NA	0.1	failed	early_stop_failed	4800	>46	47.0303660859902	-24	0.10516183467594674
1156	1	0	1	0.0	1	False	0.2	3.5	1.5	70	NA	NA	0.1	failed	early_stop_failed	4650	>46	46.76104968186139	-20	0.0983427560708927
1157	1	0	1	0.0	1	False	0.2	3.5	2.0	70	NA	NA	0.1	failed	early_stop_failed	5000	>46	46.868946599219065	-21	0.12673002682444895
1158	1	0	1	0.0	1	False	0.2	3.5	3.0	70	NA	NA	0.1	failed	early_stop_failed	4800	>46	46.85689413969219	-20	0.10550776997423952
1159	1	0	1	0.0	1	False	0.2	3.5	5.0	70	NA	NA	0.1	failed	early_stop_failed	4650	>46	46.565081674622604	-20	0.1082999191136874
1160	1	0	1	0.0	1	False	0.2	4.0	1.1	70	NA	NA	0.1	failed	early_stop_failed	4700	>46	46.618610429325834	-20	0.10700486213053895
1161	1	0	1	0.0	1	False	0.2	4.0	1.5	70	NA	NA	0.1	failed	early_stop_failed	4800	>46	46.50455909615823	-24	0.10921983589715754
1162	1	0	1	0.0	1	False	0.2	4.0	2.0	70	NA	NA	0.1	failed	early_stop_failed	5050	>46	46.57809397585981	-24	0.11301929567926657
1163	1	0	1	0.0	1	False	0.2	4.0	3.0	70	NA	NA	0.1	failed	early_stop_failed	5100	>46	46.899555911839954	-24	0.11355645326318786
1164	1	0	1	0.0	1	False	0.2	4.0	5.0	70	NA	NA	0.1	failed	early_stop_failed	4750	>46	46.76509577981543	-24	0.12017318237883436
1165	1	0	1	0.0	1	False	0.2	4.5	1.1	70	NA	NA	0.1	failed	early_stop_failed	5000	>46	46.45979812861558	-24	0.12609792099650885
1166	1	0	1	0.0	1	False	0.2	4.5	1.5	70	NA	NA	0.1	failed	early_stop_failed	5150	>46	46.5308339195089	-23	0.11533219679023654
1167	1	0	1	0.0	1	False	0.2	4.5	2.0	70	NA	NA	0.1	failed	early_stop_failed	5100	>46	46.541970792617796	-23	0.12287093121041
1168	1	0	1	0.0	1	False	0.2	4.5	3.0	70	NA	NA	0.1	failed	early_stop_failed	5050	>46	46.60804231995583	-22	0.10106807215056604
1169	1	0	1	0.0	1	False	0.2	4.5	5.0	70	NA	NA	0.1	failed	early_stop_failed	5250	>46	46.42275554801707	-24	0.14136251553675197
1170	1	0	1	0.0	1	False	0.2	5.0	1.1	70	NA	NA	0.1	failed	early_stop_failed	5050	>46	46.72181110095291	-23	0.11765768607177585
1171	1	0	1	0.0	1	False	0.2	5.0	1.5	70	NA	NA	0.1	failed	early_stop_failed	4350	>46	46.61419859267143	-23	0.13481738149050637
1172	1	0	1	0.0	1	False	0.2	5.0	2.0	70	NA	NA	0.1	failed	early_stop_failed	4850	>46	46.64843630178828	-22	0.12621253937396987
1173	1	0	1	0.0	1	False	0.2	5.0	3.0	70	NA	NA	0.1	failed	early_stop_failed	4600	>46	46.558568795362326	-23	0.1465837681100534
1174	1	0	1	0.0	1	False	0.2	5.0	5.0	70	NA	NA	0.1	failed	early_stop_failed	4600	>46	46.63944807306702	-24	0.14639553049859913
1175	1	0	1	0.0	1	False	0.25	3.0	1.1	70	NA	NA	0.1	extinct	population_extinct	100000	NA	41.61248856356915	NA	NA
1176	1	0	1	0.0	1	False	0.25	3.0	1.5	70	NA	NA	0.1	failed	early_stop_failed	4400	>46	46.690317928370746	-23	0.12797878416488134
1177	1	0	1	0.0	1	False	0.25	3.0	2.0	70	NA	NA	0.1	failed	early_stop_failed	4850	>46	46.489813099462175	-23	0.11601491923232748
1178	1	0	1	0.0	1	False	0.25	3.0	3.0	70	NA	NA	0.1	failed	early_stop_failed	4800	>46	46.491710704213304	-24	0.11467710434173829
1179	1	0	1	0.0	1	False	0.25	3.0	5.0	70	NA	NA	0.1	failed	early_stop_failed	5350	>46	46.57679774088459	-25	0.11844912561771674
1180	1	0	1	0.0	1	False	0.25	3.5	1.1	70	NA	NA	0.1	failed	early_stop_failed	5550	>46	46.50277652086478	-22	0.1251599782857569
1181	1	0	1	0.0	1	False	0.25	3.5	1.5	70	NA	NA	0.1	failed	early_stop_failed	4950	>46	46.49009789522647	-23	0.14472736611048168
1182	1	0	1	0.0	1	False	0.25	3.5	2.0	70	NA	NA	0.1	failed	early_stop_failed	5200	>46	46.5971859650291	-23	0.13631125921994877
1183	1	0	1	0.0	1	False	0.25	3.5	3.0	70	NA	NA	0.1	failed	early_stop_failed	5700	>46	46.53674243583827	-24	0.12901133259841494
1184	1	0	1	0.0	1	False	0.25	3.5	5.0	70	NA	NA	0.1	failed	early_stop_failed	4550	>46	46.602530387944235	-22	0.12884217224967362
1185	1	0	1	0.0	1	False	0.25	4.0	1.1	70	NA	NA	0.1	failed	early_stop_failed	4450	>46	46.65865669487892	-22	0.1192027526619668
1186	1	0	1	0.0	1	False	0.25	4.0	1.5	70	NA	NA	0.1	failed	early_stop_failed	5050	>46	46.4771414242359	-22	0.13468786531760046
1187	1	0	1	0.0	1	False	0.25	4.0	2.0	70	NA	NA	0.1	failed	early_stop_failed	5200	>46	46.41413664660659	-23	0.13992485409943226
1188	1	0	1	0.0	1	False	0.25	4.0	3.0	70	NA	NA	0.1	failed	early_stop_failed	4700	>46	46.67762089253569	-23	0.14242327712591796
1189	1	0	1	0.0	1	False	0.25	4.0	5.0	70	NA	NA	0.1	failed	early_stop_failed	4800	>46	46.38659951904365	-22	0.127023002717206
1190	1	0	1	0.0	1	False	0.25	4.5	1.1	70	NA	NA	0.1	failed	early_stop_failed	5050	>46	46.689355596898196	-25	0.11536066027150277
1191	1	0	1	0.0	1	False	0.25	4.5	1.5	70	NA	NA	0.1	failed	early_stop_failed	5200	>46	46.73508730486878	-22	0.12443773072389529
1192	1	0	1	0.0	1	False	0.25	4.5	2.0	70	NA	NA	0.1	failed	early_stop_failed	4350	>46	46.71920364238961	-19	0.10084322647454036
1193	1	0	1	0.0	1	False	0.25	4.5	3.0	70	NA	NA	0.1	failed	early_stop_failed	4700	>46	46.72983993889193	-21	0.11458746067905698
1194	1	0	1	0.0	1	False	0.25	4.5	5.0	70	NA	NA	0.1	failed	early_stop_failed	4500	>46	46.54102215003318	-22	0.10931388514613018
1195	1	0	1	0.0	1	False	0.25	5.0	1.1	70	NA	NA	0.1	failed	early_stop_failed	4450	>46	46.58534981070371	-21	0.105903039188879
1196	1	0	1	0.0	1	False	0.25	5.0	1.5	70	NA	NA	0.1	failed	early_stop_failed	4800	>46	46.90074857564939	-26	0.09885321091805815
1197	1	0	1	0.0	1	False	0.25	5.0	2.0	70	NA	NA	0.1	failed	early_stop_failed	4650	>46	46.50422158837218	-22	0.12290703927834684
1198	1	0	1	0.0	1	False	0.25	5.0	3.0	70	NA	NA	0.1	failed	early_stop_failed	5000	>46	46.478418066766096	-22	0.12451210660684214
1199	1	0	1	0.0	1	False	0.25	5.0	5.0	70	NA	NA	0.1	failed	early_stop_failed	4400	>46	46.669653224015576	-25	0.10466556322383334
1200	1	0	1	0.0	1	False	0.3	3.0	1.1	70	NA	NA	0.1	extinct	population_extinct	100000	NA	NA	NA	NA
1201	1	0	1	0.0	1	False	0.3	3.0	1.5	70	NA	NA	0.1	failed	early_stop_failed	4850	>46	46.84322337441364	-23	0.12897981044385454
1202	1	0	1	0.0	1	False	0.3	3.0	2.0	70	NA	NA	0.1	failed	early_stop_failed	4750	>46	46.8958399230122	-24	0.1083176875412955
1203	1	0	1	0.0	1	False	0.3	3.0	3.0	70	NA	NA	0.1	failed	early_stop_failed	5050	>46	46.80272905786431	-22	0.12969158638944195
1204	1	0	1	0.0	1	False	0.3	3.0	5.0	70	NA	NA	0.1	failed	early_stop_failed	4800	>46	46.79367098928457	-22	0.12063656040761675
1205	1	0	1	0.0	1	False	0.3	3.5	1.1	70	NA	NA	0.1	failed	early_stop_failed	4950	>46	46.72803965910943	-24	0.11522270850901492
1206	1	0	1	0.0	1	False	0.3	3.5	1.5	70	NA	NA	0.1	failed	early_stop_failed	4850	>46	46.75753830073447	-22	0.14527633526211997
1207	1	0	1	0.0	1	False	0.3	3.5	2.0	70	NA	NA	0.1	failed	early_stop_failed	4750	>46	46.923176817393234	-22	0.11161603130714734
1208	1	0	1	0.0	1	False	0.3	3.5	3.0	70	NA	NA	0.1	failed	early_stop_failed	4950	>46	46.73162270519922	-21	0.10926134107735941
1209	1	0	1	0.0	1	False	0.3	3.5	5.0	70	NA	NA	0.1	failed	early_stop_failed	5200	>46	46.481918716921676	-23	0.15396217610273583
1210	1	0	1	0.0	1	False	0.3	4.0	1.1	70	NA	NA	0.1	failed	early_stop_failed	4700	>46	46.541131702489245	-23	0.12296570730890208
1211	1	0	1	0.0	1	False	0.3	4.0	1.5	70	NA	NA	0.1	failed	early_stop_failed	4200	>46	46.985599540516965	-24	0.07687576486981658
1212	1	0	1	0.0	1	False	0.3	4.0	2.0	70	NA	NA	0.1	failed	early_stop_failed	4200	>46	46.88752515452648	-26	0.0851221103821155
1213	1	0	1	0.0	1	False	0.3	4.0	3.0	70	NA	NA	0.1	failed	early_stop_failed	5000	>46	46.66323198778683	-22	0.15548942251352252
1214	1	0	1	0.0	1	False	0.3	4.0	5.0	70	NA	NA	0.1	failed	early_stop_failed	4700	>46	46.59822435757867	-22	0.17362116310894815
1215	1	0	1	0.0	1	False	0.3	4.5	1.1	70	NA	NA	0.1	failed	early_stop_failed	5250	>46	46.546250882528796	-24	0.12447154968679328
1216	1	0	1	0.0	1	False	0.3	4.5	1.5	70	NA	NA	0.1	failed	early_stop_failed	4800	>46	46.80362961551441	-22	0.09443992414273207
1217	1	0	1	0.0	1	False	0.3	4.5	2.0	70	NA	NA	0.1	failed	early_stop_failed	5300	>46	46.53035551135958	-24	0.1242431999441911
1218	1	0	1	0.0	1	False	0.3	4.5	3.0	70	NA	NA	0.1	failed	early_stop_failed	5100	>46	46.56404639336736	-23	0.15048739042072076
1219	1	0	1	0.0	1	False	0.3	4.5	5.0	70	NA	NA	0.1	failed	early_stop_failed	4650	>46	46.76579093909654	-21	0.11203032248135852
1220	1	0	1	0.0	1	False	0.3	5.0	1.1	70	NA	NA	0.1	failed	early_stop_failed	5200	>46	46.873783391819465	-20	0.09600953154420194
1221	1	0	1	0.0	1	False	0.3	5.0	1.5	70	NA	NA	0.1	failed	early_stop_failed	4900	>46	46.66921859218132	-23	0.12572638589488505
1222	1	0	1	0.0	1	False	0.3	5.0	2.0	70	NA	NA	0.1	failed	early_stop_failed	4650	>46	46.462632845377705	-23	0.11894404457603294
1223	1	0	1	0.0	1	False	0.3	5.0	3.0	70	NA	NA	0.1	failed	early_stop_failed	4700	>46	46.58626470687249	-22	0.14962387146319242
1224	1	0	1	0.0	1	False	0.3	5.0	5.0	70	NA	NA	0.1	failed	early_stop_failed	4300	>46	46.57784452027602	-22	0.11471375449775603
1225	1	0	1	0.0	1	False	0.35	3.0	1.1	70	NA	NA	0.1	extinct	population_extinct	100000	NA	NA	NA	NA
1226	1	0	1	0.0	1	False	0.35	3.0	1.5	70	NA	NA	0.1	failed	early_stop_failed	4750	>46	46.3960320838479	-23	0.11455226436361603
1227	1	0	1	0.0	1	False	0.35	3.0	2.0	70	NA	NA	0.1	failed	early_stop_failed	4850	>46	46.831247562545265	-23	0.12005501251288048
1228	1	0	1	0.0	1	False	0.35	3.0	3.0	70	NA	NA	0.1	failed	early_stop_failed	4450	>46	46.68961892644893	-22	0.1139419916138051
1229	1	0	1	0.0	1	False	0.35	3.0	5.0	70	NA	NA	0.1	failed	early_stop_failed	4800	>46	46.53710729923359	-23	0.13178866393681143
1230	1	0	1	0.0	1	False	0.35	3.5	1.1	70	NA	NA	0.1	extinct	population_extinct	100000	NA	41.223126362632755	NA	NA
1231	1	0	1	0.0	1	False	0.35	3.5	1.5	70	NA	NA	0.1	failed	early_stop_failed	4850	>46	46.626316204569974	-24	0.13743102150716432
1232	1	0	1	0.0	1	False	0.35	3.5	2.0	70	NA	NA	0.1	failed	early_stop_failed	4300	>46	46.65403559474381	-22	0.15729717634104243
1233	1	0	1	0.0	1	False	0.35	3.5	3.0	70	NA	NA	0.1	failed	early_stop_failed	5050	>46	46.613734634579664	-24	0.1324086249522556
1234	1	0	1	0.0	1	False	0.35	3.5	5.0	70	NA	NA	0.1	failed	early_stop_failed	5100	>46	46.663606189183426	-24	0.12234740503495392
1235	1	0	1	0.0	1	False	0.35	4.0	1.1	70	NA	NA	0.1	failed	early_stop_failed	4750	>46	46.64556437768588	-21	0.11589390880941802
1236	1	0	1	0.0	1	False	0.35	4.0	1.5	70	NA	NA	0.1	failed	early_stop_failed	4800	>46	46.65110775300077	-22	0.14351476210966607
1237	1	0	1	0.0	1	False	0.35	4.0	2.0	70	NA	NA	0.1	failed	early_stop_failed	4650	>46	46.86266176035094	-21	0.10047639771202546
1238	1	0	1	0.0	1	False	0.35	4.0	3.0	70	NA	NA	0.1	failed	early_stop_failed	4400	>46	46.550479184809504	-22	0.12092572866721159
1239	1	0	1	0.0	1	False	0.35	4.0	5.0	70	NA	NA	0.1	failed	early_stop_failed	5500	>46	46.45444758055365	-23	0.1397551224658986
1240	1	0	1	0.0	1	False	0.35	4.5	1.1	70	NA	NA	0.1	failed	early_stop_failed	4900	>46	46.56117462728852	-22	0.13783829913583034
1241	1	0	1	0.0	1	False	0.35	4.5	1.5	70	NA	NA	0.1	failed	early_stop_failed	4700	>46	46.55451748375941	-21	0.10341864809395959
1242	1	0	1	0.0	1	False	0.35	4.5	2.0	70	NA	NA	0.1	failed	early_stop_failed	4250	>46	46.85594738294472	-21	0.10665514162336304
1243	1	0	1	0.0	1	False	0.35	4.5	3.0	70	NA	NA	0.1	failed	early_stop_failed	4750	>46	46.64989777000768	-21	0.11093320517271404
1244	1	0	1	0.0	1	False	0.35	4.5	5.0	70	NA	NA	0.1	failed	early_stop_failed	4650	>46	46.634090034049244	-21	0.1262812106830823
1245	1	0	1	0.0	1	False	0.35	5.0	1.1	70	NA	NA	0.1	failed	early_stop_failed	5100	>46	46.678264509235596	-23	0.10983407990262602
1246	1	0	1	0.0	1	False	0.35	5.0	1.5	70	NA	NA	0.1	failed	early_stop_failed	5300	>46	46.66060540601011	-22	0.12384519786910939
1247	1	0	1	0.0	1	False	0.35	5.0	2.0	70	NA	NA	0.1	failed	early_stop_failed	4850	>46	46.55780568301091	-23	0.1239271773844551
1248	1	0	1	0.0	1	False	0.35	5.0	3.0	70	NA	NA	0.1	failed	early_stop_failed	4900	>46	46.68637188626672	-22	0.121321744012975
1249	1	0	1	0.0	1	False	0.35	5.0	5.0	70	NA	NA	0.1	failed	early_stop_failed	4400	>46	46.53057645055209	-22	0.11901537046158626
1250	1	1	1	0.0	1	False	0.15	3.0	1.1	70	0.008	30.0	0.1	succeed	early_stop_succeed	2400	40.57365050311067	40.59478515407564	-30	0.19948629593224776
1251	1	1	1	0.0	1	False	0.15	3.0	1.5	70	0.008	30.0	0.1	succeed	early_stop_succeed	6450	42.61143131028887	42.645589050829855	-27	0.1291605718790752
1252	1	1	1	0.0	1	False	0.15	3.0	2.0	70	0.008	30.0	0.1	succeed	early_stop_succeed	5550	42.687639022860864	42.704629539098	-28	0.12912121762266296
1253	1	1	1	0.0	1	False	0.15	3.0	3.0	70	0.008	30.0	0.1	succeed	early_stop_succeed	6950	43.75295036335146	43.77408795417719	-26	0.12129777654749503
1254	1	1	1	0.0	1	False	0.15	3.0	5.0	70	0.008	30.0	0.1	succeed	early_stop_succeed	7300	44.494502315521196	44.52151265869896	-25	0.0914705850507499
1255	1	1	1	0.0	1	False	0.15	3.5	1.1	70	0.008	30.0	0.1	succeed	early_stop_succeed	2550	40.70973175350325	40.684316395642256	-30	0.20484811802474265
1256	1	1	1	0.0	1	False	0.15	3.5	1.5	70	0.008	30.0	0.1	succeed	early_stop_succeed	2050	40.559432790074396	40.556293401801	-30	0.22250219709475394
1257	1	1	1	0.0	1	False	0.15	3.5	2.0	70	0.008	30.0	0.1	succeed	early_stop_succeed	8850	44.51706334895467	44.53368815191537	-26	0.1179851023155816
1258	1	1	1	0.0	1	False	0.15	3.5	3.0	70	0.008	30.0	0.1	succeed	early_stop_succeed	7450	45.034610397024174	45.014885777792486	-26	0.09483460742660137
1259	1	1	1	0.0	1	False	0.15	3.5	5.0	70	0.008	30.0	0.1	succeed	early_stop_succeed	6800	44.023318330860754	44.037543988477616	-27	0.11925570751094045
1260	1	1	1	0.0	1	False	0.15	4.0	1.1	70	0.008	30.0	0.1	succeed	early_stop_succeed	8250	44.56081451386312	44.59612032036178	-27	0.11505998890240617
1261	1	1	1	0.0	1	False	0.15	4.0	1.5	70	0.008	30.0	0.1	succeed	early_stop_succeed	6250	43.43857202046314	43.42444257731513	-26	0.14179079602400746
1262	1	1	1	0.0	1	False	0.15	4.0	2.0	70	0.008	30.0	0.1	succeed	early_stop_succeed	5550	43.049757165832595	43.062195953299195	-27	0.13827150620683348
1263	1	1	1	0.0	1	False	0.15	4.0	3.0	70	0.008	30.0	0.1	succeed	early_stop_succeed	5300	43.071745366876314	43.052628091892274	-26	0.1409832883765268
1264	1	1	1	0.0	1	False	0.15	4.0	5.0	70	0.008	30.0	0.1	succeed	early_stop_succeed	5600	43.60729156177686	43.623003510878654	-25	0.1316710680991981
1265	1	1	1	0.0	1	False	0.15	4.5	1.1	70	0.008	30.0	0.1	succeed	early_stop_succeed	5250	42.80232835043849	42.83268163006997	-29	0.12169667344830519
1266	1	1	1	0.0	1	False	0.15	4.5	1.5	70	0.008	30.0	0.1	succeed	early_stop_succeed	6550	43.67195016248667	43.75896565101051	-25	0.14015326063665323
1267	1	1	1	0.0	1	False	0.15	4.5	2.0	70	0.008	30.0	0.1	succeed	early_stop_succeed	6700	44.314308062229536	44.314811116060554	-25	0.14210202175234635
1268	1	1	1	0.0	1	False	0.15	4.5	3.0	70	0.008	30.0	0.1	succeed	early_stop_succeed	7700	45.565306515883655	45.57919505811343	-25	0.10129213120064252
1269	1	1	1	0.0	1	False	0.15	4.5	5.0	70	0.008	30.0	0.1	succeed	early_stop_succeed	7350	45.41473309734767	45.38932827228818	-24	0.12496954566476987
1270	1	1	1	0.0	1	False	0.15	5.0	1.1	70	0.008	30.0	0.1	succeed	early_stop_succeed	7050	43.830608162015096	43.8335683017455	-26	0.12383060381738885
1271	1	1	1	0.0	1	False	0.15	5.0	1.5	70	0.008	30.0	0.1	succeed	early_stop_succeed	4450	42.60724661556836	42.61898357909931	-26	0.16262210773965155
1272	1	1	1	0.0	1	False	0.15	5.0	2.0	70	0.008	30.0	0.1	failed	early_stop_failed	8050	46.20951345033333	46.2376415437808	-23	0.11440220170634975
1273	1	1	1	0.0	1	False	0.15	5.0	3.0	70	0.008	30.0	0.1	succeed	early_stop_succeed	5650	44.19684850416271	44.23908843440654	-24	0.10778527577024725
1274	1	1	1	0.0	1	False	0.15	5.0	5.0	70	0.008	30.0	0.1	succeed	early_stop_succeed	7150	45.54814686827949	45.574800257889166	-25	0.14317349889280906
1275	1	1	1	0.0	1	False	0.2	3.0	1.1	70	0.008	30.0	0.1	succeed	early_stop_succeed	2250	40.05750715645873	40.050544222221156	-30	0.2281697016597438
1276	1	1	1	0.0	1	False	0.2	3.0	1.5	70	0.008	30.0	0.1	succeed	early_stop_succeed	6050	42.5134154269155	42.534913923219364	-27	0.13209359933423903
1277	1	1	1	0.0	1	False	0.2	3.0	2.0	70	0.008	30.0	0.1	succeed	early_stop_succeed	7400	43.64462522609708	43.72798627308633	-27	0.11414495789493356
1278	1	1	1	0.0	1	False	0.2	3.0	3.0	70	0.008	30.0	0.1	succeed	early_stop_succeed	4900	42.30955677916865	42.31011597097156	-28	0.14439220878786882
1279	1	1	1	0.0	1	False	0.2	3.0	5.0	70	0.008	30.0	0.1	succeed	early_stop_succeed	7250	45.11812764676217	45.127474431306524	-26	0.12272587634212431
1280	1	1	1	0.0	1	False	0.2	3.5	1.1	70	0.008	30.0	0.1	succeed	early_stop_succeed	6050	42.56398168501608	42.52321045595735	-27	0.1269754911063065
1281	1	1	1	0.0	1	False	0.2	3.5	1.5	70	0.008	30.0	0.1	succeed	early_stop_succeed	8400	44.18478515212697	44.20361891852048	-27	0.09785148742706061
1282	1	1	1	0.0	1	False	0.2	3.5	2.0	70	0.008	30.0	0.1	succeed	early_stop_succeed	7100	43.67413355608462	43.68107351882529	-27	0.11216922650371805
1283	1	1	1	0.0	1	False	0.2	3.5	3.0	70	0.008	30.0	0.1	succeed	early_stop_succeed	7550	44.50997265513146	44.552243355453655	-27	0.1322388696488578
1284	1	1	1	0.0	1	False	0.2	3.5	5.0	70	0.008	30.0	0.1	succeed	early_stop_succeed	7900	45.09449114278101	45.16115979197333	-25	0.13166381284248932
1285	1	1	1	0.0	1	False	0.2	4.0	1.1	70	0.008	30.0	0.1	succeed	early_stop_succeed	4800	42.22543723193102	42.20372899811523	-28	0.1621362360111935
1286	1	1	1	0.0	1	False	0.2	4.0	1.5	70	0.008	30.0	0.1	succeed	early_stop_succeed	7750	44.04195233915942	44.05242710159989	-26	0.1151360051135834
1287	1	1	1	0.0	1	False	0.2	4.0	2.0	70	0.008	30.0	0.1	succeed	early_stop_succeed	7600	44.478613965792256	44.499805950909646	-25	0.14264606201257224
1288	1	1	1	0.0	1	False	0.2	4.0	3.0	70	0.008	30.0	0.1	succeed	early_stop_succeed	6050	43.9683091417072	43.97522723368342	-27	0.1296327892913519
1289	1	1	1	0.0	1	False	0.2	4.0	5.0	70	0.008	30.0	0.1	succeed	early_stop_succeed	5250	43.5569747598118	43.56242659062823	-26	0.14913623275204604
1290	1	1	1	0.0	1	False	0.2	4.5	1.1	70	0.008	30.0	0.1	succeed	early_stop_succeed	6000	42.84243714982832	42.86073406185918	-28	0.1321407801329479
1291	1	1	1	0.0	1	False	0.2	4.5	1.5	70	0.008	30.0	0.1	succeed	early_stop_succeed	8250	44.71381996630725	44.6890357049412	-27	0.12149031992464417
1292	1	1	1	0.0	1	False	0.2	4.5	2.0	70	0.008	30.0	0.1	succeed	early_stop_succeed	7550	44.200203449060524	44.20269043636349	-25	0.11389212511883065
1293	1	1	1	0.0	1	False	0.2	4.5	3.0	70	0.008	30.0	0.1	succeed	early_stop_succeed	4450	43.05059345316187	43.07925972708162	-26	0.15488065038119575
1294	1	1	1	0.0	1	False	0.2	4.5	5.0	70	0.008	30.0	0.1	succeed	early_stop_succeed	5700	44.509343397653595	44.53162601878337	-24	0.13844199870273421
1295	1	1	1	0.0	1	False	0.2	5.0	1.1	70	0.008	30.0	0.1	succeed	early_stop_succeed	5750	42.63744640696805	42.66869690775591	-28	0.12386292295242313
1296	1	1	1	0.0	1	False	0.2	5.0	1.5	70	0.008	30.0	0.1	succeed	early_stop_succeed	6450	43.74957074628598	43.75376270013611	-27	0.135008141145197
1297	1	1	1	0.0	1	False	0.2	5.0	2.0	70	0.008	30.0	0.1	succeed	early_stop_succeed	7100	44.93265906607991	44.915864577983285	-26	0.13026804312287335
1298	1	1	1	0.0	1	False	0.2	5.0	3.0	70	0.008	30.0	0.1	succeed	early_stop_succeed	6000	44.109334841282106	44.097985433115134	-26	0.1584581045009302
1299	1	1	1	0.0	1	False	0.2	5.0	5.0	70	0.008	30.0	0.1	succeed	early_stop_succeed	5200	44.13460389169817	44.12630686051345	-26	0.11671848982209759
1300	1	1	1	0.0	1	False	0.25	3.0	1.1	70	0.008	30.0	0.1	extinct	population_extinct	100000	NA	NA	NA	NA
1301	1	1	1	0.0	1	False	0.25	3.0	1.5	70	0.008	30.0	0.1	succeed	early_stop_succeed	8200	43.33596979364095	43.33686507828956	-27	0.12355677747672233
1302	1	1	1	0.0	1	False	0.25	3.0	2.0	70	0.008	30.0	0.1	succeed	early_stop_succeed	8900	44.70189656580249	44.74526792606856	-27	0.08485188282153164
1303	1	1	1	0.0	1	False	0.25	3.0	3.0	70	0.008	30.0	0.1	succeed	early_stop_succeed	6150	43.08977793908981	43.089426596554546	-26	0.1335353721444687
1304	1	1	1	0.0	1	False	0.25	3.0	5.0	70	0.008	30.0	0.1	succeed	early_stop_succeed	6650	44.05474191662242	44.087898127828225	-26	0.12288926871661106
1305	1	1	1	0.0	1	False	0.25	3.5	1.1	70	0.008	30.0	0.1	succeed	early_stop_succeed	3100	40.68129470847361	40.70429338997192	-30	0.13008673305913226
1306	1	1	1	0.0	1	False	0.25	3.5	1.5	70	0.008	30.0	0.1	succeed	early_stop_succeed	2200	40.456711099111374	40.44776705076054	-30	0.20970454834548277
1307	1	1	1	0.0	1	False	0.25	3.5	2.0	70	0.008	30.0	0.1	succeed	early_stop_succeed	4950	42.61546562168337	42.629978978763695	-28	0.12771318092519496
1308	1	1	1	0.0	1	False	0.25	3.5	3.0	70	0.008	30.0	0.1	succeed	early_stop_succeed	8750	44.5520018266723	44.623050945593725	-24	0.11463398706540426
1309	1	1	1	0.0	1	False	0.25	3.5	5.0	70	0.008	30.0	0.1	succeed	early_stop_succeed	8550	45.974356478104994	45.951120241929836	-25	0.13086120769700357
1310	1	1	1	0.0	1	False	0.25	4.0	1.1	70	0.008	30.0	0.1	succeed	early_stop_succeed	7500	42.984216095100045	43.00543486030708	-26	0.1476945785973293
1311	1	1	1	0.0	1	False	0.25	4.0	1.5	70	0.008	30.0	0.1	succeed	early_stop_succeed	6400	43.283765312262695	43.29083360581098	-29	0.12373912844383733
1312	1	1	1	0.0	1	False	0.25	4.0	2.0	70	0.008	30.0	0.1	succeed	early_stop_succeed	3800	42.224300293494444	42.223487307813016	-28	0.15145023448651743
1313	1	1	1	0.0	1	False	0.25	4.0	3.0	70	0.008	30.0	0.1	succeed	early_stop_succeed	7450	44.42890687759622	44.37406399293094	-27	0.12199947954405232
1314	1	1	1	0.0	1	False	0.25	4.0	5.0	70	0.008	30.0	0.1	succeed	early_stop_succeed	8800	45.43220599475775	45.4692873080571	-26	0.12135404258444644
1315	1	1	1	0.0	1	False	0.25	4.5	1.1	70	0.008	30.0	0.1	succeed	early_stop_succeed	6200	42.631299881091245	42.691547098855054	-27	0.13212167999180685
1316	1	1	1	0.0	1	False	0.25	4.5	1.5	70	0.008	30.0	0.1	succeed	early_stop_succeed	6050	42.87602967555702	42.92220868977255	-28	0.1464196840406845
1317	1	1	1	0.0	1	False	0.25	4.5	2.0	70	0.008	30.0	0.1	succeed	early_stop_succeed	9300	45.01943799456775	44.9994672184323	-25	0.12570861826038118
1318	1	1	1	0.0	1	False	0.25	4.5	3.0	70	0.008	30.0	0.1	succeed	early_stop_succeed	6150	44.242587097425364	44.2536442388078	-27	0.14663254572872755
1319	1	1	1	0.0	1	False	0.25	4.5	5.0	70	0.008	30.0	0.1	succeed	early_stop_succeed	6600	44.40682321001242	44.43468185636177	-26	0.14922030114144957
1320	1	1	1	0.0	1	False	0.25	5.0	1.1	70	0.008	30.0	0.1	succeed	early_stop_succeed	7650	43.81896548174203	43.853797745401216	-26	0.11721684102120454
1321	1	1	1	0.0	1	False	0.25	5.0	1.5	70	0.008	30.0	0.1	succeed	early_stop_succeed	6600	43.885620644263696	43.88783827805368	-26	0.15115376694389654
1322	1	1	1	0.0	1	False	0.25	5.0	2.0	70	0.008	30.0	0.1	succeed	early_stop_succeed	8300	45.390721567714515	45.368378158090636	-23	0.10679450775018587
1323	1	1	1	0.0	1	False	0.25	5.0	3.0	70	0.008	30.0	0.1	succeed	early_stop_succeed	7700	45.659092929132605	45.64757631437952	-25	0.1123743484781986
1324	1	1	1	0.0	1	False	0.25	5.0	5.0	70	0.008	30.0	0.1	succeed	early_stop_succeed	7350	45.322945179173956	45.3754715924979	-25	0.12490456075905211
1325	1	1	1	0.0	1	False	0.3	3.0	1.1	70	0.008	30.0	0.1	extinct	population_extinct	100000	NA	NA	NA	NA
1326	1	1	1	0.0	1	False	0.3	3.0	1.5	70	0.008	30.0	0.1	succeed	early_stop_succeed	2200	40.006402224281494	39.84986692145492	-32	0.28530987328974117
1327	1	1	1	0.0	1	False	0.3	3.0	2.0	70	0.008	30.0	0.1	succeed	early_stop_succeed	4300	41.7843120204067	41.76711583132408	-29	0.13247947583277425
1328	1	1	1	0.0	1	False	0.3	3.0	3.0	70	0.008	30.0	0.1	succeed	early_stop_succeed	5550	42.54470389271007	42.49993390132427	-29	0.11248720303809424
1329	1	1	1	0.0	1	False	0.3	3.0	5.0	70	0.008	30.0	0.1	succeed	early_stop_succeed	3300	41.21073748921628	41.24522258443483	-28	0.15211076417084857
1330	1	1	1	0.0	1	False	0.3	3.5	1.1	70	0.008	30.0	0.1	extinct	population_extinct	100000	NA	NA	NA	NA
1331	1	1	1	0.0	1	False	0.3	3.5	1.5	70	0.008	30.0	0.1	succeed	early_stop_succeed	6600	42.70291308007801	42.68975110688754	-26	0.11910359456409805
1332	1	1	1	0.0	1	False	0.3	3.5	2.0	70	0.008	30.0	0.1	succeed	early_stop_succeed	2650	40.55352993586001	40.54378645646424	-30	0.20644678013044707
1333	1	1	1	0.0	1	False	0.3	3.5	3.0	70	0.008	30.0	0.1	succeed	early_stop_succeed	4950	42.46159914295624	42.45764665520111	-28	0.11100962450554443
1334	1	1	1	0.0	1	False	0.3	3.5	5.0	70	0.008	30.0	0.1	succeed	early_stop_succeed	2000	40.468107261175184	40.472797936756876	-30	0.2773114959145833
1335	1	1	1	0.0	1	False	0.3	4.0	1.1	70	0.008	30.0	0.1	succeed	early_stop_succeed	6400	42.64416140816612	42.65901000688644	-26	0.12263213092025892
1336	1	1	1	0.0	1	False	0.3	4.0	1.5	70	0.008	30.0	0.1	succeed	early_stop_succeed	4900	41.91777293110121	41.930503359813336	-27	0.13967813666074202
1337	1	1	1	0.0	1	False	0.3	4.0	2.0	70	0.008	30.0	0.1	succeed	early_stop_succeed	8150	44.359297196538485	44.3657485228717	-26	0.11103690264587758
1338	1	1	1	0.0	1	False	0.3	4.0	3.0	70	0.008	30.0	0.1	failed	early_stop_failed	10850	>46	46.22005985564754	-25	0.12228545222220014
1339	1	1	1	0.0	1	False	0.3	4.0	5.0	70	0.008	30.0	0.1	succeed	early_stop_succeed	6400	44.59612777799469	44.658046200160385	-24	0.1348358659902209
1340	1	1	1	0.0	1	False	0.3	4.5	1.1	70	0.008	30.0	0.1	succeed	early_stop_succeed	5650	42.337923777210115	42.355386396775096	-29	0.12930451095159504
1341	1	1	1	0.0	1	False	0.3	4.5	1.5	70	0.008	30.0	0.1	succeed	early_stop_succeed	4800	42.11913142353528	42.139867132922696	-28	0.141676295663829
1342	1	1	1	0.0	1	False	0.3	4.5	2.0	70	0.008	30.0	0.1	succeed	early_stop_succeed	6350	43.62695551310961	43.672120455746175	-25	0.12473802646909894
1343	1	1	1	0.0	1	False	0.3	4.5	3.0	70	0.008	30.0	0.1	succeed	early_stop_succeed	8000	44.748244923102376	44.78211708685904	-26	0.13384440413068316
1344	1	1	1	0.0	1	False	0.3	4.5	5.0	70	0.008	30.0	0.1	succeed	early_stop_succeed	6300	44.82573461459144	44.86877041095286	-25	0.1205975191139515
1345	1	1	1	0.0	1	False	0.3	5.0	1.1	70	0.008	30.0	0.1	succeed	early_stop_succeed	2050	40.573687628535126	40.55091165676914	-30	0.2234911430655018
1346	1	1	1	0.0	1	False	0.3	5.0	1.5	70	0.008	30.0	0.1	succeed	early_stop_succeed	7450	44.03245950235351	44.06666366029873	-26	0.12650171483347045
1347	1	1	1	0.0	1	False	0.3	5.0	2.0	70	0.008	30.0	0.1	succeed	early_stop_succeed	9050	45.6313651963336	45.53082249884748	-25	0.11680688721923356
1348	1	1	1	0.0	1	False	0.3	5.0	3.0	70	0.008	30.0	0.1	succeed	early_stop_succeed	8100	45.51776260910803	45.539272410164045	-26	0.1256002009773756
1349	1	1	1	0.0	1	False	0.3	5.0	5.0	70	0.008	30.0	0.1	succeed	early_stop_succeed	6650	45.23395468738427	45.2553829636298	-26	0.14272652555446788
1350	1	1	1	0.0	1	False	0.35	3.0	1.1	70	0.008	30.0	0.1	extinct	population_extinct	100000	NA	NA	NA	NA
1351	1	1	1	0.0	1	False	0.35	3.0	1.5	70	0.008	30.0	0.1	extinct	population_extinct	100000	NA	NA	NA	NA
1352	1	1	1	0.0	1	False	0.35	3.0	2.0	70	0.008	30.0	0.1	succeed	early_stop_succeed	2750	40.63486210584293	40.638451250526764	-30	0.19639453282887864
1353	1	1	1	0.0	1	False	0.35	3.0	3.0	70	0.008	30.0	0.1	succeed	early_stop_succeed	6400	42.97402459169373	43.014420319084095	-26	0.10917008037052772
1354	1	1	1	0.0	1	False	0.35	3.0	5.0	70	0.008	30.0	0.1	succeed	early_stop_succeed	8800	45.300086855253745	45.30021513521354	-27	0.1149946753832713
1355	1	1	1	0.0	1	False	0.35	3.5	1.1	70	0.008	30.0	0.1	extinct	population_extinct	100000	NA	NA	NA	NA
1356	1	1	1	0.0	1	False	0.35	3.5	1.5	70	0.008	30.0	0.1	succeed	early_stop_succeed	2350	40.43870928871366	40.441718216481746	-30	0.22573189958556772
1357	1	1	1	0.0	1	False	0.35	3.5	2.0	70	0.008	30.0	0.1	succeed	early_stop_succeed	2100	40.394144254324104	40.40727606872918	-30	0.2279903832316349
1358	1	1	1	0.0	1	False	0.35	3.5	3.0	70	0.008	30.0	0.1	succeed	early_stop_succeed	7200	43.9570097627592	44.017181663877345	-26	0.1123426885541404
1359	1	1	1	0.0	1	False	0.35	3.5	5.0	70	0.008	30.0	0.1	succeed	early_stop_succeed	8150	44.93647894685685	44.938863830778764	-23	0.11466585311123628
1360	1	1	1	0.0	1	False	0.35	4.0	1.1	70	0.008	30.0	0.1	succeed	early_stop_succeed	2050	40.41911704435087	40.41246732641739	-29	0.19319930634062124
1361	1	1	1	0.0	1	False	0.35	4.0	1.5	70	0.008	30.0	0.1	succeed	early_stop_succeed	5150	41.723938642288516	41.71746254742077	-28	0.14142874405092676
1362	1	1	1	0.0	1	False	0.35	4.0	2.0	70	0.008	30.0	0.1	succeed	early_stop_succeed	8250	43.79868799645563	43.82647304635336	-27	0.1048532502223794
1363	1	1	1	0.0	1	False	0.35	4.0	3.0	70	0.008	30.0	0.1	succeed	early_stop_succeed	6350	43.91170326586887	43.93322986558908	-26	0.12736267837088538
1364	1	1	1	0.0	1	False	0.35	4.0	5.0	70	0.008	30.0	0.1	succeed	early_stop_succeed	6750	44.345622333610166	44.36966095359151	-27	0.11631070685589434
1365	1	1	1	0.0	1	False	0.35	4.5	1.1	70	0.008	30.0	0.1	succeed	early_stop_succeed	6500	43.14706928947808	43.13103554164014	-27	0.11048078483195585
1366	1	1	1	0.0	1	False	0.35	4.5	1.5	70	0.008	30.0	0.1	succeed	early_stop_succeed	4200	42.09341955422321	42.07337555694334	-28	0.13904483915918006
1367	1	1	1	0.0	1	False	0.35	4.5	2.0	70	0.008	30.0	0.1	succeed	early_stop_succeed	4800	42.39182781998696	42.40341805676727	-28	0.12237880659733122
1368	1	1	1	0.0	1	False	0.35	4.5	3.0	70	0.008	30.0	0.1	succeed	early_stop_succeed	8950	45.63319950322195	45.64258541193197	-23	0.1274604148573136
1369	1	1	1	0.0	1	False	0.35	4.5	5.0	70	0.008	30.0	0.1	succeed	early_stop_succeed	7350	45.72599766998983	45.7382427613287	-24	0.1371970812059732
1370	1	1	1	0.0	1	False	0.35	5.0	1.1	70	0.008	30.0	0.1	succeed	early_stop_succeed	7200	43.56552818087724	43.62571304407762	-28	0.11435461335451144
1371	1	1	1	0.0	1	False	0.35	5.0	1.5	70	0.008	30.0	0.1	succeed	early_stop_succeed	5850	43.17522011311482	43.167157097485905	-27	0.1147787032859977
1372	1	1	1	0.0	1	False	0.35	5.0	2.0	70	0.008	30.0	0.1	succeed	early_stop_succeed	6100	43.77190526681471	43.79327431286889	-27	0.14676830865540344
1373	1	1	1	0.0	1	False	0.35	5.0	3.0	70	0.008	30.0	0.1	failed	early_stop_failed	8050	>46	46.25602534074251	-24	0.12253773087925895
1374	1	1	1	0.0	1	False	0.35	5.0	5.0	70	0.008	30.0	0.1	succeed	early_stop_succeed	7550	45.82357451210711	45.833177166916094	-24	0.11246535744927418
1375	0	0	0	NA	0	False	NA	NA	NA	70	NA	NA	NA	failed	early_stop_failed	4850	>46	46.63486429210272	-21	0.13837463835799868
1376	0	0	0	NA	0	False	NA	NA	NA	70	NA	NA	NA	failed	early_stop_failed	4200	>46	46.68893290715589	-22	0.12419565824650389
1377	0	0	0	NA	0	False	NA	NA	NA	70	NA	NA	NA	failed	early_stop_failed	4500	>46	46.75107247898142	-23	0.12005975354616759
1378	0	0	0	NA	0	False	NA	NA	NA	70	NA	NA	NA	failed	early_stop_failed	4650	>46	46.60844877439554	-22	0.13043741976578727
1379	0	0	0	NA	0	False	NA	NA	NA	70	NA	NA	NA	failed	early_stop_failed	4750	>46	46.43675146920905	-22	0.13993208905222634
1380	0	0	0	NA	0	False	NA	NA	NA	70	NA	NA	NA	failed	early_stop_failed	4550	>46	46.46382816921037	-23	0.1380056786158338
1381	0	0	0	NA	0	False	NA	NA	NA	70	NA	NA	NA	failed	early_stop_failed	4300	>46	46.99067831259197	-23	0.11015576511212527
1382	0	0	0	NA	0	False	NA	NA	NA	70	NA	NA	NA	failed	early_stop_failed	4500	>46	46.63065261095124	-23	0.13286514262857635
1383	0	0	0	NA	0	False	NA	NA	NA	70	NA	NA	NA	failed	early_stop_failed	4150	>46	46.79542218448091	-24	0.1242338421796452
1384	0	0	0	NA	0	False	NA	NA	NA	70	NA	NA	NA	failed	early_stop_failed	4550	>46	46.61416354287218	-25	0.11703215550581066
1385	0	0	0	NA	0	False	NA	NA	NA	70	NA	NA	NA	failed	early_stop_failed	4650	>46	46.67869166719512	-22	0.11944898042529747
1386	0	0	0	NA	0	False	NA	NA	NA	70	NA	NA	NA	failed	early_stop_failed	4650	>46	46.92067966763541	-24	0.13739528646222193
1387	0	0	0	NA	0	False	NA	NA	NA	70	NA	NA	NA	failed	early_stop_failed	4150	>46	46.643569307487525	-21	0.10656763796423395
1388	0	0	0	NA	0	False	NA	NA	NA	70	NA	NA	NA	failed	early_stop_failed	4700	>46	46.63623404784749	-23	0.1382439738936624
1389	0	0	0	NA	0	False	NA	NA	NA	70	NA	NA	NA	failed	early_stop_failed	4300	>46	46.80154922758427	-22	0.11333581288721163
1390	0	0	0	NA	0	False	NA	NA	NA	70	NA	NA	NA	failed	early_stop_failed	4550	>46	46.55810554800693	-23	0.1175877334327923
1391	0	0	0	NA	0	False	NA	NA	NA	70	NA	NA	NA	failed	early_stop_failed	4300	>46	46.8964636061587	-25	0.10079687774443519
1392	0	0	0	NA	0	False	NA	NA	NA	70	NA	NA	NA	failed	early_stop_failed	4450	>46	46.74320093835678	-23	0.11733467549506382
1393	0	0	0	NA	0	False	NA	NA	NA	70	NA	NA	NA	failed	early_stop_failed	4450	>46	46.475378833705726	-22	0.14850773160243064
1394	0	0	0	NA	0	False	NA	NA	NA	70	NA	NA	NA	failed	early_stop_failed	4550	>46	46.64431698917744	-23	0.10778604960286446
1395	0	0	0	NA	0	False	NA	NA	NA	70	NA	NA	NA	failed	early_stop_failed	4550	>46	46.69682390345984	-23	0.13549135454998595
1396	0	0	0	NA	0	False	NA	NA	NA	70	NA	NA	NA	failed	early_stop_failed	4500	>46	46.81015734745696	-22	0.1277029504657821
1397	0	0	0	NA	0	False	NA	NA	NA	70	NA	NA	NA	failed	early_stop_failed	4300	>46	46.8620851723214	-23	0.11191387863759263
1398	0	0	0	NA	0	False	NA	NA	NA	70	NA	NA	NA	failed	early_stop_failed	4200	>46	46.55850072535745	-23	0.1216560179233102
1399	0	0	0	NA	0	False	NA	NA	NA	70	NA	NA	NA	failed	early_stop_failed	4400	>46	46.70229423855014	-22	0.14396619949698225
1400	0	0	0	NA	0	False	NA	NA	NA	70	NA	NA	NA	failed	early_stop_failed	4400	>46	46.695037375787564	-23	0.13352399551132624
1401	0	0	0	NA	0	False	NA	NA	NA	70	NA	NA	NA	failed	early_stop_failed	4200	>46	46.78761290353093	-23	0.11473158720385582
1402	0	0	0	NA	0	False	NA	NA	NA	70	NA	NA	NA	failed	early_stop_failed	4550	>46	46.82039769606796	-22	0.08942245999002928
1403	0	0	0	NA	0	False	NA	NA	NA	70	NA	NA	NA	failed	early_stop_failed	4650	>46	46.63472273000338	-21	0.13105529505835586
1404	0	0	0	NA	0	False	NA	NA	NA	70	NA	NA	NA	failed	early_stop_failed	4450	>46	46.693116027120425	-21	0.12352869659494094
1405	0	0	0	NA	0	False	NA	NA	NA	70	NA	NA	NA	failed	early_stop_failed	4350	>46	46.722235164111396	-24	0.10170713280406922
1406	0	0	0	NA	0	False	NA	NA	NA	70	NA	NA	NA	failed	early_stop_failed	4400	>46	46.644914563409294	-22	0.1286218356774069
1407	0	0	0	NA	0	False	NA	NA	NA	70	NA	NA	NA	failed	early_stop_failed	4650	>46	46.673447247176036	-22	0.13563555360026514
1408	0	0	0	NA	0	False	NA	NA	NA	70	NA	NA	NA	failed	early_stop_failed	4550	>46	46.51215825466922	-22	0.12045664663351417
1409	0	0	0	NA	0	False	NA	NA	NA	70	NA	NA	NA	failed	early_stop_failed	4750	>46	46.58224977535561	-25	0.11785489883282105
1410	0	0	0	NA	0	False	NA	NA	NA	70	NA	NA	NA	failed	early_stop_failed	4150	>46	46.824169634164704	-22	0.11194964788206585
1411	0	0	0	NA	0	False	NA	NA	NA	70	NA	NA	NA	failed	early_stop_failed	4200	>46	46.60898377252453	-21	0.11046990040345307
1412	0	0	0	NA	0	False	NA	NA	NA	70	NA	NA	NA	failed	early_stop_failed	4850	>46	46.515080195782254	-24	0.1382391666909202
1413	0	0	0	NA	0	False	NA	NA	NA	70	NA	NA	NA	failed	early_stop_failed	4200	>46	46.81612955040319	-23	0.10740794417684345
1414	0	0	0	NA	0	False	NA	NA	NA	70	NA	NA	NA	failed	early_stop_failed	4500	>46	46.605343524851044	-23	0.12040405224043708
1415	0	0	0	NA	0	False	NA	NA	NA	70	NA	NA	NA	failed	early_stop_failed	4300	>46	46.783973494431706	-24	0.10589307825412089
1416	0	0	0	NA	0	False	NA	NA	NA	70	NA	NA	NA	failed	early_stop_failed	4300	>46	46.91160925126339	-23	0.11929707202247142
1417	0	0	0	NA	0	False	NA	NA	NA	70	NA	NA	NA	failed	early_stop_failed	4350	>46	46.91047185028412	-21	0.1152893431730059
1418	0	0	0	NA	0	False	NA	NA	NA	70	NA	NA	NA	failed	early_stop_failed	4000	>46	46.85237258549602	-23	0.10090223355780127
1419	0	0	0	NA	0	False	NA	NA	NA	70	NA	NA	NA	failed	early_stop_failed	4550	>46	46.6293668218884	-24	0.11836526195506318
1420	0	0	0	NA	0	False	NA	NA	NA	70	NA	NA	NA	failed	early_stop_failed	4850	>46	46.75317625568673	-23	0.11148697258404675
1421	0	0	0	NA	0	False	NA	NA	NA	70	NA	NA	NA	failed	early_stop_failed	4750	>46	46.75014519419468	-23	0.12141772361019475
1422	0	0	0	NA	0	False	NA	NA	NA	70	NA	NA	NA	failed	early_stop_failed	4750	>46	46.889820953773885	-22	0.11073245743847514
1423	0	0	0	NA	0	False	NA	NA	NA	70	NA	NA	NA	failed	early_stop_failed	4250	>46	46.677800368230706	-22	0.12729650243149254
1424	0	0	0	NA	0	False	NA	NA	NA	70	NA	NA	NA	failed	early_stop_failed	4750	>46	46.54319607124325	-23	0.13150049179782272
1425	0	0	0	NA	0	False	NA	NA	NA	70	NA	NA	NA	failed	early_stop_failed	4800	>46	46.5578354834136	-24	0.12224876674998505
1426	0	0	0	NA	0	False	NA	NA	NA	70	NA	NA	NA	failed	early_stop_failed	4650	>46	46.70880121434335	-22	0.1178593682414559
1427	0	0	0	NA	0	False	NA	NA	NA	70	NA	NA	NA	failed	early_stop_failed	4600	>46	46.54644939010684	-22	0.12964572722876763
1428	0	0	0	NA	0	False	NA	NA	NA	70	NA	NA	NA	failed	early_stop_failed	4250	>46	47.01132750028114	-23	0.10335524921704745
1429	0	0	0	NA	0	False	NA	NA	NA	70	NA	NA	NA	failed	early_stop_failed	4500	>46	46.70754207502553	-24	0.10843971782399738
1430	0	0	0	NA	0	False	NA	NA	NA	70	NA	NA	NA	failed	early_stop_failed	4200	>46	46.656326377523925	-24	0.11305019783702919
1431	0	0	0	NA	0	False	NA	NA	NA	70	NA	NA	NA	failed	early_stop_failed	4550	>46	46.62924289824003	-24	0.12474395768548466
1432	0	0	0	NA	0	False	NA	NA	NA	70	NA	NA	NA	failed	early_stop_failed	4500	>46	46.520966836704595	-23	0.15094847469651537
1433	0	0	0	NA	0	False	NA	NA	NA	70	NA	NA	NA	failed	early_stop_failed	4300	>46	47.379984843245786	-26	0.11024936236774105
1434	0	0	0	NA	0	False	NA	NA	NA	70	NA	NA	NA	failed	early_stop_failed	4850	>46	46.624974165827666	-24	0.13343646495321113
1435	0	0	0	NA	0	False	NA	NA	NA	70	NA	NA	NA	failed	early_stop_failed	4750	>46	46.70523588748723	-24	0.10374392135469666
1436	0	0	0	NA	0	False	NA	NA	NA	70	NA	NA	NA	failed	early_stop_failed	4400	>46	46.612968942958716	-22	0.13277019937172474
1437	0	0	0	NA	0	False	NA	NA	NA	70	NA	NA	NA	failed	early_stop_failed	4750	>46	46.92715975652786	-22	0.11261770699422564
1438	0	0	0	NA	0	False	NA	NA	NA	70	NA	NA	NA	failed	early_stop_failed	4950	>46	46.530102442785896	-24	0.10877908045250059
1439	0	0	0	NA	0	False	NA	NA	NA	70	NA	NA	NA	failed	early_stop_failed	4400	>46	46.6875534754453	-25	0.12947756438319877
1440	0	0	0	NA	0	False	NA	NA	NA	70	NA	NA	NA	failed	early_stop_failed	4850	>46	46.6630955795207	-22	0.12376102985128563
1441	0	0	0	NA	0	False	NA	NA	NA	70	NA	NA	NA	failed	early_stop_failed	4900	>46	46.508447798697624	-22	0.1269664417659219
1442	0	0	0	NA	0	False	NA	NA	NA	70	NA	NA	NA	failed	early_stop_failed	4150	>46	47.13948993257086	-18	0.09817401538583928
1443	0	0	0	NA	0	False	NA	NA	NA	70	NA	NA	NA	failed	early_stop_failed	4550	>46	46.564385980244246	-23	0.1363595573092492
1444	0	0	0	NA	0	False	NA	NA	NA	70	NA	NA	NA	failed	early_stop_failed	4900	>46	46.675373538924006	-22	0.12276808717705409
1445	0	0	0	NA	0	False	NA	NA	NA	70	NA	NA	NA	failed	early_stop_failed	4550	>46	46.53299910983621	-22	0.10808516898329668
1446	0	0	0	NA	0	False	NA	NA	NA	70	NA	NA	NA	failed	early_stop_failed	4550	>46	46.69181054670923	-22	0.10607080688444323
1447	0	0	0	NA	0	False	NA	NA	NA	70	NA	NA	NA	failed	early_stop_failed	4100	>46	46.56244420662483	-24	0.12986898031198815
1448	0	0	0	NA	0	False	NA	NA	NA	70	NA	NA	NA	failed	early_stop_failed	4700	>46	46.56834781757906	-24	0.12394788291288991
1449	0	0	0	NA	0	False	NA	NA	NA	70	NA	NA	NA	failed	early_stop_failed	4050	>46	46.5576743373528	-22	0.1467534964535638
1450	0	0	0	NA	0	False	NA	NA	NA	70	NA	NA	NA	failed	early_stop_failed	4650	>46	46.45385842792602	-23	0.14669626159505872
1451	0	0	0	NA	0	False	NA	NA	NA	70	NA	NA	NA	failed	early_stop_failed	4300	>46	46.51275551365769	-24	0.13345060628737332
1452	0	0	0	NA	0	False	NA	NA	NA	70	NA	NA	NA	failed	early_stop_failed	4500	>46	46.77348730736203	-22	0.11131118348031334
1453	0	0	0	NA	0	False	NA	NA	NA	70	NA	NA	NA	failed	early_stop_failed	4700	>46	46.57543264001809	-24	0.11033437903174845
1454	0	0	0	NA	0	False	NA	NA	NA	70	NA	NA	NA	failed	early_stop_failed	4700	>46	46.569804535457635	-20	0.12361411079971951
1455	0	0	0	NA	0	False	NA	NA	NA	70	NA	NA	NA	failed	early_stop_failed	4400	>46	46.51433833787534	-22	0.1220641338099545
1456	0	0	0	NA	0	False	NA	NA	NA	70	NA	NA	NA	failed	early_stop_failed	4550	>46	46.792719932946476	-24	0.11149828487992595
1457	0	0	0	NA	0	False	NA	NA	NA	70	NA	NA	NA	failed	early_stop_failed	4350	>46	46.600700115298956	-22	0.10752208637135784
1458	0	0	0	NA	0	False	NA	NA	NA	70	NA	NA	NA	failed	early_stop_failed	5150	>46	46.6775452222159	-24	0.10278727018523956
1459	0	0	0	NA	0	False	NA	NA	NA	70	NA	NA	NA	failed	early_stop_failed	4000	>46	47.00157925688318	-19	0.09209057329885523
1460	0	0	0	NA	0	False	NA	NA	NA	70	NA	NA	NA	failed	early_stop_failed	4450	>46	47.04062429157455	-24	0.10748195771753942
1461	0	0	0	NA	0	False	NA	NA	NA	70	NA	NA	NA	failed	early_stop_failed	4550	>46	46.60156530984019	-24	0.11709642917116725
1462	0	0	0	NA	0	False	NA	NA	NA	70	NA	NA	NA	failed	early_stop_failed	4700	>46	46.650349098911086	-23	0.12974022948812824
1463	0	0	0	NA	0	False	NA	NA	NA	70	NA	NA	NA	failed	early_stop_failed	4350	>46	46.62667088698264	-24	0.12627063764887703
1464	0	0	0	NA	0	False	NA	NA	NA	70	NA	NA	NA	failed	early_stop_failed	4650	>46	46.59312957871303	-23	0.10700234799098406
1465	0	0	0	NA	0	False	NA	NA	NA	70	NA	NA	NA	failed	early_stop_failed	4650	>46	46.64730222091911	-24	0.12494665897791389
1466	0	0	0	NA	0	False	NA	NA	NA	70	NA	NA	NA	failed	early_stop_failed	4350	>46	46.94054074517679	-25	0.09593629714282381
1467	0	0	0	NA	0	False	NA	NA	NA	70	NA	NA	NA	failed	early_stop_failed	4700	>46	46.60678143920466	-21	0.12619851823259792
1468	0	0	0	NA	0	False	NA	NA	NA	70	NA	NA	NA	failed	early_stop_failed	4500	>46	46.6522817595114	-21	0.13513102401353505
1469	0	0	0	NA	0	False	NA	NA	NA	70	NA	NA	NA	failed	early_stop_failed	4350	>46	46.481074788585765	-22	0.13288762485826544
1470	0	0	0	NA	0	False	NA	NA	NA	70	NA	NA	NA	failed	early_stop_failed	4400	>46	46.99682567934168	-23	0.11008497924822455
1471	0	0	0	NA	0	False	NA	NA	NA	70	NA	NA	NA	failed	early_stop_failed	4700	>46	46.58943928748041	-22	0.11669944452751657
1472	0	0	0	NA	0	False	NA	NA	NA	70	NA	NA	NA	failed	early_stop_failed	4950	>46	46.50487480646762	-25	0.12504797948504898
1473	0	0	0	NA	0	False	NA	NA	NA	70	NA	NA	NA	failed	early_stop_failed	4250	>46	46.60630194426808	-23	0.10877060915854538
1474	0	0	0	NA	0	False	NA	NA	NA	70	NA	NA	NA	failed	early_stop_failed	5250	>46	46.564652961602164	-21	0.12512732229311452
1475	0	0	0	NA	0	False	NA	NA	NA	70	NA	NA	NA	failed	early_stop_failed	4250	>46	46.98215283493369	-23	0.10642990170401964
1476	0	0	0	NA	0	False	NA	NA	NA	70	NA	NA	NA	failed	early_stop_failed	5200	>46	46.636755636789644	-25	0.11673562227289866
1477	0	0	0	NA	0	False	NA	NA	NA	70	NA	NA	NA	failed	early_stop_failed	4900	>46	46.80436341476539	-23	0.10581364564875932
1478	0	0	0	NA	0	False	NA	NA	NA	70	NA	NA	NA	failed	early_stop_failed	4300	>46	46.5061643070326	-23	0.12321141506509566
1479	0	0	0	NA	0	False	NA	NA	NA	70	NA	NA	NA	failed	early_stop_failed	4150	>46	46.8925015470162	-26	0.09518161337416249
1480	0	0	0	NA	0	False	NA	NA	NA	70	NA	NA	NA	failed	early_stop_failed	4350	>46	46.886526391245994	-22	0.12271355383279971
1481	0	0	0	NA	0	False	NA	NA	NA	70	NA	NA	NA	failed	early_stop_failed	4300	>46	46.83077631455792	-24	0.11312612830179558
1482	0	0	0	NA	0	False	NA	NA	NA	70	NA	NA	NA	failed	early_stop_failed	4500	>46	46.47455266172603	-24	0.1107943138664997
1483	0	0	0	NA	0	False	NA	NA	NA	70	NA	NA	NA	failed	early_stop_failed	4650	>46	46.69629723727645	-24	0.1407571938739408
1484	0	0	0	NA	0	False	NA	NA	NA	70	NA	NA	NA	failed	early_stop_failed	4350	>46	46.586978519168916	-22	0.10504364258840594
1485	0	0	0	NA	0	False	NA	NA	NA	70	NA	NA	NA	failed	early_stop_failed	4250	>46	46.802368752030745	-23	0.12986961545372522
1486	0	0	0	NA	0	False	NA	NA	NA	70	NA	NA	NA	failed	early_stop_failed	4650	>46	46.659058802123205	-21	0.11974184071026407
1487	0	0	0	NA	0	False	NA	NA	NA	70	NA	NA	NA	failed	early_stop_failed	4500	>46	46.508101365265254	-24	0.14506994855554314
1488	0	0	0	NA	0	False	NA	NA	NA	70	NA	NA	NA	failed	early_stop_failed	4350	>46	46.62913432240315	-22	0.13410450114561012
1489	0	0	0	NA	0	False	NA	NA	NA	70	NA	NA	NA	failed	early_stop_failed	5250	>46	46.571853663260306	-22	0.15546312249813762
1490	0	0	0	NA	0	False	NA	NA	NA	70	NA	NA	NA	failed	early_stop_failed	4600	>46	46.742484051092426	-22	0.11558018046678259
1491	0	0	0	NA	0	False	NA	NA	NA	70	NA	NA	NA	failed	early_stop_failed	4400	>46	46.91800304266575	-23	0.1132674934564687
1492	0	0	0	NA	0	False	NA	NA	NA	70	NA	NA	NA	failed	early_stop_failed	4350	>46	46.87977071293195	-22	0.10420845521168376
1493	0	0	0	NA	0	False	NA	NA	NA	70	NA	NA	NA	failed	early_stop_failed	4550	>46	46.73697310120255	-24	0.12685957463153696
1494	0	0	0	NA	0	False	NA	NA	NA	70	NA	NA	NA	failed	early_stop_failed	4800	>46	46.873022138364874	-24	0.12499829646986402
1495	0	0	0	NA	0	False	NA	NA	NA	70	NA	NA	NA	failed	early_stop_failed	4200	>46	46.66804351870921	-21	0.11107549976477848
1496	0	0	0	NA	0	False	NA	NA	NA	70	NA	NA	NA	failed	early_stop_failed	4600	>46	46.89130790702637	-24	0.10956446632011918
1497	0	0	0	NA	0	False	NA	NA	NA	70	NA	NA	NA	failed	early_stop_failed	4550	>46	46.62886343703828	-22	0.1402966821377129
1498	0	0	0	NA	0	False	NA	NA	NA	70	NA	NA	NA	failed	early_stop_failed	4450	>46	46.62842934341653	-21	0.13646016951414242
1499	0	0	0	NA	0	False	NA	NA	NA	70	NA	NA	NA	failed	early_stop_failed	4500	>46	46.661368454462064	-22	0.13344325675651011
1500	1	0	0	0.1	0	False	0.15	3.0	1.1	70	NA	NA	NA	failed	early_stop_failed	4850	>46	46.511010791013604	-23	0.11814458561565086
1501	1	0	0	0.1	0	False	0.15	3.0	1.5	70	NA	NA	NA	failed	early_stop_failed	4500	>46	46.90223063317657	-19	0.1018173673544207
1502	1	0	0	0.1	0	False	0.15	3.0	2.0	70	NA	NA	NA	failed	early_stop_failed	5050	>46	46.704100464485364	-23	0.1091270926328715
1503	1	0	0	0.1	0	False	0.15	3.0	3.0	70	NA	NA	NA	failed	early_stop_failed	5100	>46	46.5663935475573	-24	0.10570504709938644
1504	1	0	0	0.1	0	False	0.15	3.0	5.0	70	NA	NA	NA	failed	early_stop_failed	4700	>46	46.573799094904984	-24	0.1093065981297265
1505	1	0	0	0.1	0	False	0.15	3.5	1.1	70	NA	NA	NA	failed	early_stop_failed	4800	>46	46.546056012087085	-22	0.11999876152890616
1506	1	0	0	0.1	0	False	0.15	3.5	1.5	70	NA	NA	NA	failed	early_stop_failed	5650	>46	46.46549057945388	-24	0.12482871491503712
1507	1	0	0	0.1	0	False	0.15	3.5	2.0	70	NA	NA	NA	failed	early_stop_failed	5150	>46	46.72708765688773	-22	0.11587265887492103
1508	1	0	0	0.1	0	False	0.15	3.5	3.0	70	NA	NA	NA	failed	early_stop_failed	4750	>46	46.575668572382824	-22	0.10835920082672525
1509	1	0	0	0.1	0	False	0.15	3.5	5.0	70	NA	NA	NA	failed	early_stop_failed	4800	>46	46.49600955197719	-21	0.11598014132331545
1510	1	0	0	0.1	0	False	0.15	4.0	1.1	70	NA	NA	NA	failed	early_stop_failed	5100	>46	46.46184002610756	-24	0.12522177868142695
1511	1	0	0	0.1	0	False	0.15	4.0	1.5	70	NA	NA	NA	failed	early_stop_failed	4650	>46	46.57460165231235	-24	0.10825010167553682
1512	1	0	0	0.1	0	False	0.15	4.0	2.0	70	NA	NA	NA	failed	early_stop_failed	4450	>46	46.495815910218866	-22	0.11165292397470614
1513	1	0	0	0.1	0	False	0.15	4.0	3.0	70	NA	NA	NA	failed	early_stop_failed	4850	>46	46.82912614918918	-22	0.10561094009701774
1514	1	0	0	0.1	0	False	0.15	4.0	5.0	70	NA	NA	NA	failed	early_stop_failed	4500	>46	46.64131997770913	-23	0.10590965675689067
1515	1	0	0	0.1	0	False	0.15	4.5	1.1	70	NA	NA	NA	failed	early_stop_failed	4900	>46	46.56624903313837	-22	0.14967612489394674
1516	1	0	0	0.1	0	False	0.15	4.5	1.5	70	NA	NA	NA	failed	early_stop_failed	5450	>46	46.567660667800354	-24	0.1236014248186353
1517	1	0	0	0.1	0	False	0.15	4.5	2.0	70	NA	NA	NA	failed	early_stop_failed	4950	>46	46.68824157280368	-21	0.10944581544531524
1518	1	0	0	0.1	0	False	0.15	4.5	3.0	70	NA	NA	NA	failed	early_stop_failed	4550	>46	46.594634926220735	-22	0.11963073162979261
1519	1	0	0	0.1	0	False	0.15	4.5	5.0	70	NA	NA	NA	failed	early_stop_failed	3950	>46	46.894534454968756	-22	0.10776505489252138
1520	1	0	0	0.1	0	False	0.15	5.0	1.1	70	NA	NA	NA	failed	early_stop_failed	4850	>46	46.53217535467248	-22	0.11685050766675509
1521	1	0	0	0.1	0	False	0.15	5.0	1.5	70	NA	NA	NA	failed	early_stop_failed	4350	>46	46.770334110474465	-22	0.11890127416865166
1522	1	0	0	0.1	0	False	0.15	5.0	2.0	70	NA	NA	NA	failed	early_stop_failed	5200	>46	46.45073800778138	-24	0.15507312064072842
1523	1	0	0	0.1	0	False	0.15	5.0	3.0	70	NA	NA	NA	failed	early_stop_failed	4250	>46	46.661998072125854	-24	0.09609671219634096
1524	1	0	0	0.1	0	False	0.15	5.0	5.0	70	NA	NA	NA	failed	early_stop_failed	4800	>46	46.80395138506728	-25	0.10591734779020126
1525	1	0	0	0.1	0	False	0.2	3.0	1.1	70	NA	NA	NA	failed	early_stop_failed	4950	>46	46.8146648396274	-22	0.10703457760875318
1526	1	0	0	0.1	0	False	0.2	3.0	1.5	70	NA	NA	NA	failed	early_stop_failed	4950	>46	46.51416887041583	-24	0.10914396495635131
1527	1	0	0	0.1	0	False	0.2	3.0	2.0	70	NA	NA	NA	failed	early_stop_failed	4000	>46	47.0012631187228	-21	0.10217257046909282
1528	1	0	0	0.1	0	False	0.2	3.0	3.0	70	NA	NA	NA	failed	early_stop_failed	4950	>46	46.50555677796758	-24	0.11777745576479781
1529	1	0	0	0.1	0	False	0.2	3.0	5.0	70	NA	NA	NA	failed	early_stop_failed	4800	>46	46.711186982652116	-22	0.08790477880186492
1530	1	0	0	0.1	0	False	0.2	3.5	1.1	70	NA	NA	NA	failed	early_stop_failed	5250	>46	46.76569264963322	-22	0.11411003337771268
1531	1	0	0	0.1	0	False	0.2	3.5	1.5	70	NA	NA	NA	failed	early_stop_failed	4950	>46	46.55636208145515	-23	0.12632971330796205
1532	1	0	0	0.1	0	False	0.2	3.5	2.0	70	NA	NA	NA	failed	early_stop_failed	4950	>46	46.55970291106569	-22	0.13205514901292004
1533	1	0	0	0.1	0	False	0.2	3.5	3.0	70	NA	NA	NA	failed	early_stop_failed	5100	>46	46.5108821085095	-22	0.11637466453308151
1534	1	0	0	0.1	0	False	0.2	3.5	5.0	70	NA	NA	NA	failed	early_stop_failed	4600	>46	46.675326510308196	-21	0.11271954289843723
1535	1	0	0	0.1	0	False	0.2	4.0	1.1	70	NA	NA	NA	failed	early_stop_failed	4600	>46	46.77079991647312	-21	0.11677812135888443
1536	1	0	0	0.1	0	False	0.2	4.0	1.5	70	NA	NA	NA	failed	early_stop_failed	4750	>46	46.619432681862335	-22	0.11515239560499718
1537	1	0	0	0.1	0	False	0.2	4.0	2.0	70	NA	NA	NA	failed	early_stop_failed	5050	>46	46.545684923484046	-25	0.11524462849200194
1538	1	0	0	0.1	0	False	0.2	4.0	3.0	70	NA	NA	NA	failed	early_stop_failed	5200	>46	46.46912177328036	-23	0.14322263050264442
1539	1	0	0	0.1	0	False	0.2	4.0	5.0	70	NA	NA	NA	failed	early_stop_failed	4300	>46	46.84892239248086	-22	0.09785378717665527
1540	1	0	0	0.1	0	False	0.2	4.5	1.1	70	NA	NA	NA	failed	early_stop_failed	5150	>46	46.4391921087919	-23	0.11363306568814295
1541	1	0	0	0.1	0	False	0.2	4.5	1.5	70	NA	NA	NA	failed	early_stop_failed	4550	>46	46.68544646931406	-24	0.11087627929290676
1542	1	0	0	0.1	0	False	0.2	4.5	2.0	70	NA	NA	NA	failed	early_stop_failed	5050	>46	46.631902993382504	-24	0.10674006125956169
1543	1	0	0	0.1	0	False	0.2	4.5	3.0	70	NA	NA	NA	failed	early_stop_failed	4400	>46	46.643736513139494	-23	0.11677024138621243
1544	1	0	0	0.1	0	False	0.2	4.5	5.0	70	NA	NA	NA	failed	early_stop_failed	5000	>46	46.76059116587075	-24	0.1247900016517944
1545	1	0	0	0.1	0	False	0.2	5.0	1.1	70	NA	NA	NA	failed	early_stop_failed	5350	>46	46.27252065440516	-23	0.1141102054382705
1546	1	0	0	0.1	0	False	0.2	5.0	1.5	70	NA	NA	NA	failed	early_stop_failed	4650	>46	46.73662306157482	-22	0.132687300250738
1547	1	0	0	0.1	0	False	0.2	5.0	2.0	70	NA	NA	NA	failed	early_stop_failed	4750	>46	46.63184126427518	-25	0.12793479242753533
1548	1	0	0	0.1	0	False	0.2	5.0	3.0	70	NA	NA	NA	failed	early_stop_failed	4450	>46	46.66093675105228	-24	0.11083945872169569
1549	1	0	0	0.1	0	False	0.2	5.0	5.0	70	NA	NA	NA	failed	early_stop_failed	3900	>46	47.045214244051564	-24	0.08856778454427955
1550	1	0	0	0.1	0	False	0.25	3.0	1.1	70	NA	NA	NA	succeed	early_stop_succeed	2250	40.8536982959368	40.91459554785664	-31	0.21489531516995616
1551	1	0	0	0.1	0	False	0.25	3.0	1.5	70	NA	NA	NA	failed	early_stop_failed	4800	>46	46.65069387030996	-24	0.12189948877494454
1552	1	0	0	0.1	0	False	0.25	3.0	2.0	70	NA	NA	NA	failed	early_stop_failed	5100	>46	46.72697613809913	-24	0.10833923385931125
1553	1	0	0	0.1	0	False	0.25	3.0	3.0	70	NA	NA	NA	failed	early_stop_failed	4950	>46	46.668892829256976	-24	0.12009518782765559
1554	1	0	0	0.1	0	False	0.25	3.0	5.0	70	NA	NA	NA	failed	early_stop_failed	5000	>46	46.66077353665147	-21	0.12476154816796525
1555	1	0	0	0.1	0	False	0.25	3.5	1.1	70	NA	NA	NA	failed	early_stop_failed	4900	>46	46.690518110811325	-23	0.12252106215502513
1556	1	0	0	0.1	0	False	0.25	3.5	1.5	70	NA	NA	NA	failed	early_stop_failed	4550	>46	46.65112596122142	-24	0.11299374852383502
1557	1	0	0	0.1	0	False	0.25	3.5	2.0	70	NA	NA	NA	failed	early_stop_failed	4950	>46	46.35266622338121	-23	0.13797586510517054
1558	1	0	0	0.1	0	False	0.25	3.5	3.0	70	NA	NA	NA	failed	early_stop_failed	4700	>46	46.70561380219538	-24	0.12016993244906772
1559	1	0	0	0.1	0	False	0.25	3.5	5.0	70	NA	NA	NA	failed	early_stop_failed	5400	>46	46.57096818193008	-23	0.10877346057126192
1560	1	0	0	0.1	0	False	0.25	4.0	1.1	70	NA	NA	NA	failed	early_stop_failed	4750	>46	46.76732900691792	-21	0.11890867842324335
1561	1	0	0	0.1	0	False	0.25	4.0	1.5	70	NA	NA	NA	failed	early_stop_failed	4650	>46	46.73534884267782	-21	0.10395009969635746
1562	1	0	0	0.1	0	False	0.25	4.0	2.0	70	NA	NA	NA	failed	early_stop_failed	4850	>46	46.62234539394423	-23	0.12534575422859467
1563	1	0	0	0.1	0	False	0.25	4.0	3.0	70	NA	NA	NA	failed	early_stop_failed	4300	>46	46.89370669467536	-22	0.11031853085544109
1564	1	0	0	0.1	0	False	0.25	4.0	5.0	70	NA	NA	NA	failed	early_stop_failed	4350	>46	46.53963960476214	-22	0.10577911649341319
1565	1	0	0	0.1	0	False	0.25	4.5	1.1	70	NA	NA	NA	failed	early_stop_failed	4900	>46	46.6001022110863	-23	0.12337543451273877
1566	1	0	0	0.1	0	False	0.25	4.5	1.5	70	NA	NA	NA	failed	early_stop_failed	4600	>46	46.70860585455896	-24	0.12844945285496956
1567	1	0	0	0.1	0	False	0.25	4.5	2.0	70	NA	NA	NA	failed	early_stop_failed	4600	>46	46.96646237683478	-24	0.09896362491942179
1568	1	0	0	0.1	0	False	0.25	4.5	3.0	70	NA	NA	NA	failed	early_stop_failed	4600	>46	46.61182051158821	-22	0.12040239540957788
1569	1	0	0	0.1	0	False	0.25	4.5	5.0	70	NA	NA	NA	failed	early_stop_failed	3750	>46	47.384478397053144	-25	0.09370720039940675
1570	1	0	0	0.1	0	False	0.25	5.0	1.1	70	NA	NA	NA	failed	early_stop_failed	4950	>46	46.46725051809774	-23	0.14561725988663546
1571	1	0	0	0.1	0	False	0.25	5.0	1.5	70	NA	NA	NA	failed	early_stop_failed	4800	>46	46.746391550859904	-24	0.11269631440300668
1572	1	0	0	0.1	0	False	0.25	5.0	2.0	70	NA	NA	NA	failed	early_stop_failed	4400	>46	47.02334235856892	-21	0.0993110765120516
1573	1	0	0	0.1	0	False	0.25	5.0	3.0	70	NA	NA	NA	failed	early_stop_failed	4800	>46	46.622606414753626	-24	0.12878374611191348
1574	1	0	0	0.1	0	False	0.25	5.0	5.0	70	NA	NA	NA	failed	early_stop_failed	4550	>46	46.55300101919673	-23	0.1361766449604806
1575	1	0	0	0.1	0	False	0.3	3.0	1.1	70	NA	NA	NA	extinct	population_extinct	100000	NA	NA	NA	NA
1576	1	0	0	0.1	0	False	0.3	3.0	1.5	70	NA	NA	NA	failed	early_stop_failed	5050	>46	46.50654422411101	-22	0.12432771672510175
1577	1	0	0	0.1	0	False	0.3	3.0	2.0	70	NA	NA	NA	failed	early_stop_failed	4800	>46	46.52961660768064	-24	0.11277592890185506
1578	1	0	0	0.1	0	False	0.3	3.0	3.0	70	NA	NA	NA	failed	early_stop_failed	4650	>46	46.78347339105102	-24	0.10524886269272336
1579	1	0	0	0.1	0	False	0.3	3.0	5.0	70	NA	NA	NA	failed	early_stop_failed	4750	>46	46.666107817882505	-22	0.11210203376405832
1580	1	0	0	0.1	0	False	0.3	3.5	1.1	70	NA	NA	NA	failed	early_stop_failed	4600	>46	46.86559208438266	-23	0.10772302079342636
1581	1	0	0	0.1	0	False	0.3	3.5	1.5	70	NA	NA	NA	failed	early_stop_failed	5000	>46	46.669285438723904	-23	0.11267915232768906
1582	1	0	0	0.1	0	False	0.3	3.5	2.0	70	NA	NA	NA	failed	early_stop_failed	5150	>46	46.54256953369196	-22	0.14227466438041647
1583	1	0	0	0.1	0	False	0.3	3.5	3.0	70	NA	NA	NA	failed	early_stop_failed	5200	>46	46.647288918792036	-22	0.10600376537566626
1584	1	0	0	0.1	0	False	0.3	3.5	5.0	70	NA	NA	NA	failed	early_stop_failed	4600	>46	46.987989958724924	-21	0.11286867603475571
1585	1	0	0	0.1	0	False	0.3	4.0	1.1	70	NA	NA	NA	failed	early_stop_failed	4650	>46	46.5428323851731	-22	0.13404388039999807
1586	1	0	0	0.1	0	False	0.3	4.0	1.5	70	NA	NA	NA	failed	early_stop_failed	5100	>46	46.33885749945399	-24	0.1253842450628385
1587	1	0	0	0.1	0	False	0.3	4.0	2.0	70	NA	NA	NA	failed	early_stop_failed	4750	>46	46.71002630913311	-24	0.13225787148997534
1588	1	0	0	0.1	0	False	0.3	4.0	3.0	70	NA	NA	NA	failed	early_stop_failed	4450	>46	46.693370489251905	-22	0.10992834946035013
1589	1	0	0	0.1	0	False	0.3	4.0	5.0	70	NA	NA	NA	failed	early_stop_failed	4750	>46	46.741702909650456	-23	0.11480563033351672
1590	1	0	0	0.1	0	False	0.3	4.5	1.1	70	NA	NA	NA	failed	early_stop_failed	4700	>46	46.707650258392356	-21	0.10852528231688235
1591	1	0	0	0.1	0	False	0.3	4.5	1.5	70	NA	NA	NA	failed	early_stop_failed	4100	>46	46.813148513715696	-23	0.09131093913375629
1592	1	0	0	0.1	0	False	0.3	4.5	2.0	70	NA	NA	NA	failed	early_stop_failed	4200	>46	46.8180928644308	-22	0.13661795499976065
1593	1	0	0	0.1	0	False	0.3	4.5	3.0	70	NA	NA	NA	failed	early_stop_failed	4450	>46	46.910834207039045	-26	0.09588252567544314
1594	1	0	0	0.1	0	False	0.3	4.5	5.0	70	NA	NA	NA	failed	early_stop_failed	4500	>46	46.732068390655385	-22	0.12115584067306148
1595	1	0	0	0.1	0	False	0.3	5.0	1.1	70	NA	NA	NA	failed	early_stop_failed	4700	>46	46.582741276126484	-23	0.10296255779211486
1596	1	0	0	0.1	0	False	0.3	5.0	1.5	70	NA	NA	NA	failed	early_stop_failed	4800	>46	46.59074988446303	-23	0.11592291234741267
1597	1	0	0	0.1	0	False	0.3	5.0	2.0	70	NA	NA	NA	failed	early_stop_failed	5100	>46	46.563682538087406	-25	0.12814567806115945
1598	1	0	0	0.1	0	False	0.3	5.0	3.0	70	NA	NA	NA	failed	early_stop_failed	4950	>46	46.56880724555679	-22	0.13518753209530268
1599	1	0	0	0.1	0	False	0.3	5.0	5.0	70	NA	NA	NA	failed	early_stop_failed	4650	>46	46.560035784174275	-23	0.14826520830935552
1600	1	0	0	0.1	0	False	0.35	3.0	1.1	70	NA	NA	NA	extinct	population_extinct	100000	NA	NA	NA	NA
1601	1	0	0	0.1	0	False	0.35	3.0	1.5	70	NA	NA	NA	failed	early_stop_failed	4850	>46	46.532160681829936	-22	0.12502673628958308
1602	1	0	0	0.1	0	False	0.35	3.0	2.0	70	NA	NA	NA	failed	early_stop_failed	4850	>46	46.62858539878883	-24	0.10921083614645079
1603	1	0	0	0.1	0	False	0.35	3.0	3.0	70	NA	NA	NA	failed	early_stop_failed	4650	>46	46.73030226086853	-24	0.10308723966293538
1604	1	0	0	0.1	0	False	0.35	3.0	5.0	70	NA	NA	NA	failed	early_stop_failed	4300	>46	47.04115781191351	-20	0.09332085327018717
1605	1	0	0	0.1	0	False	0.35	3.5	1.1	70	NA	NA	NA	succeed	early_stop_succeed	2000	40.885090948981095	40.91144474537308	-28	0.2330282713209016
1606	1	0	0	0.1	0	False	0.35	3.5	1.5	70	NA	NA	NA	failed	early_stop_failed	5300	>46	46.53117271265742	-24	0.13123597952805954
1607	1	0	0	0.1	0	False	0.35	3.5	2.0	70	NA	NA	NA	failed	early_stop_failed	4800	>46	46.35034369476405	-23	0.1306167048093183
1608	1	0	0	0.1	0	False	0.35	3.5	3.0	70	NA	NA	NA	failed	early_stop_failed	4800	>46	46.682750675886574	-22	0.11744895277104396
1609	1	0	0	0.1	0	False	0.35	3.5	5.0	70	NA	NA	NA	failed	early_stop_failed	5250	>46	46.84510063929684	-19	0.10147591653000006
1610	1	0	0	0.1	0	False	0.35	4.0	1.1	70	NA	NA	NA	failed	early_stop_failed	4800	>46	46.72828128521203	-23	0.11747951496771099
1611	1	0	0	0.1	0	False	0.35	4.0	1.5	70	NA	NA	NA	failed	early_stop_failed	4650	>46	46.665738627763794	-24	0.10215609314750938
1612	1	0	0	0.1	0	False	0.35	4.0	2.0	70	NA	NA	NA	failed	early_stop_failed	5600	>46	46.54584525325523	-22	0.13854281217703845
1613	1	0	0	0.1	0	False	0.35	4.0	3.0	70	NA	NA	NA	failed	early_stop_failed	4650	>46	47.077228156749435	-24	0.0818906390068744
1614	1	0	0	0.1	0	False	0.35	4.0	5.0	70	NA	NA	NA	failed	early_stop_failed	5500	>46	46.58555455284087	-23	0.11485277512603656
1615	1	0	0	0.1	0	False	0.35	4.5	1.1	70	NA	NA	NA	failed	early_stop_failed	4750	>46	46.62119874052817	-23	0.11241699677164275
1616	1	0	0	0.1	0	False	0.35	4.5	1.5	70	NA	NA	NA	failed	early_stop_failed	4950	>46	46.43310436704002	-22	0.11756027503997879
1617	1	0	0	0.1	0	False	0.35	4.5	2.0	70	NA	NA	NA	failed	early_stop_failed	4500	>46	46.75255806433103	-24	0.11168681870252194
1618	1	0	0	0.1	0	False	0.35	4.5	3.0	70	NA	NA	NA	failed	early_stop_failed	5000	>46	46.573494002320565	-23	0.12693438263920187
1619	1	0	0	0.1	0	False	0.35	4.5	5.0	70	NA	NA	NA	failed	early_stop_failed	4450	>46	46.924424772235305	-25	0.09601295712597954
1620	1	0	0	0.1	0	False	0.35	5.0	1.1	70	NA	NA	NA	failed	early_stop_failed	4650	>46	46.57666721837355	-21	0.11193616794117672
1621	1	0	0	0.1	0	False	0.35	5.0	1.5	70	NA	NA	NA	failed	early_stop_failed	5000	>46	46.502602734900684	-24	0.13084733932185902
1622	1	0	0	0.1	0	False	0.35	5.0	2.0	70	NA	NA	NA	failed	early_stop_failed	4900	>46	46.53579399802294	-23	0.10923304170535925
1623	1	0	0	0.1	0	False	0.35	5.0	3.0	70	NA	NA	NA	failed	early_stop_failed	4800	>46	46.59619063560074	-22	0.14341889834432367
1624	1	0	0	0.1	0	False	0.35	5.0	5.0	70	NA	NA	NA	failed	early_stop_failed	4000	>46	46.69672079910484	-23	0.11241991884659999
1625	0	1	0	0.1	0	False	NA	NA	NA	70	0.008	30.0	NA	succeed	early_stop_succeed	7600	45.802127489068916	45.785425770429164	-24	0.11812348924752411
1626	0	1	0	0.1	0	False	NA	NA	NA	70	0.008	30.0	NA	succeed	early_stop_succeed	8200	45.91767049601345	45.946322188970456	-25	0.12577395355629864
1627	0	1	0	0.1	0	False	NA	NA	NA	70	0.008	30.0	NA	failed	early_stop_failed	8500	>46	46.22467539688885	-23	0.10888205509411089
1628	0	1	0	0.1	0	False	NA	NA	NA	70	0.008	30.0	NA	succeed	early_stop_succeed	7400	45.80822010108701	45.84603830876474	-27	0.10152989241117241
1629	0	1	0	0.1	0	False	NA	NA	NA	70	0.008	30.0	NA	failed	early_stop_failed	7850	>46	46.27859137667148	-25	0.10235542342745323
1630	0	1	0	0.1	0	False	NA	NA	NA	70	0.008	30.0	NA	succeed	early_stop_succeed	6450	45.380725094026005	45.358591674416935	-26	0.1272851986118221
1631	0	1	0	0.1	0	False	NA	NA	NA	70	0.008	30.0	NA	succeed	early_stop_succeed	8600	45.80420069497568	45.78942190303041	-23	0.12272308774119584
1632	0	1	0	0.1	0	False	NA	NA	NA	70	0.008	30.0	NA	succeed	early_stop_succeed	6400	45.01299880800921	44.98706169584136	-25	0.14474052306997975
1633	0	1	0	0.1	0	False	NA	NA	NA	70	0.008	30.0	NA	failed	early_stop_failed	7500	46.21003289630832	46.20872575248006	-24	0.13615917040843717
1634	0	1	0	0.1	0	False	NA	NA	NA	70	0.008	30.0	NA	failed	early_stop_failed	7900	>46	46.28581077645377	-24	0.1129291717510709
1635	0	1	0	0.1	0	False	NA	NA	NA	70	0.008	30.0	NA	failed	early_stop_failed	8700	>46	46.26193070151069	-25	0.1241677775944924
1636	0	1	0	0.1	0	False	NA	NA	NA	70	0.008	30.0	NA	failed	early_stop_failed	7350	45.99856678216621	46.0184252477427	-25	0.1284041108999938
1637	0	1	0	0.1	0	False	NA	NA	NA	70	0.008	30.0	NA	succeed	early_stop_succeed	7300	45.430191358168265	45.44797097205171	-25	0.13350217818395468
1638	0	1	0	0.1	0	False	NA	NA	NA	70	0.008	30.0	NA	succeed	early_stop_succeed	6000	44.58152587264564	44.65345397928519	-25	0.13776411969450394
1639	0	1	0	0.1	0	False	NA	NA	NA	70	0.008	30.0	NA	failed	early_stop_failed	7800	>46	46.263505748422	-23	0.11098420971063502
1640	0	1	0	0.1	0	False	NA	NA	NA	70	0.008	30.0	NA	succeed	early_stop_succeed	8000	45.71172954841294	45.71789906523698	-25	0.12313946438671179
1641	0	1	0	0.1	0	False	NA	NA	NA	70	0.008	30.0	NA	succeed	early_stop_succeed	6150	44.416711003668325	44.424846300757	-24	0.12315758781423229
1642	0	1	0	0.1	0	False	NA	NA	NA	70	0.008	30.0	NA	succeed	early_stop_succeed	6100	44.28206416841706	44.28715841217569	-26	0.14084274928986373
1643	0	1	0	0.1	0	False	NA	NA	NA	70	0.008	30.0	NA	succeed	early_stop_succeed	7000	45.40757852228073	45.35420198107333	-25	0.14050973711715276
1644	0	1	0	0.1	0	False	NA	NA	NA	70	0.008	30.0	NA	succeed	early_stop_succeed	6400	44.9675343312576	44.9604747763461	-25	0.1291631240371123
1645	0	1	0	0.1	0	False	NA	NA	NA	70	0.008	30.0	NA	succeed	early_stop_succeed	7050	45.814462310359225	45.83512046817212	-25	0.12325336732960634
1646	0	1	0	0.1	0	False	NA	NA	NA	70	0.008	30.0	NA	succeed	early_stop_succeed	8450	45.490215440639375	45.49892809131055	-25	0.11803136393284362
1647	0	1	0	0.1	0	False	NA	NA	NA	70	0.008	30.0	NA	succeed	early_stop_succeed	8550	45.66275974758871	45.65522753386633	-23	0.12279782367915094
1648	0	1	0	0.1	0	False	NA	NA	NA	70	0.008	30.0	NA	failed	early_stop_failed	8600	>46	46.25882263520877	-24	0.11760716010146215
1649	0	1	0	0.1	0	False	NA	NA	NA	70	0.008	30.0	NA	succeed	early_stop_succeed	8300	45.93552424991702	45.93887209930949	-26	0.10855040974500406
1650	0	1	0	0.1	0	False	NA	NA	NA	70	0.008	30.0	NA	failed	early_stop_failed	8150	46.134561983912015	46.077081538331434	-23	0.12426514822296875
1651	0	1	0	0.1	0	False	NA	NA	NA	70	0.008	30.0	NA	succeed	early_stop_succeed	6200	44.906278685885134	44.89387221703362	-25	0.13908064658881694
1652	0	1	0	0.1	0	False	NA	NA	NA	70	0.008	30.0	NA	failed	early_stop_failed	7500	>46	46.20471328016929	-25	0.12265414399296061
1653	0	1	0	0.1	0	False	NA	NA	NA	70	0.008	30.0	NA	failed	early_stop_failed	8100	>46	46.23820468392087	-23	0.11296456759538459
1654	0	1	0	0.1	0	False	NA	NA	NA	70	0.008	30.0	NA	succeed	early_stop_succeed	6300	44.97701355863968	44.97415056331444	-24	0.13762611363121885
1655	0	1	0	0.1	0	False	NA	NA	NA	70	0.008	30.0	NA	succeed	early_stop_succeed	5300	43.99414041284406	44.007313959637756	-27	0.13944126277617247
1656	0	1	0	0.1	0	False	NA	NA	NA	70	0.008	30.0	NA	succeed	early_stop_succeed	7450	45.829196382901536	45.88029665927733	-25	0.12320428020746961
1657	0	1	0	0.1	0	False	NA	NA	NA	70	0.008	30.0	NA	succeed	early_stop_succeed	7550	46.00395446009065	45.991510746874425	-23	0.11264554769179211
1658	0	1	0	0.1	0	False	NA	NA	NA	70	0.008	30.0	NA	succeed	early_stop_succeed	6850	44.64241649006139	44.66140817788479	-26	0.14069916369939675
1659	0	1	0	0.1	0	False	NA	NA	NA	70	0.008	30.0	NA	failed	early_stop_failed	8200	46.18785827580774	46.17354346999041	-23	0.12232795980153577
1660	0	1	0	0.1	0	False	NA	NA	NA	70	0.008	30.0	NA	failed	early_stop_failed	8600	>46	46.24767748534022	-23	0.13848645705070864
1661	0	1	0	0.1	0	False	NA	NA	NA	70	0.008	30.0	NA	succeed	early_stop_succeed	8050	45.96059869115213	45.97741779401196	-24	0.12986302208479095
1662	0	1	0	0.1	0	False	NA	NA	NA	70	0.008	30.0	NA	succeed	early_stop_succeed	7950	45.42697587457397	45.44195987377879	-23	0.11789592820563571
1663	0	1	0	0.1	0	False	NA	NA	NA	70	0.008	30.0	NA	succeed	early_stop_succeed	8200	45.77981911845142	45.77773281286038	-24	0.1401408508266456
1664	0	1	0	0.1	0	False	NA	NA	NA	70	0.008	30.0	NA	failed	early_stop_failed	8300	>46	46.2674980399046	-25	0.11071501096792132
1665	0	1	0	0.1	0	False	NA	NA	NA	70	0.008	30.0	NA	succeed	early_stop_succeed	6200	44.40955456358806	44.41107588859688	-26	0.1361990530020725
1666	0	1	0	0.1	0	False	NA	NA	NA	70	0.008	30.0	NA	failed	early_stop_failed	7950	>46	46.27610786228343	-24	0.13737657831797345
1667	0	1	0	0.1	0	False	NA	NA	NA	70	0.008	30.0	NA	succeed	early_stop_succeed	5750	44.49954675963681	44.49400440515194	-25	0.1300184939986041
1668	0	1	0	0.1	0	False	NA	NA	NA	70	0.008	30.0	NA	succeed	early_stop_succeed	7050	45.87785702766839	45.89900950280742	-25	0.10646782510213168
1669	0	1	0	0.1	0	False	NA	NA	NA	70	0.008	30.0	NA	succeed	early_stop_succeed	6300	45.074652104357455	45.07040172939452	-25	0.12344165667336561
1670	0	1	0	0.1	0	False	NA	NA	NA	70	0.008	30.0	NA	succeed	early_stop_succeed	6500	44.93518912321472	44.93861377753551	-24	0.1292385689639134
1671	0	1	0	0.1	0	False	NA	NA	NA	70	0.008	30.0	NA	failed	early_stop_failed	8550	>46	46.12567448104946	-25	0.12917942546484068
1672	0	1	0	0.1	0	False	NA	NA	NA	70	0.008	30.0	NA	failed	early_stop_failed	9150	>46	46.30119187870918	-24	0.11265865587876844
1673	0	1	0	0.1	0	False	NA	NA	NA	70	0.008	30.0	NA	succeed	early_stop_succeed	5900	44.490717590071355	44.49548109980639	-27	0.13760186376299235
1674	0	1	0	0.1	0	False	NA	NA	NA	70	0.008	30.0	NA	failed	early_stop_failed	7800	>46	46.25797224432585	-24	0.12639725824656714
1675	0	1	0	0.1	0	False	NA	NA	NA	70	0.008	30.0	NA	failed	early_stop_failed	7750	>46	46.2799657318511	-26	0.09502547557304399
1676	0	1	0	0.1	0	False	NA	NA	NA	70	0.008	30.0	NA	failed	early_stop_failed	8000	46.04062982798095	46.031891298636545	-23	0.10850756824116481
1677	0	1	0	0.1	0	False	NA	NA	NA	70	0.008	30.0	NA	succeed	early_stop_succeed	7850	45.55936367266173	45.61538090579971	-26	0.11572027358236778
1678	0	1	0	0.1	0	False	NA	NA	NA	70	0.008	30.0	NA	succeed	early_stop_succeed	7250	45.5406695825645	45.56382932424826	-25	0.12610092358508657
1679	0	1	0	0.1	0	False	NA	NA	NA	70	0.008	30.0	NA	failed	early_stop_failed	7750	>46	46.3720212529109	-22	0.10875137344403826
1680	0	1	0	0.1	0	False	NA	NA	NA	70	0.008	30.0	NA	succeed	early_stop_succeed	7600	45.89922887638587	45.91231524575926	-24	0.13347582930797214
1681	0	1	0	0.1	0	False	NA	NA	NA	70	0.008	30.0	NA	succeed	early_stop_succeed	7500	45.86823342956319	45.92855357497312	-24	0.14192878040390536
1682	0	1	0	0.1	0	False	NA	NA	NA	70	0.008	30.0	NA	succeed	early_stop_succeed	7050	45.056828817526146	45.069833227059064	-24	0.15175125685204896
1683	0	1	0	0.1	0	False	NA	NA	NA	70	0.008	30.0	NA	failed	early_stop_failed	7550	>46	46.25197659515236	-26	0.10766249273707927
1684	0	1	0	0.1	0	False	NA	NA	NA	70	0.008	30.0	NA	failed	early_stop_failed	8650	>46	46.4319981072141	-21	0.09519423114617931
1685	0	1	0	0.1	0	False	NA	NA	NA	70	0.008	30.0	NA	succeed	early_stop_succeed	7900	45.79085571804597	45.782280728132875	-25	0.12048539425652366
1686	0	1	0	0.1	0	False	NA	NA	NA	70	0.008	30.0	NA	succeed	early_stop_succeed	8150	45.87580620540313	45.864643306884275	-25	0.14642867740566826
1687	0	1	0	0.1	0	False	NA	NA	NA	70	0.008	30.0	NA	succeed	early_stop_succeed	7000	45.368326882234996	45.40630777384016	-26	0.13464713041299942
1688	0	1	0	0.1	0	False	NA	NA	NA	70	0.008	30.0	NA	succeed	early_stop_succeed	8300	45.730275399932125	45.780875864510804	-22	0.11422129807551253
1689	0	1	0	0.1	0	False	NA	NA	NA	70	0.008	30.0	NA	succeed	early_stop_succeed	6950	45.46728566970128	45.46492224142131	-25	0.11685096389957929
1690	0	1	0	0.1	0	False	NA	NA	NA	70	0.008	30.0	NA	failed	early_stop_failed	8450	>46	46.21270520874794	-25	0.10544929876173902
1691	0	1	0	0.1	0	False	NA	NA	NA	70	0.008	30.0	NA	failed	early_stop_failed	8300	>46	46.2670563570603	-23	0.1086580921852932
1692	0	1	0	0.1	0	False	NA	NA	NA	70	0.008	30.0	NA	succeed	early_stop_succeed	6800	45.60694069881701	45.68033611510294	-24	0.12460712112154275
1693	0	1	0	0.1	0	False	NA	NA	NA	70	0.008	30.0	NA	succeed	early_stop_succeed	7750	45.49373919815448	45.47678458643824	-26	0.13423593822955693
1694	0	1	0	0.1	0	False	NA	NA	NA	70	0.008	30.0	NA	succeed	early_stop_succeed	7350	45.772682191187734	45.816895747498954	-25	0.11686445816443954
1695	0	1	0	0.1	0	False	NA	NA	NA	70	0.008	30.0	NA	failed	early_stop_failed	8900	>46	46.16004565475657	-25	0.1282360613511312
1696	0	1	0	0.1	0	False	NA	NA	NA	70	0.008	30.0	NA	succeed	early_stop_succeed	7550	44.919828034160275	44.945752813995455	-23	0.13010363731721605
1697	0	1	0	0.1	0	False	NA	NA	NA	70	0.008	30.0	NA	succeed	early_stop_succeed	7100	44.872379148950564	44.87214811237596	-24	0.12944988033030982
1698	0	1	0	0.1	0	False	NA	NA	NA	70	0.008	30.0	NA	succeed	early_stop_succeed	7000	45.209946010473516	45.26618854959868	-25	0.14278662133928136
1699	0	1	0	0.1	0	False	NA	NA	NA	70	0.008	30.0	NA	succeed	early_stop_succeed	7750	45.80823581465327	45.833983571924286	-25	0.11588413759268905
1700	0	1	0	0.1	0	False	NA	NA	NA	70	0.008	30.0	NA	failed	early_stop_failed	8850	>46	46.23720810933245	-24	0.10947716853967662
1701	0	1	0	0.1	0	False	NA	NA	NA	70	0.008	30.0	NA	failed	early_stop_failed	7550	>46	46.20587083371836	-25	0.13283217006448042
1702	0	1	0	0.1	0	False	NA	NA	NA	70	0.008	30.0	NA	failed	early_stop_failed	8850	>46	46.25866011399345	-24	0.10279693919597102
1703	0	1	0	0.1	0	False	NA	NA	NA	70	0.008	30.0	NA	succeed	early_stop_succeed	6100	44.036326937444116	44.05596632313538	-27	0.11968679616156809
1704	0	1	0	0.1	0	False	NA	NA	NA	70	0.008	30.0	NA	succeed	early_stop_succeed	7350	45.13382181452184	45.16948719517018	-25	0.12818652015336268
1705	0	1	0	0.1	0	False	NA	NA	NA	70	0.008	30.0	NA	succeed	early_stop_succeed	6350	44.531622223579404	44.61348005830913	-25	0.13292709327394228
1706	0	1	0	0.1	0	False	NA	NA	NA	70	0.008	30.0	NA	failed	early_stop_failed	7800	>46	46.1812076577722	-24	0.12077411803740308
1707	0	1	0	0.1	0	False	NA	NA	NA	70	0.008	30.0	NA	succeed	early_stop_succeed	6700	44.84842570805745	44.864926316466224	-26	0.13044119909662416
1708	0	1	0	0.1	0	False	NA	NA	NA	70	0.008	30.0	NA	succeed	early_stop_succeed	5700	44.457837136249616	44.445496479863706	-24	0.12898935647288057
1709	0	1	0	0.1	0	False	NA	NA	NA	70	0.008	30.0	NA	succeed	early_stop_succeed	7150	45.50278148552294	45.497149421144364	-24	0.11874023477781603
1710	0	1	0	0.1	0	False	NA	NA	NA	70	0.008	30.0	NA	failed	early_stop_failed	7650	>46	46.20872490683154	-24	0.11155020896758373
1711	0	1	0	0.1	0	False	NA	NA	NA	70	0.008	30.0	NA	succeed	early_stop_succeed	6750	44.91125578259119	44.87014167878099	-25	0.1398942620830168
1712	0	1	0	0.1	0	False	NA	NA	NA	70	0.008	30.0	NA	failed	early_stop_failed	7850	>46	46.38259504434197	-23	0.10677474970455064
1713	0	1	0	0.1	0	False	NA	NA	NA	70	0.008	30.0	NA	succeed	early_stop_succeed	5200	44.22956530937622	44.265052318571385	-25	0.14785921386989628
1714	0	1	0	0.1	0	False	NA	NA	NA	70	0.008	30.0	NA	succeed	early_stop_succeed	6500	45.19790316249107	45.19477949415984	-24	0.11727057491799206
1715	0	1	0	0.1	0	False	NA	NA	NA	70	0.008	30.0	NA	succeed	early_stop_succeed	8100	45.182360831031545	45.19692010314448	-23	0.11879536842676096
1716	0	1	0	0.1	0	False	NA	NA	NA	70	0.008	30.0	NA	succeed	early_stop_succeed	7450	45.839819251096266	45.86652748224519	-26	0.11018495137049532
1717	0	1	0	0.1	0	False	NA	NA	NA	70	0.008	30.0	NA	succeed	early_stop_succeed	5900	44.178008279596746	44.2097111123355	-27	0.15053953798869138
1718	0	1	0	0.1	0	False	NA	NA	NA	70	0.008	30.0	NA	succeed	early_stop_succeed	6800	44.930260703291395	44.939765551605724	-26	0.12287696569030811
1719	0	1	0	0.1	0	False	NA	NA	NA	70	0.008	30.0	NA	failed	early_stop_failed	8500	>46	46.1224759348509	-24	0.13927929942170242
1720	0	1	0	0.1	0	False	NA	NA	NA	70	0.008	30.0	NA	succeed	early_stop_succeed	7100	45.26810231418742	45.284636054288406	-27	0.11955346593597403
1721	0	1	0	0.1	0	False	NA	NA	NA	70	0.008	30.0	NA	succeed	early_stop_succeed	7350	45.17506695467043	45.207025430766755	-25	0.12723877188843924
1722	0	1	0	0.1	0	False	NA	NA	NA	70	0.008	30.0	NA	succeed	early_stop_succeed	5600	44.67748494725508	44.64968769909648	-25	0.1491637709063856
1723	0	1	0	0.1	0	False	NA	NA	NA	70	0.008	30.0	NA	failed	early_stop_failed	8800	>46	46.23098193188419	-23	0.11104773057243253
1724	0	1	0	0.1	0	False	NA	NA	NA	70	0.008	30.0	NA	succeed	early_stop_succeed	5950	44.83596632137688	44.86422388986287	-25	0.1336417548577483
1725	0	1	0	0.1	0	False	NA	NA	NA	70	0.008	30.0	NA	failed	early_stop_failed	7800	46.057001627004205	46.0373753070338	-26	0.11422421894598113
1726	0	1	0	0.1	0	False	NA	NA	NA	70	0.008	30.0	NA	failed	early_stop_failed	8150	46.0092188421749	46.01896114344882	-25	0.12631377698811735
1727	0	1	0	0.1	0	False	NA	NA	NA	70	0.008	30.0	NA	succeed	early_stop_succeed	7700	45.974144465077025	45.98617909768891	-24	0.10854828079908611
1728	0	1	0	0.1	0	False	NA	NA	NA	70	0.008	30.0	NA	succeed	early_stop_succeed	7950	45.258537356045935	45.24996678863307	-25	0.14114148987920958
1729	0	1	0	0.1	0	False	NA	NA	NA	70	0.008	30.0	NA	succeed	early_stop_succeed	8750	45.87494140489719	45.89515200854138	-26	0.12174085714673623
1730	0	1	0	0.1	0	False	NA	NA	NA	70	0.008	30.0	NA	succeed	early_stop_succeed	4650	43.362081435714856	43.35569851629685	-27	0.16629628135808322
1731	0	1	0	0.1	0	False	NA	NA	NA	70	0.008	30.0	NA	succeed	early_stop_succeed	6450	44.87165513009668	44.890021972052764	-24	0.11576807117148608
1732	0	1	0	0.1	0	False	NA	NA	NA	70	0.008	30.0	NA	failed	early_stop_failed	7750	>46	46.34960105485513	-23	0.10561483350282234
1733	0	1	0	0.1	0	False	NA	NA	NA	70	0.008	30.0	NA	succeed	early_stop_succeed	7900	45.62268705271454	45.61966166525671	-23	0.1196380343467029
1734	0	1	0	0.1	0	False	NA	NA	NA	70	0.008	30.0	NA	succeed	early_stop_succeed	6150	44.50217533626645	44.46800444612407	-25	0.1429842753192363
1735	0	1	0	0.1	0	False	NA	NA	NA	70	0.008	30.0	NA	failed	early_stop_failed	7900	>46	46.137324774822936	-23	0.11847723333054574
1736	0	1	0	0.1	0	False	NA	NA	NA	70	0.008	30.0	NA	failed	early_stop_failed	7700	>46	46.24436085069114	-25	0.13309650688934668
1737	0	1	0	0.1	0	False	NA	NA	NA	70	0.008	30.0	NA	failed	early_stop_failed	7350	>46	46.27199000905499	-25	0.10891908485323232
1738	0	1	0	0.1	0	False	NA	NA	NA	70	0.008	30.0	NA	succeed	early_stop_succeed	4450	42.98946732930107	42.99788717944229	-27	0.1433429617599281
1739	0	1	0	0.1	0	False	NA	NA	NA	70	0.008	30.0	NA	succeed	early_stop_succeed	7200	44.9302428718062	44.948795368264456	-26	0.15310956260744174
1740	0	1	0	0.1	0	False	NA	NA	NA	70	0.008	30.0	NA	failed	early_stop_failed	8250	>46	46.23853121753028	-25	0.11446084253455262
1741	0	1	0	0.1	0	False	NA	NA	NA	70	0.008	30.0	NA	failed	early_stop_failed	8500	>46	46.1710851489887	-25	0.12100141984959369
1742	0	1	0	0.1	0	False	NA	NA	NA	70	0.008	30.0	NA	failed	early_stop_failed	7850	>46	46.24414602712114	-26	0.11241953638339712
1743	0	1	0	0.1	0	False	NA	NA	NA	70	0.008	30.0	NA	succeed	early_stop_succeed	8100	45.601266727047715	45.56158502185938	-27	0.11253989366562196
1744	0	1	0	0.1	0	False	NA	NA	NA	70	0.008	30.0	NA	failed	early_stop_failed	8300	46.12696951502956	46.05428043943425	-23	0.12658393616911257
1745	0	1	0	0.1	0	False	NA	NA	NA	70	0.008	30.0	NA	succeed	early_stop_succeed	6550	44.954177006863446	44.8890082593977	-25	0.1371015772378855
1746	0	1	0	0.1	0	False	NA	NA	NA	70	0.008	30.0	NA	succeed	early_stop_succeed	7700	45.55495865652279	45.58372662981263	-25	0.1249557502065591
1747	0	1	0	0.1	0	False	NA	NA	NA	70	0.008	30.0	NA	succeed	early_stop_succeed	7500	45.60565720326608	45.58452076988572	-25	0.12663852743831763
1748	0	1	0	0.1	0	False	NA	NA	NA	70	0.008	30.0	NA	succeed	early_stop_succeed	6600	45.10231436495211	45.10491743184766	-25	0.11878726749623106
1749	0	1	0	0.1	0	False	NA	NA	NA	70	0.008	30.0	NA	failed	early_stop_failed	7700	>46	46.22869996318175	-25	0.1405235208135846
1750	0	0	1	0.1	0	False	NA	NA	NA	70	NA	NA	NA	failed	early_stop_failed	4450	>46	46.52201572704902	-22	0.11130111526286993
1751	0	0	1	0.1	0	False	NA	NA	NA	70	NA	NA	NA	failed	early_stop_failed	4700	>46	46.67313575733214	-21	0.11481455374015176
1752	0	0	1	0.1	0	False	NA	NA	NA	70	NA	NA	NA	failed	early_stop_failed	4000	>46	46.827973876141215	-25	0.0981829098643599
1753	0	0	1	0.1	0	False	NA	NA	NA	70	NA	NA	NA	failed	early_stop_failed	4500	>46	46.65571579038256	-24	0.1261137149769085
1754	0	0	1	0.1	0	False	NA	NA	NA	70	NA	NA	NA	failed	early_stop_failed	4750	>46	46.64999036905361	-22	0.13202961684988307
1755	0	0	1	0.1	0	False	NA	NA	NA	70	NA	NA	NA	failed	early_stop_failed	4750	>46	46.651764586753785	-24	0.1479223245400521
1756	0	0	1	0.1	0	False	NA	NA	NA	70	NA	NA	NA	failed	early_stop_failed	4450	>46	46.64601093755711	-24	0.10212645830727858
1757	0	0	1	0.1	0	False	NA	NA	NA	70	NA	NA	NA	failed	early_stop_failed	4850	>46	46.67161737305581	-23	0.1223377237066436
1758	0	0	1	0.1	0	False	NA	NA	NA	70	NA	NA	NA	failed	early_stop_failed	4750	>46	46.85906515554957	-24	0.11048508649570231
1759	0	0	1	0.1	0	False	NA	NA	NA	70	NA	NA	NA	failed	early_stop_failed	4200	>46	46.69579520102427	-22	0.12376645767999225
1760	0	0	1	0.1	0	False	NA	NA	NA	70	NA	NA	NA	failed	early_stop_failed	4650	>46	46.54378144469898	-23	0.12111425479351595
1761	0	0	1	0.1	0	False	NA	NA	NA	70	NA	NA	NA	failed	early_stop_failed	4700	>46	46.66570067156	-23	0.10948674197461877
1762	0	0	1	0.1	0	False	NA	NA	NA	70	NA	NA	NA	failed	early_stop_failed	4750	>46	46.51300869566299	-22	0.1302696637356074
1763	0	0	1	0.1	0	False	NA	NA	NA	70	NA	NA	NA	failed	early_stop_failed	4200	>46	46.72540534208021	-22	0.12546338897133819
1764	0	0	1	0.1	0	False	NA	NA	NA	70	NA	NA	NA	failed	early_stop_failed	4600	>46	46.65848446147701	-24	0.1190344733889908
1765	0	0	1	0.1	0	False	NA	NA	NA	70	NA	NA	NA	failed	early_stop_failed	4650	>46	46.57919221359979	-23	0.12407877988145159
1766	0	0	1	0.1	0	False	NA	NA	NA	70	NA	NA	NA	failed	early_stop_failed	3250	>46	47.167206570999674	-18	0.10615105721410531
1767	0	0	1	0.1	0	False	NA	NA	NA	70	NA	NA	NA	failed	early_stop_failed	4300	>46	46.77601883692567	-21	0.10433698020537767
1768	0	0	1	0.1	0	False	NA	NA	NA	70	NA	NA	NA	failed	early_stop_failed	4300	>46	46.66421169587443	-23	0.12743281204335438
1769	0	0	1	0.1	0	False	NA	NA	NA	70	NA	NA	NA	failed	early_stop_failed	4200	>46	46.74965427190262	-23	0.10847940336865271
1770	0	0	1	0.1	0	False	NA	NA	NA	70	NA	NA	NA	failed	early_stop_failed	4700	>46	46.46003939769208	-24	0.1451545311470527
1771	0	0	1	0.1	0	False	NA	NA	NA	70	NA	NA	NA	failed	early_stop_failed	4550	>46	46.59964792301078	-24	0.09967038467995876
1772	0	0	1	0.1	0	False	NA	NA	NA	70	NA	NA	NA	failed	early_stop_failed	4800	>46	46.66459711935577	-24	0.13803711670373306
1773	0	0	1	0.1	0	False	NA	NA	NA	70	NA	NA	NA	failed	early_stop_failed	4650	>46	46.611571257374145	-25	0.12060646833793885
1774	0	0	1	0.1	0	False	NA	NA	NA	70	NA	NA	NA	failed	early_stop_failed	4050	>46	46.74572955509652	-22	0.1321049587804095
1775	0	0	1	0.1	0	False	NA	NA	NA	70	NA	NA	NA	failed	early_stop_failed	3950	>46	46.91364776595415	-20	0.08897812798223216
1776	0	0	1	0.1	0	False	NA	NA	NA	70	NA	NA	NA	failed	early_stop_failed	4650	>46	46.68544620311616	-26	0.09998383796658991
1777	0	0	1	0.1	0	False	NA	NA	NA	70	NA	NA	NA	failed	early_stop_failed	4400	>46	46.59458670991648	-24	0.11734204362036138
1778	0	0	1	0.1	0	False	NA	NA	NA	70	NA	NA	NA	failed	early_stop_failed	4550	>46	46.66054662358317	-24	0.13874697609519565
1779	0	0	1	0.1	0	False	NA	NA	NA	70	NA	NA	NA	failed	early_stop_failed	4350	>46	46.67161801557285	-23	0.09861947565521305
1780	0	0	1	0.1	0	False	NA	NA	NA	70	NA	NA	NA	failed	early_stop_failed	4850	>46	46.67238495469066	-24	0.11780557629719855
1781	0	0	1	0.1	0	False	NA	NA	NA	70	NA	NA	NA	failed	early_stop_failed	4550	>46	46.780912747278094	-22	0.12173147710059443
1782	0	0	1	0.1	0	False	NA	NA	NA	70	NA	NA	NA	failed	early_stop_failed	4450	>46	46.67184680157303	-24	0.11104175973430784
1783	0	0	1	0.1	0	False	NA	NA	NA	70	NA	NA	NA	failed	early_stop_failed	4750	>46	46.778634968807204	-23	0.12821615292613772
1784	0	0	1	0.1	0	False	NA	NA	NA	70	NA	NA	NA	failed	early_stop_failed	5000	>46	46.564671490361086	-22	0.13297599094517942
1785	0	0	1	0.1	0	False	NA	NA	NA	70	NA	NA	NA	failed	early_stop_failed	4800	>46	46.510573397156186	-24	0.1270168005802403
1786	0	0	1	0.1	0	False	NA	NA	NA	70	NA	NA	NA	failed	early_stop_failed	4500	>46	46.6665345256221	-24	0.1142862044070548
1787	0	0	1	0.1	0	False	NA	NA	NA	70	NA	NA	NA	failed	early_stop_failed	4900	>46	46.69632789421201	-24	0.1369886537781006
1788	0	0	1	0.1	0	False	NA	NA	NA	70	NA	NA	NA	failed	early_stop_failed	4800	>46	46.367714934282226	-23	0.12215781025163917
1789	0	0	1	0.1	0	False	NA	NA	NA	70	NA	NA	NA	failed	early_stop_failed	4550	>46	46.72348327039494	-23	0.10865288723415137
1790	0	0	1	0.1	0	False	NA	NA	NA	70	NA	NA	NA	failed	early_stop_failed	4850	>46	46.95573882802634	-24	0.11431602442397554
1791	0	0	1	0.1	0	False	NA	NA	NA	70	NA	NA	NA	failed	early_stop_failed	4550	>46	46.77280098811171	-24	0.1071802874055641
1792	0	0	1	0.1	0	False	NA	NA	NA	70	NA	NA	NA	failed	early_stop_failed	4500	>46	46.50202087003703	-23	0.13996793326830198
1793	0	0	1	0.1	0	False	NA	NA	NA	70	NA	NA	NA	failed	early_stop_failed	4750	>46	46.75110489436462	-24	0.1163227684916127
1794	0	0	1	0.1	0	False	NA	NA	NA	70	NA	NA	NA	failed	early_stop_failed	4400	>46	46.697737408470545	-26	0.09551052947293696
1795	0	0	1	0.1	0	False	NA	NA	NA	70	NA	NA	NA	failed	early_stop_failed	4150	>46	46.9389341001405	-23	0.12106559099521302
1796	0	0	1	0.1	0	False	NA	NA	NA	70	NA	NA	NA	failed	early_stop_failed	4800	>46	46.64936341343801	-23	0.1329866192494017
1797	0	0	1	0.1	0	False	NA	NA	NA	70	NA	NA	NA	failed	early_stop_failed	5400	>46	46.58182811411623	-23	0.14238226499630102
1798	0	0	1	0.1	0	False	NA	NA	NA	70	NA	NA	NA	failed	early_stop_failed	4350	>46	46.93124373443812	-22	0.12491252829095412
1799	0	0	1	0.1	0	False	NA	NA	NA	70	NA	NA	NA	failed	early_stop_failed	4550	>46	46.709449470639875	-22	0.1401510785063387
1800	0	0	1	0.1	0	False	NA	NA	NA	70	NA	NA	NA	failed	early_stop_failed	4200	>46	46.73128479583966	-22	0.10031116763815925
1801	0	0	1	0.1	0	False	NA	NA	NA	70	NA	NA	NA	failed	early_stop_failed	4600	>46	46.80826534160947	-26	0.09352077879019455
1802	0	0	1	0.1	0	False	NA	NA	NA	70	NA	NA	NA	failed	early_stop_failed	4100	>46	47.199188976535396	-24	0.0967087041238567
1803	0	0	1	0.1	0	False	NA	NA	NA	70	NA	NA	NA	failed	early_stop_failed	4500	>46	46.936462005866545	-24	0.10787554813994711
1804	0	0	1	0.1	0	False	NA	NA	NA	70	NA	NA	NA	failed	early_stop_failed	4450	>46	46.74233605078468	-23	0.1259865948568588
1805	0	0	1	0.1	0	False	NA	NA	NA	70	NA	NA	NA	failed	early_stop_failed	4600	>46	46.76303489037647	-23	0.11345074483157636
1806	0	0	1	0.1	0	False	NA	NA	NA	70	NA	NA	NA	failed	early_stop_failed	4400	>46	46.741954011174315	-23	0.11352190060389301
1807	0	0	1	0.1	0	False	NA	NA	NA	70	NA	NA	NA	failed	early_stop_failed	5000	>46	46.57712993203671	-24	0.13315321633491886
1808	0	0	1	0.1	0	False	NA	NA	NA	70	NA	NA	NA	failed	early_stop_failed	4500	>46	46.624931152610124	-21	0.12803400264409814
1809	0	0	1	0.1	0	False	NA	NA	NA	70	NA	NA	NA	failed	early_stop_failed	4100	>46	46.87376745659648	-23	0.12173190114492813
1810	0	0	1	0.1	0	False	NA	NA	NA	70	NA	NA	NA	failed	early_stop_failed	4800	>46	46.74261104044244	-23	0.11987738781362872
1811	0	0	1	0.1	0	False	NA	NA	NA	70	NA	NA	NA	failed	early_stop_failed	4400	>46	46.57540951098106	-22	0.1225780103771284
1812	0	0	1	0.1	0	False	NA	NA	NA	70	NA	NA	NA	failed	early_stop_failed	4700	>46	46.62752646666727	-24	0.12472581126105378
1813	0	0	1	0.1	0	False	NA	NA	NA	70	NA	NA	NA	failed	early_stop_failed	5350	>46	46.739320153514754	-21	0.12042422476064076
1814	0	0	1	0.1	0	False	NA	NA	NA	70	NA	NA	NA	failed	early_stop_failed	4900	>46	46.56996660404213	-23	0.14713833564944692
1815	0	0	1	0.1	0	False	NA	NA	NA	70	NA	NA	NA	failed	early_stop_failed	5050	>46	46.5740847262373	-24	0.14049690454720798
1816	0	0	1	0.1	0	False	NA	NA	NA	70	NA	NA	NA	failed	early_stop_failed	4550	>46	46.7060138652793	-24	0.12452560594521427
1817	0	0	1	0.1	0	False	NA	NA	NA	70	NA	NA	NA	failed	early_stop_failed	4200	>46	46.68205962925904	-24	0.12517229676334277
1818	0	0	1	0.1	0	False	NA	NA	NA	70	NA	NA	NA	failed	early_stop_failed	4450	>46	46.4381604913723	-23	0.13514032590621683
1819	0	0	1	0.1	0	False	NA	NA	NA	70	NA	NA	NA	failed	early_stop_failed	3950	>46	46.96941325064256	-25	0.08337712141237189
1820	0	0	1	0.1	0	False	NA	NA	NA	70	NA	NA	NA	failed	early_stop_failed	5100	>46	46.611123949029206	-23	0.1551001210352435
1821	0	0	1	0.1	0	False	NA	NA	NA	70	NA	NA	NA	failed	early_stop_failed	4900	>46	46.595805371248076	-23	0.11521386058798924
1822	0	0	1	0.1	0	False	NA	NA	NA	70	NA	NA	NA	failed	early_stop_failed	4350	>46	46.81677124749301	-21	0.14049561928796703
1823	0	0	1	0.1	0	False	NA	NA	NA	70	NA	NA	NA	failed	early_stop_failed	5550	>46	46.614182547528515	-22	0.13540795827404797
1824	0	0	1	0.1	0	False	NA	NA	NA	70	NA	NA	NA	failed	early_stop_failed	4650	>46	46.50587775011388	-23	0.13778026676241087
1825	0	0	1	0.1	0	False	NA	NA	NA	70	NA	NA	NA	failed	early_stop_failed	4750	>46	46.5467188577657	-22	0.13471562641706503
1826	0	0	1	0.1	0	False	NA	NA	NA	70	NA	NA	NA	failed	early_stop_failed	4200	>46	46.778859696164076	-23	0.12034941342001261
1827	0	0	1	0.1	0	False	NA	NA	NA	70	NA	NA	NA	failed	early_stop_failed	4600	>46	46.54675534407475	-21	0.13474367991987324
1828	0	0	1	0.1	0	False	NA	NA	NA	70	NA	NA	NA	failed	early_stop_failed	4600	>46	46.65518054822518	-23	0.1413049374971871
1829	0	0	1	0.1	0	False	NA	NA	NA	70	NA	NA	NA	failed	early_stop_failed	4150	>46	46.75485346136573	-21	0.0957778357737752
1830	0	0	1	0.1	0	False	NA	NA	NA	70	NA	NA	NA	failed	early_stop_failed	4200	>46	46.58565220860554	-23	0.1197602588607483
1831	0	0	1	0.1	0	False	NA	NA	NA	70	NA	NA	NA	failed	early_stop_failed	4450	>46	46.732304417042926	-20	0.1418221367108494
1832	0	0	1	0.1	0	False	NA	NA	NA	70	NA	NA	NA	failed	early_stop_failed	4450	>46	46.60765947181746	-21	0.11517395146101611
1833	0	0	1	0.1	0	False	NA	NA	NA	70	NA	NA	NA	failed	early_stop_failed	4700	>46	46.504954236163414	-24	0.11905578893334919
1834	0	0	1	0.1	0	False	NA	NA	NA	70	NA	NA	NA	failed	early_stop_failed	4650	>46	46.66495578064571	-25	0.10646794301489848
1835	0	0	1	0.1	0	False	NA	NA	NA	70	NA	NA	NA	failed	early_stop_failed	4600	>46	46.92230841834631	-26	0.1119426659392302
1836	0	0	1	0.1	0	False	NA	NA	NA	70	NA	NA	NA	failed	early_stop_failed	4700	>46	46.90211352719342	-21	0.11728151377076969
1837	0	0	1	0.1	0	False	NA	NA	NA	70	NA	NA	NA	failed	early_stop_failed	4100	>46	46.77171307864291	-25	0.10360251604669492
1838	0	0	1	0.1	0	False	NA	NA	NA	70	NA	NA	NA	failed	early_stop_failed	4650	>46	46.71951313885037	-22	0.12688860138810068
1839	0	0	1	0.1	0	False	NA	NA	NA	70	NA	NA	NA	failed	early_stop_failed	4700	>46	46.67935642391442	-25	0.10765953578284625
1840	0	0	1	0.1	0	False	NA	NA	NA	70	NA	NA	NA	failed	early_stop_failed	4950	>46	46.84850505287305	-24	0.12160660272604738
1841	0	0	1	0.1	0	False	NA	NA	NA	70	NA	NA	NA	failed	early_stop_failed	5350	>46	46.54695266403589	-23	0.1434211478977204
1842	0	0	1	0.1	0	False	NA	NA	NA	70	NA	NA	NA	failed	early_stop_failed	4450	>46	46.72910876008485	-23	0.13074751578966376
1843	0	0	1	0.1	0	False	NA	NA	NA	70	NA	NA	NA	failed	early_stop_failed	4850	>46	46.51152657349585	-24	0.13993215107681517
1844	0	0	1	0.1	0	False	NA	NA	NA	70	NA	NA	NA	failed	early_stop_failed	4850	>46	46.52303655640702	-23	0.1298176300383377
1845	0	0	1	0.1	0	False	NA	NA	NA	70	NA	NA	NA	failed	early_stop_failed	4600	>46	46.56801848152549	-23	0.1343803144240766
1846	0	0	1	0.1	0	False	NA	NA	NA	70	NA	NA	NA	failed	early_stop_failed	4600	>46	46.546641144254885	-23	0.120925501543956
1847	0	0	1	0.1	0	False	NA	NA	NA	70	NA	NA	NA	failed	early_stop_failed	4450	>46	46.64131855840313	-23	0.12595973299222188
1848	0	0	1	0.1	0	False	NA	NA	NA	70	NA	NA	NA	failed	early_stop_failed	4550	>46	46.79885437929778	-24	0.11310362279833017
1849	0	0	1	0.1	0	False	NA	NA	NA	70	NA	NA	NA	failed	early_stop_failed	4100	>46	46.95052879792052	-26	0.08868397112434583
1850	0	0	1	0.1	0	False	NA	NA	NA	70	NA	NA	NA	failed	early_stop_failed	4300	>46	46.69868004621277	-23	0.12113712171211383
1851	0	0	1	0.1	0	False	NA	NA	NA	70	NA	NA	NA	failed	early_stop_failed	4350	>46	46.651417257244525	-24	0.11903537114141682
1852	0	0	1	0.1	0	False	NA	NA	NA	70	NA	NA	NA	failed	early_stop_failed	4600	>46	46.82917830326273	-21	0.13635723535434968
1853	0	0	1	0.1	0	False	NA	NA	NA	70	NA	NA	NA	failed	early_stop_failed	4650	>46	46.686826314838974	-22	0.12293536243553022
1854	0	0	1	0.1	0	False	NA	NA	NA	70	NA	NA	NA	failed	early_stop_failed	4650	>46	46.589419503912	-22	0.12285762426815017
1855	0	0	1	0.1	0	False	NA	NA	NA	70	NA	NA	NA	failed	early_stop_failed	4900	>46	46.56303222412942	-22	0.11213017678813969
1856	0	0	1	0.1	0	False	NA	NA	NA	70	NA	NA	NA	failed	early_stop_failed	4650	>46	46.58999234602603	-19	0.10537298897162112
1857	0	0	1	0.1	0	False	NA	NA	NA	70	NA	NA	NA	failed	early_stop_failed	4400	>46	46.74652281960691	-22	0.1190700776091047
1858	0	0	1	0.1	0	False	NA	NA	NA	70	NA	NA	NA	failed	early_stop_failed	4700	>46	46.69854234885108	-22	0.12205306288183354
1859	0	0	1	0.1	0	False	NA	NA	NA	70	NA	NA	NA	failed	early_stop_failed	4750	>46	46.675322326829	-23	0.1226947235422953
1860	0	0	1	0.1	0	False	NA	NA	NA	70	NA	NA	NA	failed	early_stop_failed	5100	>46	46.55883940789601	-22	0.11600941039203955
1861	0	0	1	0.1	0	False	NA	NA	NA	70	NA	NA	NA	failed	early_stop_failed	4250	>46	46.7654291862493	-21	0.10443263266834385
1862	0	0	1	0.1	0	False	NA	NA	NA	70	NA	NA	NA	failed	early_stop_failed	5050	>46	46.63162917191248	-21	0.10589234562577944
1863	0	0	1	0.1	0	False	NA	NA	NA	70	NA	NA	NA	failed	early_stop_failed	4600	>46	46.78764137996602	-23	0.1268841475027076
1864	0	0	1	0.1	0	False	NA	NA	NA	70	NA	NA	NA	failed	early_stop_failed	4750	>46	46.66234402185657	-22	0.15951204359173124
1865	0	0	1	0.1	0	False	NA	NA	NA	70	NA	NA	NA	failed	early_stop_failed	5200	>46	46.58213341350407	-23	0.13918672238085517
1866	0	0	1	0.1	0	False	NA	NA	NA	70	NA	NA	NA	failed	early_stop_failed	4750	>46	46.75562989052513	-23	0.12433079522303109
1867	0	0	1	0.1	0	False	NA	NA	NA	70	NA	NA	NA	failed	early_stop_failed	4500	>46	46.79158112458441	-22	0.12452557611219175
1868	0	0	1	0.1	0	False	NA	NA	NA	70	NA	NA	NA	failed	early_stop_failed	4450	>46	46.526289940599995	-22	0.13500165318542776
1869	0	0	1	0.1	0	False	NA	NA	NA	70	NA	NA	NA	failed	early_stop_failed	4450	>46	46.741858463354944	-25	0.11583651788999104
1870	0	0	1	0.1	0	False	NA	NA	NA	70	NA	NA	NA	failed	early_stop_failed	4800	>46	46.94664062008418	-23	0.12245227502310332
1871	0	0	1	0.1	0	False	NA	NA	NA	70	NA	NA	NA	failed	early_stop_failed	3700	>46	47.11781985140812	-25	0.08556393059288875
1872	0	0	1	0.1	0	False	NA	NA	NA	70	NA	NA	NA	failed	early_stop_failed	4450	>46	46.751403194898536	-21	0.12317923672655348
1873	0	0	1	0.1	0	False	NA	NA	NA	70	NA	NA	NA	failed	early_stop_failed	4300	>46	46.71492924470565	-21	0.14678877233197907
1874	0	0	1	0.1	0	False	NA	NA	NA	70	NA	NA	NA	failed	early_stop_failed	5050	>46	46.564997044464704	-24	0.11829505902774078
1875	1	1	0	0.1	0	False	0.15	3.0	1.1	70	0.008	30.0	NA	succeed	early_stop_succeed	2000	40.41489047836157	40.431004266499016	-30	0.2276432851245402
1876	1	1	0	0.1	0	False	0.15	3.0	1.5	70	0.008	30.0	NA	succeed	early_stop_succeed	4700	41.86098679180193	41.88527658256479	-27	0.13751820495662712
1877	1	1	0	0.1	0	False	0.15	3.0	2.0	70	0.008	30.0	NA	succeed	early_stop_succeed	5900	43.23813340860416	43.270641200851024	-25	0.11385655494661191
1878	1	1	0	0.1	0	False	0.15	3.0	3.0	70	0.008	30.0	NA	succeed	early_stop_succeed	5750	42.424866028057544	42.43441239336173	-28	0.13443965900388247
1879	1	1	0	0.1	0	False	0.15	3.0	5.0	70	0.008	30.0	NA	succeed	early_stop_succeed	7250	44.026240005480965	44.015997615425235	-25	0.13790832418134882
1880	1	1	0	0.1	0	False	0.15	3.5	1.1	70	0.008	30.0	NA	succeed	early_stop_succeed	8350	43.595397701490704	43.6092631498655	-27	0.12917764128016157
1881	1	1	0	0.1	0	False	0.15	3.5	1.5	70	0.008	30.0	NA	succeed	early_stop_succeed	3450	41.41041221295954	41.41360889061405	-29	0.17282621950343163
1882	1	1	0	0.1	0	False	0.15	3.5	2.0	70	0.008	30.0	NA	succeed	early_stop_succeed	6600	43.615276242976385	43.64559219265153	-25	0.1350931116260742
1883	1	1	0	0.1	0	False	0.15	3.5	3.0	70	0.008	30.0	NA	succeed	early_stop_succeed	5050	42.58199251556553	42.59355063257263	-28	0.1523727945875447
1884	1	1	0	0.1	0	False	0.15	3.5	5.0	70	0.008	30.0	NA	succeed	early_stop_succeed	4550	43.05074945026717	43.0198702757	-28	0.13330194960296052
1885	1	1	0	0.1	0	False	0.15	4.0	1.1	70	0.008	30.0	NA	succeed	early_stop_succeed	8800	44.30816161438017	44.32477301804461	-24	0.11368458714525322
1886	1	1	0	0.1	0	False	0.15	4.0	1.5	70	0.008	30.0	NA	succeed	early_stop_succeed	8050	43.873735662812	43.85521314895278	-25	0.1150798163837518
1887	1	1	0	0.1	0	False	0.15	4.0	2.0	70	0.008	30.0	NA	succeed	early_stop_succeed	7400	44.23893527310771	44.23688121562888	-26	0.11406141631353105
1888	1	1	0	0.1	0	False	0.15	4.0	3.0	70	0.008	30.0	NA	failed	early_stop_failed	8850	>46	46.21567313420435	-25	0.10810577493692396
1889	1	1	0	0.1	0	False	0.15	4.0	5.0	70	0.008	30.0	NA	failed	early_stop_failed	8450	>46	46.45014383819614	-23	0.11652254520623499
1890	1	1	0	0.1	0	False	0.15	4.5	1.1	70	0.008	30.0	NA	succeed	early_stop_succeed	3000	40.88282899580569	40.85872091924344	-30	0.1808031710146424
1891	1	1	0	0.1	0	False	0.15	4.5	1.5	70	0.008	30.0	NA	succeed	early_stop_succeed	6900	44.33495703692163	44.33706134748837	-26	0.112752450778563
1892	1	1	0	0.1	0	False	0.15	4.5	2.0	70	0.008	30.0	NA	succeed	early_stop_succeed	6250	44.04376267431124	44.05775611537579	-26	0.1490739454928706
1893	1	1	0	0.1	0	False	0.15	4.5	3.0	70	0.008	30.0	NA	failed	early_stop_failed	9150	46.12712984275321	46.11975469194831	-23	0.12396790686355921
1894	1	1	0	0.1	0	False	0.15	4.5	5.0	70	0.008	30.0	NA	failed	early_stop_failed	8750	46.05385328565759	46.03817597977572	-23	0.11228649686979061
1895	1	1	0	0.1	0	False	0.15	5.0	1.1	70	0.008	30.0	NA	succeed	early_stop_succeed	6550	43.404367984879144	43.46580015150669	-26	0.10679087356965178
1896	1	1	0	0.1	0	False	0.15	5.0	1.5	70	0.008	30.0	NA	succeed	early_stop_succeed	6600	44.54514251919831	44.58639545220473	-24	0.1269019028588065
1897	1	1	0	0.1	0	False	0.15	5.0	2.0	70	0.008	30.0	NA	succeed	early_stop_succeed	6450	44.93490375627493	44.92035143536527	-23	0.1044353709594676
1898	1	1	0	0.1	0	False	0.15	5.0	3.0	70	0.008	30.0	NA	succeed	early_stop_succeed	7050	45.36491271261651	45.38624982304247	-25	0.12722065040312477
1899	1	1	0	0.1	0	False	0.15	5.0	5.0	70	0.008	30.0	NA	succeed	early_stop_succeed	6000	45.39455117394269	45.36024443595101	-22	0.1015827735561101
1900	1	1	0	0.1	0	False	0.2	3.0	1.1	70	0.008	30.0	NA	extinct	population_extinct	100000	NA	40.36619344064551	NA	NA
1901	1	1	0	0.1	0	False	0.2	3.0	1.5	70	0.008	30.0	NA	succeed	early_stop_succeed	6350	43.089484598185315	43.09426524199764	-29	0.1263182837029169
1902	1	1	0	0.1	0	False	0.2	3.0	2.0	70	0.008	30.0	NA	succeed	early_stop_succeed	6800	43.0185537922928	43.03272864709872	-28	0.12266867361879477
1903	1	1	0	0.1	0	False	0.2	3.0	3.0	70	0.008	30.0	NA	succeed	early_stop_succeed	6350	43.67549359754993	43.63373840830555	-28	0.11506973476121385
1904	1	1	0	0.1	0	False	0.2	3.0	5.0	70	0.008	30.0	NA	succeed	early_stop_succeed	8950	44.90552295555989	44.931234385244906	-26	0.13959768668437256
1905	1	1	0	0.1	0	False	0.2	3.5	1.1	70	0.008	30.0	NA	succeed	early_stop_succeed	6000	42.320391519345065	42.32068984671694	-28	0.11081727690833823
1906	1	1	0	0.1	0	False	0.2	3.5	1.5	70	0.008	30.0	NA	succeed	early_stop_succeed	7050	43.526451980671034	43.536842388669115	-25	0.11014905145631308
1907	1	1	0	0.1	0	False	0.2	3.5	2.0	70	0.008	30.0	NA	succeed	early_stop_succeed	3650	41.32868387216113	41.33200100088322	-29	0.1518592860192469
1908	1	1	0	0.1	0	False	0.2	3.5	3.0	70	0.008	30.0	NA	succeed	early_stop_succeed	5900	43.28017309561854	43.272277927828284	-28	0.11930867334897327
1909	1	1	0	0.1	0	False	0.2	3.5	5.0	70	0.008	30.0	NA	succeed	early_stop_succeed	8550	45.98419369025553	45.974315457326476	-27	0.10224822764759411
1910	1	1	0	0.1	0	False	0.2	4.0	1.1	70	0.008	30.0	NA	succeed	early_stop_succeed	6850	43.07364884655085	43.097567163620596	-28	0.11195445206296341
1911	1	1	0	0.1	0	False	0.2	4.0	1.5	70	0.008	30.0	NA	succeed	early_stop_succeed	8150	44.048223393781754	44.073049332391044	-25	0.1219951757153791
1912	1	1	0	0.1	0	False	0.2	4.0	2.0	70	0.008	30.0	NA	failed	early_stop_failed	11700	>46	46.31659058737652	-24	0.11010963091659103
1913	1	1	0	0.1	0	False	0.2	4.0	3.0	70	0.008	30.0	NA	succeed	early_stop_succeed	7350	44.53820407253796	44.51908499674838	-26	0.1252994331632312
1914	1	1	0	0.1	0	False	0.2	4.0	5.0	70	0.008	30.0	NA	failed	early_stop_failed	9300	45.9958182782855	46.00558504518743	-26	0.10845560397809656
1915	1	1	0	0.1	0	False	0.2	4.5	1.1	70	0.008	30.0	NA	succeed	early_stop_succeed	5200	42.43186554319029	42.43258830097664	-28	0.1470093393348631
1916	1	1	0	0.1	0	False	0.2	4.5	1.5	70	0.008	30.0	NA	succeed	early_stop_succeed	9350	45.14489142944314	45.18482763357674	-25	0.11591663736560351
1917	1	1	0	0.1	0	False	0.2	4.5	2.0	70	0.008	30.0	NA	succeed	early_stop_succeed	8450	44.593950659740976	44.56547523276707	-26	0.1297412359399318
1918	1	1	0	0.1	0	False	0.2	4.5	3.0	70	0.008	30.0	NA	succeed	early_stop_succeed	7800	45.18088952992474	45.25303515904125	-24	0.12583932190272493
1919	1	1	0	0.1	0	False	0.2	4.5	5.0	70	0.008	30.0	NA	succeed	early_stop_succeed	5200	43.78988700385991	43.83979475681039	-25	0.13294599863208625
1920	1	1	0	0.1	0	False	0.2	5.0	1.1	70	0.008	30.0	NA	succeed	early_stop_succeed	6400	43.446350873316575	43.45658043949161	-28	0.12292500031600279
1921	1	1	0	0.1	0	False	0.2	5.0	1.5	70	0.008	30.0	NA	succeed	early_stop_succeed	7600	44.65096183603025	44.670855862711036	-25	0.12097266128338212
1922	1	1	0	0.1	0	False	0.2	5.0	2.0	70	0.008	30.0	NA	succeed	early_stop_succeed	8100	45.587836679306626	45.615342206769	-24	0.10373066203963523
1923	1	1	0	0.1	0	False	0.2	5.0	3.0	70	0.008	30.0	NA	succeed	early_stop_succeed	6100	44.720161651726414	44.78108887221642	-23	0.12111216469748987
1924	1	1	0	0.1	0	False	0.2	5.0	5.0	70	0.008	30.0	NA	failed	early_stop_failed	7700	46.12072311035424	46.150082043942525	-24	0.15195358948990748
1925	1	1	0	0.1	0	False	0.25	3.0	1.1	70	0.008	30.0	NA	extinct	population_extinct	100000	NA	NA	NA	NA
1926	1	1	0	0.1	0	False	0.25	3.0	1.5	70	0.008	30.0	NA	succeed	early_stop_succeed	4700	41.560591782102435	41.558705462243175	-29	0.14636489990169854
1927	1	1	0	0.1	0	False	0.25	3.0	2.0	70	0.008	30.0	NA	succeed	early_stop_succeed	6950	43.042682487510554	43.03227305847499	-26	0.12031770989971718
1928	1	1	0	0.1	0	False	0.25	3.0	3.0	70	0.008	30.0	NA	succeed	early_stop_succeed	3050	41.300689239513986	41.32579080149967	-28	0.1487531214175846
1929	1	1	0	0.1	0	False	0.25	3.0	5.0	70	0.008	30.0	NA	succeed	early_stop_succeed	2250	40.38892742105136	40.401611570333465	-30	0.224661011189481
1930	1	1	0	0.1	0	False	0.25	3.5	1.1	70	0.008	30.0	NA	succeed	early_stop_succeed	2400	40.34838055377369	40.3653653140285	-30	0.1962243768794297
1931	1	1	0	0.1	0	False	0.25	3.5	1.5	70	0.008	30.0	NA	succeed	early_stop_succeed	3200	41.006289273623025	40.990411558433564	-30	0.16076060185329522
1932	1	1	0	0.1	0	False	0.25	3.5	2.0	70	0.008	30.0	NA	succeed	early_stop_succeed	2700	40.68489960009758	40.673260313367834	-30	0.1820249325303948
1933	1	1	0	0.1	0	False	0.25	3.5	3.0	70	0.008	30.0	NA	succeed	early_stop_succeed	6500	43.317488719397744	43.31308643498227	-26	0.12317324422415225
1934	1	1	0	0.1	0	False	0.25	3.5	5.0	70	0.008	30.0	NA	succeed	early_stop_succeed	6100	43.702970064797185	43.727269733580705	-26	0.10782342199520847
1935	1	1	0	0.1	0	False	0.25	4.0	1.1	70	0.008	30.0	NA	succeed	early_stop_succeed	2250	40.26811209039792	40.25561040658427	-30	0.19780016309745435
1936	1	1	0	0.1	0	False	0.25	4.0	1.5	70	0.008	30.0	NA	succeed	early_stop_succeed	2500	40.59944644299369	40.57812002074389	-30	0.20123205613910827
1937	1	1	0	0.1	0	False	0.25	4.0	2.0	70	0.008	30.0	NA	succeed	early_stop_succeed	3600	41.57694916944927	41.56890624677477	-28	0.14388856150471582
1938	1	1	0	0.1	0	False	0.25	4.0	3.0	70	0.008	30.0	NA	failed	early_stop_failed	10050	>46	46.21224379054224	-24	0.11446361425526445
1939	1	1	0	0.1	0	False	0.25	4.0	5.0	70	0.008	30.0	NA	succeed	early_stop_succeed	7650	45.24501302399315	45.24923877439254	-26	0.12684573998644594
1940	1	1	0	0.1	0	False	0.25	4.5	1.1	70	0.008	30.0	NA	succeed	early_stop_succeed	5800	42.541598947412574	42.526560743700585	-28	0.15732693509082252
1941	1	1	0	0.1	0	False	0.25	4.5	1.5	70	0.008	30.0	NA	succeed	early_stop_succeed	8150	44.71667563006668	44.71213348089658	-24	0.13481809197790243
1942	1	1	0	0.1	0	False	0.25	4.5	2.0	70	0.008	30.0	NA	succeed	early_stop_succeed	4750	42.51924322427671	42.502764146540194	-28	0.16353414457034154
1943	1	1	0	0.1	0	False	0.25	4.5	3.0	70	0.008	30.0	NA	succeed	early_stop_succeed	5850	44.15485735599307	44.16560966088092	-26	0.11960480697496624
1944	1	1	0	0.1	0	False	0.25	4.5	5.0	70	0.008	30.0	NA	succeed	early_stop_succeed	6100	44.076565112923596	44.09196344400825	-26	0.129098075800482
1945	1	1	0	0.1	0	False	0.25	5.0	1.1	70	0.008	30.0	NA	succeed	early_stop_succeed	5750	42.74053269847101	42.72976900177887	-27	0.12997667315178174
1946	1	1	0	0.1	0	False	0.25	5.0	1.5	70	0.008	30.0	NA	succeed	early_stop_succeed	8650	45.13058567887099	45.10076162728126	-25	0.116899612484507
1947	1	1	0	0.1	0	False	0.25	5.0	2.0	70	0.008	30.0	NA	succeed	early_stop_succeed	5750	43.78812738146089	43.77473086046462	-26	0.1484881232921014
1948	1	1	0	0.1	0	False	0.25	5.0	3.0	70	0.008	30.0	NA	failed	early_stop_failed	8500	>46	46.14347760889346	-24	0.12528431147232932
1949	1	1	0	0.1	0	False	0.25	5.0	5.0	70	0.008	30.0	NA	succeed	early_stop_succeed	6250	45.108118981247486	45.12545835669133	-25	0.12087334861792191
1950	1	1	0	0.1	0	False	0.3	3.0	1.1	70	0.008	30.0	NA	extinct	population_extinct	100000	NA	NA	NA	NA
1951	1	1	0	0.1	0	False	0.3	3.0	1.5	70	0.008	30.0	NA	extinct	population_extinct	100000	NA	39.86376770276794	NA	NA
1952	1	1	0	0.1	0	False	0.3	3.0	2.0	70	0.008	30.0	NA	succeed	early_stop_succeed	4850	42.04753146289341	42.062595954217585	-27	0.14176674695229927
1953	1	1	0	0.1	0	False	0.3	3.0	3.0	70	0.008	30.0	NA	succeed	early_stop_succeed	2000	40.25191391758481	40.24746773953277	-30	0.21909973574150599
1954	1	1	0	0.1	0	False	0.3	3.0	5.0	70	0.008	30.0	NA	succeed	early_stop_succeed	5600	43.20318477498611	43.25616335959702	-28	0.1326973534448165
1955	1	1	0	0.1	0	False	0.3	3.5	1.1	70	0.008	30.0	NA	extinct	population_extinct	100000	NA	40.60921679536485	NA	NA
1956	1	1	0	0.1	0	False	0.3	3.5	1.5	70	0.008	30.0	NA	succeed	early_stop_succeed	3300	40.86096175010989	40.878732681704804	-29	0.16389527454034666
1957	1	1	0	0.1	0	False	0.3	3.5	2.0	70	0.008	30.0	NA	succeed	early_stop_succeed	7250	43.587207166675114	43.64189241523455	-27	0.10322470178666135
1958	1	1	0	0.1	0	False	0.3	3.5	3.0	70	0.008	30.0	NA	succeed	early_stop_succeed	4600	42.520141228392525	42.54072112805652	-27	0.13055399626248343
1959	1	1	0	0.1	0	False	0.3	3.5	5.0	70	0.008	30.0	NA	succeed	early_stop_succeed	7300	44.0707148703427	44.09102862805864	-27	0.14049158708574822
1960	1	1	0	0.1	0	False	0.3	4.0	1.1	70	0.008	30.0	NA	succeed	early_stop_succeed	5750	42.06483463875896	42.089447839595884	-28	0.12803015950619254
1961	1	1	0	0.1	0	False	0.3	4.0	1.5	70	0.008	30.0	NA	succeed	early_stop_succeed	7450	43.61528942755314	43.67667476866648	-26	0.12301949638686267
1962	1	1	0	0.1	0	False	0.3	4.0	2.0	70	0.008	30.0	NA	succeed	early_stop_succeed	7950	44.209577668621314	44.23916439883798	-26	0.12255897840602571
1963	1	1	0	0.1	0	False	0.3	4.0	3.0	70	0.008	30.0	NA	succeed	early_stop_succeed	8100	44.63835520776355	44.625465566815706	-25	0.11938867605226337
1964	1	1	0	0.1	0	False	0.3	4.0	5.0	70	0.008	30.0	NA	succeed	early_stop_succeed	8450	45.86960390331917	45.920883776367134	-24	0.11329713376650702
1965	1	1	0	0.1	0	False	0.3	4.5	1.1	70	0.008	30.0	NA	succeed	early_stop_succeed	4700	41.90711306696946	41.91234300868482	-30	0.13599970967211136
1966	1	1	0	0.1	0	False	0.3	4.5	1.5	70	0.008	30.0	NA	succeed	early_stop_succeed	8850	44.362746251934084	44.37757623444143	-26	0.1122532373985511
1967	1	1	0	0.1	0	False	0.3	4.5	2.0	70	0.008	30.0	NA	succeed	early_stop_succeed	5700	42.961166161218124	42.98915633461425	-26	0.12688989855731994
1968	1	1	0	0.1	0	False	0.3	4.5	3.0	70	0.008	30.0	NA	succeed	early_stop_succeed	6450	44.95307880925958	44.961540835639404	-25	0.11464732657331698
1969	1	1	0	0.1	0	False	0.3	4.5	5.0	70	0.008	30.0	NA	succeed	early_stop_succeed	8050	45.55332674725255	45.56194607203363	-28	0.1041873444209492
1970	1	1	0	0.1	0	False	0.3	5.0	1.1	70	0.008	30.0	NA	succeed	early_stop_succeed	7550	43.16292175793173	43.1962110448546	-28	0.13495750906995063
1971	1	1	0	0.1	0	False	0.3	5.0	1.5	70	0.008	30.0	NA	succeed	early_stop_succeed	7200	43.563897375940066	43.59288452200224	-27	0.13002277786005456
1972	1	1	0	0.1	0	False	0.3	5.0	2.0	70	0.008	30.0	NA	succeed	early_stop_succeed	5450	43.59329338032936	43.60586169460259	-26	0.14000038113118465
1973	1	1	0	0.1	0	False	0.3	5.0	3.0	70	0.008	30.0	NA	succeed	early_stop_succeed	6550	44.98369184531813	44.967592027419784	-25	0.12689455243027883
1974	1	1	0	0.1	0	False	0.3	5.0	5.0	70	0.008	30.0	NA	failed	early_stop_failed	9350	>46	46.17054422435628	-25	0.1185865948905872
1975	1	1	0	0.1	0	False	0.35	3.0	1.1	70	0.008	30.0	NA	extinct	population_extinct	100000	NA	NA	NA	NA
1976	1	1	0	0.1	0	False	0.35	3.0	1.5	70	0.008	30.0	NA	extinct	population_extinct	100000	NA	NA	NA	NA
1977	1	1	0	0.1	0	False	0.35	3.0	2.0	70	0.008	30.0	NA	succeed	early_stop_succeed	4900	42.297830846205215	42.30869297472381	-27	0.12269419965172386
1978	1	1	0	0.1	0	False	0.35	3.0	3.0	70	0.008	30.0	NA	succeed	early_stop_succeed	4150	41.93507066412797	41.93408810524062	-29	0.12528831865047446
1979	1	1	0	0.1	0	False	0.35	3.0	5.0	70	0.008	30.0	NA	succeed	early_stop_succeed	7150	43.50720205216953	43.52855246795824	-29	0.12193068513258001
1980	1	1	0	0.1	0	False	0.35	3.5	1.1	70	0.008	30.0	NA	extinct	population_extinct	100000	NA	NA	NA	NA
1981	1	1	0	0.1	0	False	0.35	3.5	1.5	70	0.008	30.0	NA	succeed	early_stop_succeed	6550	42.73826337313517	42.739753389272536	-29	0.13037651129515282
1982	1	1	0	0.1	0	False	0.35	3.5	2.0	70	0.008	30.0	NA	succeed	early_stop_succeed	2100	40.37814911540965	40.353307334729195	-30	0.22328895532450932
1983	1	1	0	0.1	0	False	0.35	3.5	3.0	70	0.008	30.0	NA	succeed	early_stop_succeed	6400	43.38960342045696	43.38134303574449	-26	0.12378954990684511
1984	1	1	0	0.1	0	False	0.35	3.5	5.0	70	0.008	30.0	NA	succeed	early_stop_succeed	8250	45.527799567794666	45.522464202175776	-26	0.11781964546337488
1985	1	1	0	0.1	0	False	0.35	4.0	1.1	70	0.008	30.0	NA	succeed	early_stop_succeed	3250	41.5320823458728	41.553138130644946	-27	0.17825237385379838
1986	1	1	0	0.1	0	False	0.35	4.0	1.5	70	0.008	30.0	NA	succeed	early_stop_succeed	6050	42.872036928003354	42.90109075314616	-27	0.10861907890759655
1987	1	1	0	0.1	0	False	0.35	4.0	2.0	70	0.008	30.0	NA	succeed	early_stop_succeed	7650	44.53489264414868	44.61320333668393	-26	0.1379792953946061
1988	1	1	0	0.1	0	False	0.35	4.0	3.0	70	0.008	30.0	NA	succeed	early_stop_succeed	9550	44.99474533052444	45.052633825330574	-24	0.1225240115140799
1989	1	1	0	0.1	0	False	0.35	4.0	5.0	70	0.008	30.0	NA	succeed	early_stop_succeed	8450	45.909694709923144	45.859032869889546	-25	0.0993875639197232
1990	1	1	0	0.1	0	False	0.35	4.5	1.1	70	0.008	30.0	NA	succeed	early_stop_succeed	3000	40.9409274825462	40.943094601512115	-28	0.1457234467919768
1991	1	1	0	0.1	0	False	0.35	4.5	1.5	70	0.008	30.0	NA	succeed	early_stop_succeed	4900	42.27654636194439	42.30243430159746	-27	0.1415979411924006
1992	1	1	0	0.1	0	False	0.35	4.5	2.0	70	0.008	30.0	NA	succeed	early_stop_succeed	7050	44.42805139707671	44.422821810268466	-26	0.11964613546544016
1993	1	1	0	0.1	0	False	0.35	4.5	3.0	70	0.008	30.0	NA	failed	early_stop_failed	9200	>46	46.23542592741692	-23	0.12028306300403409
1994	1	1	0	0.1	0	False	0.35	4.5	5.0	70	0.008	30.0	NA	succeed	early_stop_succeed	6750	45.171331468768294	45.208143758876126	-24	0.1281748438959524
1995	1	1	0	0.1	0	False	0.35	5.0	1.1	70	0.008	30.0	NA	succeed	early_stop_succeed	7850	43.891796793061786	43.96006305566117	-27	0.10160060576832372
1996	1	1	0	0.1	0	False	0.35	5.0	1.5	70	0.008	30.0	NA	succeed	early_stop_succeed	7350	44.193345179495545	44.232498412385674	-27	0.1265915551021494
1997	1	1	0	0.1	0	False	0.35	5.0	2.0	70	0.008	30.0	NA	succeed	early_stop_succeed	6850	44.54079406921477	44.5486651184863	-26	0.1052916652717778
1998	1	1	0	0.1	0	False	0.35	5.0	3.0	70	0.008	30.0	NA	failed	early_stop_failed	7700	46.15350231005317	46.117521489648844	-22	0.10480683405645921
1999	1	1	0	0.1	0	False	0.35	5.0	5.0	70	0.008	30.0	NA	failed	early_stop_failed	7800	>46	46.4029443520634	-22	0.10017067450420448
2000	1	0	1	0.1	0	False	0.15	3.0	1.1	70	NA	NA	NA	failed	early_stop_failed	4750	>46	46.65317111259227	-22	0.12278160131934658
2001	1	0	1	0.1	0	False	0.15	3.0	1.5	70	NA	NA	NA	failed	early_stop_failed	5250	>46	46.562371074585016	-23	0.1171098171061233
2002	1	0	1	0.1	0	False	0.15	3.0	2.0	70	NA	NA	NA	failed	early_stop_failed	5850	>46	46.589397413162004	-25	0.12127244892665312
2003	1	0	1	0.1	0	False	0.15	3.0	3.0	70	NA	NA	NA	failed	early_stop_failed	5450	>46	46.80596496662963	-23	0.1186968278239649
2004	1	0	1	0.1	0	False	0.15	3.0	5.0	70	NA	NA	NA	failed	early_stop_failed	5300	>46	46.6326292845718	-24	0.10541788335676262
2005	1	0	1	0.1	0	False	0.15	3.5	1.1	70	NA	NA	NA	failed	early_stop_failed	4400	>46	46.68168038141319	-22	0.12867407899932737
2006	1	0	1	0.1	0	False	0.15	3.5	1.5	70	NA	NA	NA	failed	early_stop_failed	4800	>46	46.555999947972246	-23	0.12645761302122163
2007	1	0	1	0.1	0	False	0.15	3.5	2.0	70	NA	NA	NA	failed	early_stop_failed	4850	>46	46.823008784311234	-23	0.11296740705030862
2008	1	0	1	0.1	0	False	0.15	3.5	3.0	70	NA	NA	NA	failed	early_stop_failed	5000	>46	46.74813946762786	-23	0.10570114637290084
2009	1	0	1	0.1	0	False	0.15	3.5	5.0	70	NA	NA	NA	failed	early_stop_failed	5150	>46	46.99966737219355	-26	0.09578654296847183
2010	1	0	1	0.1	0	False	0.15	4.0	1.1	70	NA	NA	NA	failed	early_stop_failed	5050	>46	46.49656501610195	-24	0.11999465393146118
2011	1	0	1	0.1	0	False	0.15	4.0	1.5	70	NA	NA	NA	failed	early_stop_failed	5200	>46	46.57897695526144	-23	0.1027988517655525
2012	1	0	1	0.1	0	False	0.15	4.0	2.0	70	NA	NA	NA	failed	early_stop_failed	5100	>46	46.60371510307253	-23	0.148824800473569
2013	1	0	1	0.1	0	False	0.15	4.0	3.0	70	NA	NA	NA	failed	early_stop_failed	4800	>46	46.503230958057074	-25	0.1309686742998625
2014	1	0	1	0.1	0	False	0.15	4.0	5.0	70	NA	NA	NA	failed	early_stop_failed	5050	>46	46.45084762866658	-24	0.12822596984931592
2015	1	0	1	0.1	0	False	0.15	4.5	1.1	70	NA	NA	NA	failed	early_stop_failed	4900	>46	46.64043013049763	-24	0.11591210627084549
2016	1	0	1	0.1	0	False	0.15	4.5	1.5	70	NA	NA	NA	failed	early_stop_failed	4550	>46	46.66712339827748	-21	0.13177220471005158
2017	1	0	1	0.1	0	False	0.15	4.5	2.0	70	NA	NA	NA	failed	early_stop_failed	4800	>46	46.75415584886553	-22	0.11262863951300205
2018	1	0	1	0.1	0	False	0.15	4.5	3.0	70	NA	NA	NA	failed	early_stop_failed	4550	>46	46.75216163963371	-23	0.10027192080867495
2019	1	0	1	0.1	0	False	0.15	4.5	5.0	70	NA	NA	NA	failed	early_stop_failed	4450	>46	46.60822029170215	-23	0.1214050296264738
2020	1	0	1	0.1	0	False	0.15	5.0	1.1	70	NA	NA	NA	failed	early_stop_failed	4500	>46	46.54786958625238	-21	0.10936269678587561
2021	1	0	1	0.1	0	False	0.15	5.0	1.5	70	NA	NA	NA	failed	early_stop_failed	4650	>46	46.8035552833735	-22	0.09959204726177986
2022	1	0	1	0.1	0	False	0.15	5.0	2.0	70	NA	NA	NA	failed	early_stop_failed	5250	>46	46.690575352368086	-23	0.12261943857563218
2023	1	0	1	0.1	0	False	0.15	5.0	3.0	70	NA	NA	NA	failed	early_stop_failed	4950	>46	46.4696230965024	-22	0.11373665289967189
2024	1	0	1	0.1	0	False	0.15	5.0	5.0	70	NA	NA	NA	failed	early_stop_failed	4100	>46	47.40661542869608	-24	0.08422901128877784
2025	1	0	1	0.1	0	False	0.2	3.0	1.1	70	NA	NA	NA	succeed	early_stop_succeed	3050	40.794763197397515	40.83188464170079	-31	0.13716481646703182
2026	1	0	1	0.1	0	False	0.2	3.0	1.5	70	NA	NA	NA	failed	early_stop_failed	5350	>46	46.528787544200064	-23	0.1167117903342538
2027	1	0	1	0.1	0	False	0.2	3.0	2.0	70	NA	NA	NA	failed	early_stop_failed	4850	>46	46.654161525567254	-21	0.09714600110923671
2028	1	0	1	0.1	0	False	0.2	3.0	3.0	70	NA	NA	NA	failed	early_stop_failed	5400	>46	46.67929065713246	-21	0.12156033096318104
2029	1	0	1	0.1	0	False	0.2	3.0	5.0	70	NA	NA	NA	failed	early_stop_failed	5200	>46	46.59102315495182	-20	0.13389203272400954
2030	1	0	1	0.1	0	False	0.2	3.5	1.1	70	NA	NA	NA	failed	early_stop_failed	5000	>46	46.435719187118636	-25	0.11029241841295422
2031	1	0	1	0.1	0	False	0.2	3.5	1.5	70	NA	NA	NA	failed	early_stop_failed	4650	>46	46.69109236657176	-24	0.09440845958709357
2032	1	0	1	0.1	0	False	0.2	3.5	2.0	70	NA	NA	NA	failed	early_stop_failed	5350	>46	46.78396956607034	-24	0.10785245529188532
2033	1	0	1	0.1	0	False	0.2	3.5	3.0	70	NA	NA	NA	failed	early_stop_failed	5150	>46	46.553271927262934	-23	0.1289865821814633
2034	1	0	1	0.1	0	False	0.2	3.5	5.0	70	NA	NA	NA	failed	early_stop_failed	5150	>46	46.555155553086195	-23	0.1109279934203348
2035	1	0	1	0.1	0	False	0.2	4.0	1.1	70	NA	NA	NA	failed	early_stop_failed	4800	>46	46.578548828820274	-23	0.11477817859181921
2036	1	0	1	0.1	0	False	0.2	4.0	1.5	70	NA	NA	NA	failed	early_stop_failed	4700	>46	46.65697105765524	-21	0.12750982409789474
2037	1	0	1	0.1	0	False	0.2	4.0	2.0	70	NA	NA	NA	failed	early_stop_failed	4950	>46	46.703778672232524	-24	0.1189310136573455
2038	1	0	1	0.1	0	False	0.2	4.0	3.0	70	NA	NA	NA	failed	early_stop_failed	5000	>46	46.57557136931801	-23	0.11393140824662364
2039	1	0	1	0.1	0	False	0.2	4.0	5.0	70	NA	NA	NA	failed	early_stop_failed	5250	>46	46.64966618179186	-24	0.13758994169095703
2040	1	0	1	0.1	0	False	0.2	4.5	1.1	70	NA	NA	NA	failed	early_stop_failed	4800	>46	46.92742734196779	-23	0.10014079996057815
2041	1	0	1	0.1	0	False	0.2	4.5	1.5	70	NA	NA	NA	failed	early_stop_failed	4800	>46	46.660075908963805	-22	0.10198108752040447
2042	1	0	1	0.1	0	False	0.2	4.5	2.0	70	NA	NA	NA	failed	early_stop_failed	5100	>46	46.59671932616152	-24	0.1254439556997335
2043	1	0	1	0.1	0	False	0.2	4.5	3.0	70	NA	NA	NA	failed	early_stop_failed	4850	>46	46.540180082278695	-22	0.11656326694086959
2044	1	0	1	0.1	0	False	0.2	4.5	5.0	70	NA	NA	NA	failed	early_stop_failed	4950	>46	46.81071725859773	-23	0.14312109678084467
2045	1	0	1	0.1	0	False	0.2	5.0	1.1	70	NA	NA	NA	failed	early_stop_failed	4800	>46	46.798915755741795	-23	0.10344500396012705
2046	1	0	1	0.1	0	False	0.2	5.0	1.5	70	NA	NA	NA	failed	early_stop_failed	5700	>46	46.60526656242001	-24	0.13656471896119082
2047	1	0	1	0.1	0	False	0.2	5.0	2.0	70	NA	NA	NA	failed	early_stop_failed	4550	>46	46.59466562520499	-25	0.11202415676585377
2048	1	0	1	0.1	0	False	0.2	5.0	3.0	70	NA	NA	NA	failed	early_stop_failed	4600	>46	46.82889813414357	-25	0.10770595517507837
2049	1	0	1	0.1	0	False	0.2	5.0	5.0	70	NA	NA	NA	failed	early_stop_failed	4750	>46	46.84089539985589	-21	0.10904086271222707
2050	1	0	1	0.1	0	False	0.25	3.0	1.1	70	NA	NA	NA	extinct	population_extinct	100000	NA	NA	NA	NA
2051	1	0	1	0.1	0	False	0.25	3.0	1.5	70	NA	NA	NA	failed	early_stop_failed	5100	>46	46.53674572484307	-23	0.1306531927140714
2052	1	0	1	0.1	0	False	0.25	3.0	2.0	70	NA	NA	NA	failed	early_stop_failed	5200	>46	46.69629608636393	-24	0.11618228372935324
2053	1	0	1	0.1	0	False	0.25	3.0	3.0	70	NA	NA	NA	failed	early_stop_failed	4850	>46	46.92369328792686	-17	0.09090493715079656
2054	1	0	1	0.1	0	False	0.25	3.0	5.0	70	NA	NA	NA	failed	early_stop_failed	5050	>46	46.62901576106719	-23	0.1365637379707337
2055	1	0	1	0.1	0	False	0.25	3.5	1.1	70	NA	NA	NA	failed	early_stop_failed	5350	>46	46.54143637117441	-23	0.12971608919732786
2056	1	0	1	0.1	0	False	0.25	3.5	1.5	70	NA	NA	NA	failed	early_stop_failed	4600	>46	46.54728116042032	-22	0.11703832343671788
2057	1	0	1	0.1	0	False	0.25	3.5	2.0	70	NA	NA	NA	failed	early_stop_failed	4950	>46	46.44170006521089	-23	0.12167191678508155
2058	1	0	1	0.1	0	False	0.25	3.5	3.0	70	NA	NA	NA	failed	early_stop_failed	4950	>46	46.58544474984199	-22	0.13646887551959697
2059	1	0	1	0.1	0	False	0.25	3.5	5.0	70	NA	NA	NA	failed	early_stop_failed	5300	>46	46.565621341454026	-25	0.11718248778134889
2060	1	0	1	0.1	0	False	0.25	4.0	1.1	70	NA	NA	NA	failed	early_stop_failed	5100	>46	46.5557536936102	-24	0.14715693246123382
2061	1	0	1	0.1	0	False	0.25	4.0	1.5	70	NA	NA	NA	failed	early_stop_failed	5450	>46	46.47228469615763	-22	0.15117430138774932
2062	1	0	1	0.1	0	False	0.25	4.0	2.0	70	NA	NA	NA	failed	early_stop_failed	5300	>46	46.546072227687795	-23	0.11425996937538052
2063	1	0	1	0.1	0	False	0.25	4.0	3.0	70	NA	NA	NA	failed	early_stop_failed	4950	>46	46.88865563519	-25	0.11309410272696824
2064	1	0	1	0.1	0	False	0.25	4.0	5.0	70	NA	NA	NA	failed	early_stop_failed	4650	>46	46.67807528576972	-24	0.11214484366891371
2065	1	0	1	0.1	0	False	0.25	4.5	1.1	70	NA	NA	NA	failed	early_stop_failed	5650	>46	46.4337495129944	-23	0.14644751854544144
2066	1	0	1	0.1	0	False	0.25	4.5	1.5	70	NA	NA	NA	failed	early_stop_failed	5150	>46	46.58361392487362	-22	0.1278827256920791
2067	1	0	1	0.1	0	False	0.25	4.5	2.0	70	NA	NA	NA	failed	early_stop_failed	5350	>46	46.80122093403869	-23	0.10696187059198682
2068	1	0	1	0.1	0	False	0.25	4.5	3.0	70	NA	NA	NA	failed	early_stop_failed	5150	>46	46.844342186348875	-25	0.10284713192026407
2069	1	0	1	0.1	0	False	0.25	4.5	5.0	70	NA	NA	NA	failed	early_stop_failed	4050	>46	46.79728022947822	-25	0.1098305853007602
2070	1	0	1	0.1	0	False	0.25	5.0	1.1	70	NA	NA	NA	failed	early_stop_failed	4900	>46	46.72189777879662	-21	0.10916999060265686
2071	1	0	1	0.1	0	False	0.25	5.0	1.5	70	NA	NA	NA	failed	early_stop_failed	4950	>46	46.50285342398868	-22	0.1112229149321338
2072	1	0	1	0.1	0	False	0.25	5.0	2.0	70	NA	NA	NA	failed	early_stop_failed	4750	>46	46.59877484839026	-22	0.12892709646950054
2073	1	0	1	0.1	0	False	0.25	5.0	3.0	70	NA	NA	NA	failed	early_stop_failed	5250	>46	46.69796212606043	-24	0.12067632111648388
2074	1	0	1	0.1	0	False	0.25	5.0	5.0	70	NA	NA	NA	failed	early_stop_failed	4600	>46	46.84634690365625	-24	0.12531457772156565
2075	1	0	1	0.1	0	False	0.3	3.0	1.1	70	NA	NA	NA	extinct	population_extinct	100000	NA	NA	NA	NA
2076	1	0	1	0.1	0	False	0.3	3.0	1.5	70	NA	NA	NA	extinct	population_extinct	100000	NA	41.81587777849419	NA	NA
2077	1	0	1	0.1	0	False	0.3	3.0	2.0	70	NA	NA	NA	failed	early_stop_failed	4850	>46	46.685338988652	-26	0.10452417465096019
2078	1	0	1	0.1	0	False	0.3	3.0	3.0	70	NA	NA	NA	failed	early_stop_failed	5150	>46	46.69958577653176	-21	0.1091346710082685
2079	1	0	1	0.1	0	False	0.3	3.0	5.0	70	NA	NA	NA	failed	early_stop_failed	5250	>46	46.51308764075421	-23	0.1280057541901537
2080	1	0	1	0.1	0	False	0.3	3.5	1.1	70	NA	NA	NA	extinct	population_extinct	100000	NA	41.66921901516134	NA	NA
2081	1	0	1	0.1	0	False	0.3	3.5	1.5	70	NA	NA	NA	failed	early_stop_failed	4950	>46	46.56782117369987	-23	0.12389123381751768
2082	1	0	1	0.1	0	False	0.3	3.5	2.0	70	NA	NA	NA	failed	early_stop_failed	4250	>46	46.975828635949696	-20	0.09139926513023328
2083	1	0	1	0.1	0	False	0.3	3.5	3.0	70	NA	NA	NA	failed	early_stop_failed	4900	>46	46.59368279476683	-23	0.13311840187821697
2084	1	0	1	0.1	0	False	0.3	3.5	5.0	70	NA	NA	NA	failed	early_stop_failed	4900	>46	46.49854913768066	-21	0.11593098247129659
2085	1	0	1	0.1	0	False	0.3	4.0	1.1	70	NA	NA	NA	failed	early_stop_failed	4650	>46	46.767300597311944	-24	0.10628922639829148
2086	1	0	1	0.1	0	False	0.3	4.0	1.5	70	NA	NA	NA	failed	early_stop_failed	4550	>46	47.02869425689477	-25	0.09509686461401338
2087	1	0	1	0.1	0	False	0.3	4.0	2.0	70	NA	NA	NA	failed	early_stop_failed	5300	>46	46.56891098622525	-24	0.12512820616897882
2088	1	0	1	0.1	0	False	0.3	4.0	3.0	70	NA	NA	NA	failed	early_stop_failed	4950	>46	46.57503106066897	-22	0.10773741684860755
2089	1	0	1	0.1	0	False	0.3	4.0	5.0	70	NA	NA	NA	failed	early_stop_failed	4650	>46	46.585674930849265	-22	0.11314662254647448
2090	1	0	1	0.1	0	False	0.3	4.5	1.1	70	NA	NA	NA	failed	early_stop_failed	5350	>46	46.65162189670229	-21	0.12501731039118927
2091	1	0	1	0.1	0	False	0.3	4.5	1.5	70	NA	NA	NA	failed	early_stop_failed	5250	>46	46.58837927034853	-23	0.12893135659054347
2092	1	0	1	0.1	0	False	0.3	4.5	2.0	70	NA	NA	NA	failed	early_stop_failed	5500	>46	46.75682509797988	-24	0.10343984660082814
2093	1	0	1	0.1	0	False	0.3	4.5	3.0	70	NA	NA	NA	failed	early_stop_failed	4750	>46	46.73891712417803	-23	0.13215605998909052
2094	1	0	1	0.1	0	False	0.3	4.5	5.0	70	NA	NA	NA	failed	early_stop_failed	4500	>46	46.592954354900854	-24	0.11528516916077519
2095	1	0	1	0.1	0	False	0.3	5.0	1.1	70	NA	NA	NA	failed	early_stop_failed	5200	>46	46.6402149953772	-22	0.12876843608808422
2096	1	0	1	0.1	0	False	0.3	5.0	1.5	70	NA	NA	NA	failed	early_stop_failed	4750	>46	46.811521733336086	-20	0.11543700720187934
2097	1	0	1	0.1	0	False	0.3	5.0	2.0	70	NA	NA	NA	failed	early_stop_failed	5350	>46	46.61412292441368	-23	0.12360588620453472
2098	1	0	1	0.1	0	False	0.3	5.0	3.0	70	NA	NA	NA	failed	early_stop_failed	4600	>46	46.636949283615046	-23	0.11746175916901995
2099	1	0	1	0.1	0	False	0.3	5.0	5.0	70	NA	NA	NA	failed	early_stop_failed	4850	>46	46.499322374289896	-23	0.13027050745824822
2100	1	0	1	0.1	0	False	0.35	3.0	1.1	70	NA	NA	NA	extinct	population_extinct	100000	NA	NA	NA	NA
2101	1	0	1	0.1	0	False	0.35	3.0	1.5	70	NA	NA	NA	extinct	population_extinct	100000	NA	NA	NA	NA
2102	1	0	1	0.1	0	False	0.35	3.0	2.0	70	NA	NA	NA	failed	early_stop_failed	5250	>46	46.434843249295994	-23	0.13819921229237223
2103	1	0	1	0.1	0	False	0.35	3.0	3.0	70	NA	NA	NA	failed	early_stop_failed	4550	>46	46.68874106036313	-24	0.11213103428593416
2104	1	0	1	0.1	0	False	0.35	3.0	5.0	70	NA	NA	NA	failed	early_stop_failed	5100	>46	46.69729885217597	-22	0.10894479689846819
2105	1	0	1	0.1	0	False	0.35	3.5	1.1	70	NA	NA	NA	extinct	population_extinct	100000	NA	NA	NA	NA
2106	1	0	1	0.1	0	False	0.35	3.5	1.5	70	NA	NA	NA	failed	early_stop_failed	5250	>46	46.44822012626573	-22	0.12259235254496467
2107	1	0	1	0.1	0	False	0.35	3.5	2.0	70	NA	NA	NA	failed	early_stop_failed	4050	>46	46.9876641727574	-18	0.09665140119443173
2108	1	0	1	0.1	0	False	0.35	3.5	3.0	70	NA	NA	NA	failed	early_stop_failed	4900	>46	46.50397138927231	-23	0.11663425077490054
2109	1	0	1	0.1	0	False	0.35	3.5	5.0	70	NA	NA	NA	failed	early_stop_failed	5050	>46	46.54353920565382	-23	0.1182686055941782
2110	1	0	1	0.1	0	False	0.35	4.0	1.1	70	NA	NA	NA	failed	early_stop_failed	4550	>46	46.51610210404193	-24	0.11626845273591849
2111	1	0	1	0.1	0	False	0.35	4.0	1.5	70	NA	NA	NA	failed	early_stop_failed	5100	>46	46.49868742841483	-24	0.13571090139579575
2112	1	0	1	0.1	0	False	0.35	4.0	2.0	70	NA	NA	NA	failed	early_stop_failed	5250	>46	46.445802278068015	-23	0.11740076876835141
2113	1	0	1	0.1	0	False	0.35	4.0	3.0	70	NA	NA	NA	failed	early_stop_failed	4750	>46	46.85363509581896	-22	0.08386794591138211
2114	1	0	1	0.1	0	False	0.35	4.0	5.0	70	NA	NA	NA	failed	early_stop_failed	4800	>46	46.60156521621627	-21	0.1260622202749197
2115	1	0	1	0.1	0	False	0.35	4.5	1.1	70	NA	NA	NA	failed	early_stop_failed	4600	>46	46.690221187462086	-21	0.12403088588997706
2116	1	0	1	0.1	0	False	0.35	4.5	1.5	70	NA	NA	NA	failed	early_stop_failed	5200	>46	46.64665154759164	-24	0.10653250934708355
2117	1	0	1	0.1	0	False	0.35	4.5	2.0	70	NA	NA	NA	failed	early_stop_failed	5300	>46	46.81257908778086	-23	0.10918687896792979
2118	1	0	1	0.1	0	False	0.35	4.5	3.0	70	NA	NA	NA	failed	early_stop_failed	5100	>46	46.523102648915255	-22	0.11673186149737914
2119	1	0	1	0.1	0	False	0.35	4.5	5.0	70	NA	NA	NA	failed	early_stop_failed	4700	>46	46.52637178566761	-24	0.12360241564948908
2120	1	0	1	0.1	0	False	0.35	5.0	1.1	70	NA	NA	NA	failed	early_stop_failed	5450	>46	46.54207748846858	-22	0.14413515012271114
2121	1	0	1	0.1	0	False	0.35	5.0	1.5	70	NA	NA	NA	failed	early_stop_failed	4850	>46	46.5855011361769	-23	0.11596630812109797
2122	1	0	1	0.1	0	False	0.35	5.0	2.0	70	NA	NA	NA	failed	early_stop_failed	4850	>46	46.78439472735091	-20	0.10697942593874449
2123	1	0	1	0.1	0	False	0.35	5.0	3.0	70	NA	NA	NA	failed	early_stop_failed	4900	>46	46.6636661277199	-24	0.14178423197242093
2124	1	0	1	0.1	0	False	0.35	5.0	5.0	70	NA	NA	NA	failed	early_stop_failed	4650	>46	46.63355724984623	-24	0.12973182410757367
2125	1	0	0	0.1	1	False	0.15	3.0	1.1	70	NA	NA	0.1	failed	early_stop_failed	5250	>46	46.570465606878585	-23	0.11569714934265375
2126	1	0	0	0.1	1	False	0.15	3.0	1.5	70	NA	NA	0.1	failed	early_stop_failed	4700	>46	46.79928521368143	-22	0.11627721309226766
2127	1	0	0	0.1	1	False	0.15	3.0	2.0	70	NA	NA	0.1	failed	early_stop_failed	5700	>46	46.62945700861889	-25	0.12210409963803956
2128	1	0	0	0.1	1	False	0.15	3.0	3.0	70	NA	NA	0.1	failed	early_stop_failed	5250	>46	46.39987417834885	-23	0.1139408858830379
2129	1	0	0	0.1	1	False	0.15	3.0	5.0	70	NA	NA	0.1	failed	early_stop_failed	4650	>46	47.27301524165806	-24	0.09253154273017535
2130	1	0	0	0.1	1	False	0.15	3.5	1.1	70	NA	NA	0.1	failed	early_stop_failed	5050	>46	46.605162475191904	-24	0.12981629140251985
2131	1	0	0	0.1	1	False	0.15	3.5	1.5	70	NA	NA	0.1	failed	early_stop_failed	4400	>46	46.56945669685773	-24	0.11486307360256735
2132	1	0	0	0.1	1	False	0.15	3.5	2.0	70	NA	NA	0.1	failed	early_stop_failed	5050	>46	46.42039194036621	-22	0.12873941213718385
2133	1	0	0	0.1	1	False	0.15	3.5	3.0	70	NA	NA	0.1	failed	early_stop_failed	5100	>46	46.81992439581269	-25	0.11100249531161689
2134	1	0	0	0.1	1	False	0.15	3.5	5.0	70	NA	NA	0.1	failed	early_stop_failed	5500	>46	46.72413381515096	-23	0.12100510805502548
2135	1	0	0	0.1	1	False	0.15	4.0	1.1	70	NA	NA	0.1	failed	early_stop_failed	4000	>46	46.797716227050095	-23	0.0938270383537693
2136	1	0	0	0.1	1	False	0.15	4.0	1.5	70	NA	NA	0.1	failed	early_stop_failed	5400	>46	46.512009955819536	-24	0.13376269473629834
2137	1	0	0	0.1	1	False	0.15	4.0	2.0	70	NA	NA	0.1	failed	early_stop_failed	4950	>46	46.6605831977761	-22	0.11825051877781027
2138	1	0	0	0.1	1	False	0.15	4.0	3.0	70	NA	NA	0.1	failed	early_stop_failed	4500	>46	46.703456370147435	-23	0.11927680700005276
2139	1	0	0	0.1	1	False	0.15	4.0	5.0	70	NA	NA	0.1	failed	early_stop_failed	5150	>46	46.52712620619287	-23	0.1385972068434046
2140	1	0	0	0.1	1	False	0.15	4.5	1.1	70	NA	NA	0.1	failed	early_stop_failed	4800	>46	46.667324713547536	-23	0.12018214672106993
2141	1	0	0	0.1	1	False	0.15	4.5	1.5	70	NA	NA	0.1	failed	early_stop_failed	5050	>46	46.80991325371077	-25	0.11221025970049107
2142	1	0	0	0.1	1	False	0.15	4.5	2.0	70	NA	NA	0.1	failed	early_stop_failed	4750	>46	46.57877983850139	-24	0.1171478120282368
2143	1	0	0	0.1	1	False	0.15	4.5	3.0	70	NA	NA	0.1	failed	early_stop_failed	4250	>46	46.827072386551244	-21	0.10167751981998316
2144	1	0	0	0.1	1	False	0.15	4.5	5.0	70	NA	NA	0.1	failed	early_stop_failed	4550	>46	46.637553286419234	-25	0.12210877759314552
2145	1	0	0	0.1	1	False	0.15	5.0	1.1	70	NA	NA	0.1	failed	early_stop_failed	5150	>46	46.46871739082711	-23	0.14525007409393434
2146	1	0	0	0.1	1	False	0.15	5.0	1.5	70	NA	NA	0.1	failed	early_stop_failed	4950	>46	46.71548995535367	-25	0.11828900040941816
2147	1	0	0	0.1	1	False	0.15	5.0	2.0	70	NA	NA	0.1	failed	early_stop_failed	4200	>46	47.28984380486267	-23	0.10614490975309547
2148	1	0	0	0.1	1	False	0.15	5.0	3.0	70	NA	NA	0.1	failed	early_stop_failed	4450	>46	46.7299198342717	-25	0.11253632546017149
2149	1	0	0	0.1	1	False	0.15	5.0	5.0	70	NA	NA	0.1	failed	early_stop_failed	4600	>46	46.531249310086174	-24	0.16039845574141953
2150	1	0	0	0.1	1	False	0.2	3.0	1.1	70	NA	NA	0.1	failed	early_stop_failed	4800	>46	46.6148728656851	-22	0.11876698907476888
2151	1	0	0	0.1	1	False	0.2	3.0	1.5	70	NA	NA	0.1	failed	early_stop_failed	4600	>46	46.98005535525984	-22	0.09816588730406481
2152	1	0	0	0.1	1	False	0.2	3.0	2.0	70	NA	NA	0.1	failed	early_stop_failed	4850	>46	46.6023675731514	-22	0.13515816925513072
2153	1	0	0	0.1	1	False	0.2	3.0	3.0	70	NA	NA	0.1	failed	early_stop_failed	5400	>46	46.494380362989595	-21	0.1278705376249611
2154	1	0	0	0.1	1	False	0.2	3.0	5.0	70	NA	NA	0.1	failed	early_stop_failed	4850	>46	46.61709024739418	-23	0.12420859169677112
2155	1	0	0	0.1	1	False	0.2	3.5	1.1	70	NA	NA	0.1	failed	early_stop_failed	4400	>46	46.86441500683824	-22	0.09050694558759563
2156	1	0	0	0.1	1	False	0.2	3.5	1.5	70	NA	NA	0.1	failed	early_stop_failed	5350	>46	46.629143433339706	-23	0.10778045645074688
2157	1	0	0	0.1	1	False	0.2	3.5	2.0	70	NA	NA	0.1	failed	early_stop_failed	4800	>46	46.52029496630522	-22	0.12271558266689633
2158	1	0	0	0.1	1	False	0.2	3.5	3.0	70	NA	NA	0.1	failed	early_stop_failed	5300	>46	46.62021743885669	-23	0.12693167290156743
2159	1	0	0	0.1	1	False	0.2	3.5	5.0	70	NA	NA	0.1	failed	early_stop_failed	4900	>46	46.775923225948596	-20	0.1089286130162516
2160	1	0	0	0.1	1	False	0.2	4.0	1.1	70	NA	NA	0.1	failed	early_stop_failed	4800	>46	46.77764478511192	-22	0.11068477456059618
2161	1	0	0	0.1	1	False	0.2	4.0	1.5	70	NA	NA	0.1	failed	early_stop_failed	4850	>46	46.89437370058004	-24	0.09916887294249661
2162	1	0	0	0.1	1	False	0.2	4.0	2.0	70	NA	NA	0.1	failed	early_stop_failed	4250	>46	47.28234780594546	-24	0.08046606962591443
2163	1	0	0	0.1	1	False	0.2	4.0	3.0	70	NA	NA	0.1	failed	early_stop_failed	4950	>46	46.67867684354969	-24	0.11745640441862971
2164	1	0	0	0.1	1	False	0.2	4.0	5.0	70	NA	NA	0.1	failed	early_stop_failed	4800	>46	46.600198431300406	-23	0.13757571750647826
2165	1	0	0	0.1	1	False	0.2	4.5	1.1	70	NA	NA	0.1	failed	early_stop_failed	4850	>46	46.62165268334116	-22	0.11923904612856968
2166	1	0	0	0.1	1	False	0.2	4.5	1.5	70	NA	NA	0.1	failed	early_stop_failed	4700	>46	46.777268926286105	-23	0.09680639040538704
2167	1	0	0	0.1	1	False	0.2	4.5	2.0	70	NA	NA	0.1	failed	early_stop_failed	4550	>46	46.524529024354315	-25	0.12099426948724921
2168	1	0	0	0.1	1	False	0.2	4.5	3.0	70	NA	NA	0.1	failed	early_stop_failed	5200	>46	46.60704190170478	-23	0.1229026218880164
2169	1	0	0	0.1	1	False	0.2	4.5	5.0	70	NA	NA	0.1	failed	early_stop_failed	4800	>46	46.41650291017053	-21	0.12524747684578336
2170	1	0	0	0.1	1	False	0.2	5.0	1.1	70	NA	NA	0.1	failed	early_stop_failed	4850	>46	46.669101582713346	-23	0.12465287625127369
2171	1	0	0	0.1	1	False	0.2	5.0	1.5	70	NA	NA	0.1	failed	early_stop_failed	5200	>46	46.553299009594134	-22	0.122113859000714
2172	1	0	0	0.1	1	False	0.2	5.0	2.0	70	NA	NA	0.1	failed	early_stop_failed	4450	>46	46.987376494202806	-21	0.09645216268339424
2173	1	0	0	0.1	1	False	0.2	5.0	3.0	70	NA	NA	0.1	failed	early_stop_failed	4650	>46	46.51977916686041	-24	0.12917861409487652
2174	1	0	0	0.1	1	False	0.2	5.0	5.0	70	NA	NA	0.1	failed	early_stop_failed	4100	>46	47.0555141980185	-20	0.08943822456029782
2175	1	0	0	0.1	1	False	0.25	3.0	1.1	70	NA	NA	0.1	extinct	population_extinct	100000	NA	NA	NA	NA
2176	1	0	0	0.1	1	False	0.25	3.0	1.5	70	NA	NA	0.1	failed	early_stop_failed	4550	>46	47.01084698800559	-24	0.09976966520207892
2177	1	0	0	0.1	1	False	0.25	3.0	2.0	70	NA	NA	0.1	failed	early_stop_failed	4450	>46	46.679088122126444	-21	0.1303567923277857
2178	1	0	0	0.1	1	False	0.25	3.0	3.0	70	NA	NA	0.1	failed	early_stop_failed	4650	>46	46.57610068658494	-24	0.11454632626702445
2179	1	0	0	0.1	1	False	0.25	3.0	5.0	70	NA	NA	0.1	failed	early_stop_failed	5700	>46	46.62585196056648	-24	0.12103729671875918
2180	1	0	0	0.1	1	False	0.25	3.5	1.1	70	NA	NA	0.1	failed	early_stop_failed	4500	>46	46.597838990393036	-23	0.10210906661680609
2181	1	0	0	0.1	1	False	0.25	3.5	1.5	70	NA	NA	0.1	failed	early_stop_failed	5000	>46	46.590694349338705	-23	0.117300616022884
2182	1	0	0	0.1	1	False	0.25	3.5	2.0	70	NA	NA	0.1	failed	early_stop_failed	4700	>46	46.62066512463852	-24	0.12299203955340672
2183	1	0	0	0.1	1	False	0.25	3.5	3.0	70	NA	NA	0.1	failed	early_stop_failed	5000	>46	46.59584983750707	-23	0.11350171766683999
2184	1	0	0	0.1	1	False	0.25	3.5	5.0	70	NA	NA	0.1	failed	early_stop_failed	4900	>46	46.81818808480209	-24	0.09886968588204281
2185	1	0	0	0.1	1	False	0.25	4.0	1.1	70	NA	NA	0.1	failed	early_stop_failed	4700	>46	46.727621289521224	-21	0.10230592362436636
2186	1	0	0	0.1	1	False	0.25	4.0	1.5	70	NA	NA	0.1	failed	early_stop_failed	4750	>46	46.797734022760984	-22	0.1058734024085779
2187	1	0	0	0.1	1	False	0.25	4.0	2.0	70	NA	NA	0.1	failed	early_stop_failed	5200	>46	46.48803532145705	-23	0.14646291284703372
2188	1	0	0	0.1	1	False	0.25	4.0	3.0	70	NA	NA	0.1	failed	early_stop_failed	5000	>46	46.53649496494474	-21	0.11029679656491792
2189	1	0	0	0.1	1	False	0.25	4.0	5.0	70	NA	NA	0.1	failed	early_stop_failed	4950	>46	46.724969991435636	-24	0.10660707491087448
2190	1	0	0	0.1	1	False	0.25	4.5	1.1	70	NA	NA	0.1	failed	early_stop_failed	4600	>46	46.83692111774012	-22	0.10054335325595869
2191	1	0	0	0.1	1	False	0.25	4.5	1.5	70	NA	NA	0.1	failed	early_stop_failed	5250	>46	46.68899536240058	-22	0.11256174470502206
2192	1	0	0	0.1	1	False	0.25	4.5	2.0	70	NA	NA	0.1	failed	early_stop_failed	5050	>46	46.619581011983534	-24	0.11784981539420004
2193	1	0	0	0.1	1	False	0.25	4.5	3.0	70	NA	NA	0.1	failed	early_stop_failed	4950	>46	46.60640781232857	-23	0.1058527652980552
2194	1	0	0	0.1	1	False	0.25	4.5	5.0	70	NA	NA	0.1	failed	early_stop_failed	4500	>46	46.75769138771266	-24	0.1299535485388473
2195	1	0	0	0.1	1	False	0.25	5.0	1.1	70	NA	NA	0.1	failed	early_stop_failed	5300	>46	46.77864441637324	-21	0.11390289938136171
2196	1	0	0	0.1	1	False	0.25	5.0	1.5	70	NA	NA	0.1	failed	early_stop_failed	4750	>46	46.673068576592094	-20	0.10802573022335366
2197	1	0	0	0.1	1	False	0.25	5.0	2.0	70	NA	NA	0.1	failed	early_stop_failed	4550	>46	47.07042926142474	-25	0.10776712533477842
2198	1	0	0	0.1	1	False	0.25	5.0	3.0	70	NA	NA	0.1	failed	early_stop_failed	4600	>46	46.62200320670333	-22	0.13321429673601035
2199	1	0	0	0.1	1	False	0.25	5.0	5.0	70	NA	NA	0.1	failed	early_stop_failed	4850	>46	46.631860177858336	-24	0.1052853111311734
2200	1	0	0	0.1	1	False	0.3	3.0	1.1	70	NA	NA	0.1	extinct	population_extinct	100000	NA	NA	NA	NA
2201	1	0	0	0.1	1	False	0.3	3.0	1.5	70	NA	NA	0.1	failed	early_stop_failed	4850	>46	46.56875711321422	-23	0.11069469514539675
2202	1	0	0	0.1	1	False	0.3	3.0	2.0	70	NA	NA	0.1	failed	early_stop_failed	5000	>46	46.48936364541664	-22	0.14767537423954163
2203	1	0	0	0.1	1	False	0.3	3.0	3.0	70	NA	NA	0.1	failed	early_stop_failed	4550	>46	46.88005435480731	-22	0.09511523802567953
2204	1	0	0	0.1	1	False	0.3	3.0	5.0	70	NA	NA	0.1	failed	early_stop_failed	4700	>46	46.78488453798988	-22	0.11212200448666045
2205	1	0	0	0.1	1	False	0.3	3.5	1.1	70	NA	NA	0.1	failed	early_stop_failed	4250	>46	46.42853727052982	-24	0.12113353659371272
2206	1	0	0	0.1	1	False	0.3	3.5	1.5	70	NA	NA	0.1	failed	early_stop_failed	4900	>46	46.86421995714785	-23	0.10115456472341772
2207	1	0	0	0.1	1	False	0.3	3.5	2.0	70	NA	NA	0.1	failed	early_stop_failed	4600	>46	46.98493711256988	-23	0.10880280315370518
2208	1	0	0	0.1	1	False	0.3	3.5	3.0	70	NA	NA	0.1	failed	early_stop_failed	5000	>46	46.74022491459871	-22	0.0989762583450919
2209	1	0	0	0.1	1	False	0.3	3.5	5.0	70	NA	NA	0.1	failed	early_stop_failed	4950	>46	46.80250456966318	-24	0.10702060166506464
2210	1	0	0	0.1	1	False	0.3	4.0	1.1	70	NA	NA	0.1	failed	early_stop_failed	5050	>46	46.758784443764974	-23	0.11670851215905875
2211	1	0	0	0.1	1	False	0.3	4.0	1.5	70	NA	NA	0.1	failed	early_stop_failed	4900	>46	46.57268694557367	-24	0.14497912272743582
2212	1	0	0	0.1	1	False	0.3	4.0	2.0	70	NA	NA	0.1	failed	early_stop_failed	5100	>46	46.470176051592745	-23	0.11276012226419667
2213	1	0	0	0.1	1	False	0.3	4.0	3.0	70	NA	NA	0.1	failed	early_stop_failed	4750	>46	46.69907204727945	-21	0.13546947338580922
2214	1	0	0	0.1	1	False	0.3	4.0	5.0	70	NA	NA	0.1	failed	early_stop_failed	4450	>46	46.97948154124324	-24	0.10454707726316131
2215	1	0	0	0.1	1	False	0.3	4.5	1.1	70	NA	NA	0.1	failed	early_stop_failed	5000	>46	46.77113796258774	-24	0.10138564167196217
2216	1	0	0	0.1	1	False	0.3	4.5	1.5	70	NA	NA	0.1	failed	early_stop_failed	5000	>46	46.74534099683599	-22	0.12122718114639898
2217	1	0	0	0.1	1	False	0.3	4.5	2.0	70	NA	NA	0.1	failed	early_stop_failed	4450	>46	46.99796611117891	-23	0.12467328684296561
2218	1	0	0	0.1	1	False	0.3	4.5	3.0	70	NA	NA	0.1	failed	early_stop_failed	4750	>46	46.6868480122352	-23	0.11903879020195086
2219	1	0	0	0.1	1	False	0.3	4.5	5.0	70	NA	NA	0.1	failed	early_stop_failed	4400	>46	46.68856677062942	-22	0.11327997510460978
2220	1	0	0	0.1	1	False	0.3	5.0	1.1	70	NA	NA	0.1	failed	early_stop_failed	4750	>46	46.492860405285846	-25	0.11165510773014044
2221	1	0	0	0.1	1	False	0.3	5.0	1.5	70	NA	NA	0.1	failed	early_stop_failed	5500	>46	46.62751841600755	-24	0.13016462849855773
2222	1	0	0	0.1	1	False	0.3	5.0	2.0	70	NA	NA	0.1	failed	early_stop_failed	4100	>46	46.774755187288505	-22	0.1143941880926027
2223	1	0	0	0.1	1	False	0.3	5.0	3.0	70	NA	NA	0.1	failed	early_stop_failed	4650	>46	46.64495382929591	-25	0.11652630257543145
2224	1	0	0	0.1	1	False	0.3	5.0	5.0	70	NA	NA	0.1	failed	early_stop_failed	5200	>46	46.56833723932185	-23	0.11874184280898406
2225	1	0	0	0.1	1	False	0.35	3.0	1.1	70	NA	NA	0.1	extinct	population_extinct	100000	NA	NA	NA	NA
2226	1	0	0	0.1	1	False	0.35	3.0	1.5	70	NA	NA	0.1	extinct	population_extinct	100000	NA	39.8040611601753	NA	NA
2227	1	0	0	0.1	1	False	0.35	3.0	2.0	70	NA	NA	0.1	failed	early_stop_failed	4800	>46	46.65627151401939	-22	0.1228538049615596
2228	1	0	0	0.1	1	False	0.35	3.0	3.0	70	NA	NA	0.1	failed	early_stop_failed	4850	>46	46.58070096695283	-21	0.14005518356854624
2229	1	0	0	0.1	1	False	0.35	3.0	5.0	70	NA	NA	0.1	failed	early_stop_failed	4600	>46	46.93164124554179	-19	0.10480760795647154
2230	1	0	0	0.1	1	False	0.35	3.5	1.1	70	NA	NA	0.1	extinct	population_extinct	100000	NA	NA	NA	NA
2231	1	0	0	0.1	1	False	0.35	3.5	1.5	70	NA	NA	0.1	failed	early_stop_failed	4050	>46	46.86935912046158	-24	0.10216460380207731
2232	1	0	0	0.1	1	False	0.35	3.5	2.0	70	NA	NA	0.1	failed	early_stop_failed	5150	>46	46.5623988503039	-23	0.11500727515524573
2233	1	0	0	0.1	1	False	0.35	3.5	3.0	70	NA	NA	0.1	failed	early_stop_failed	5750	>46	46.829811340319054	-22	0.1337469246847035
2234	1	0	0	0.1	1	False	0.35	3.5	5.0	70	NA	NA	0.1	failed	early_stop_failed	5300	>46	46.547561629465186	-21	0.1298116907867951
2235	1	0	0	0.1	1	False	0.35	4.0	1.1	70	NA	NA	0.1	failed	early_stop_failed	4800	>46	46.54776537328074	-21	0.12692095541692175
2236	1	0	0	0.1	1	False	0.35	4.0	1.5	70	NA	NA	0.1	failed	early_stop_failed	4450	>46	46.86956373352291	-24	0.1054906144540252
2237	1	0	0	0.1	1	False	0.35	4.0	2.0	70	NA	NA	0.1	failed	early_stop_failed	4900	>46	46.63543033089429	-22	0.11700384289662212
2238	1	0	0	0.1	1	False	0.35	4.0	3.0	70	NA	NA	0.1	failed	early_stop_failed	5300	>46	46.65776264870178	-22	0.13892299488962506
2239	1	0	0	0.1	1	False	0.35	4.0	5.0	70	NA	NA	0.1	failed	early_stop_failed	5250	>46	46.86558111100591	-23	0.10302473434543251
2240	1	0	0	0.1	1	False	0.35	4.5	1.1	70	NA	NA	0.1	failed	early_stop_failed	4700	>46	46.49037710995977	-23	0.1297424268862308
2241	1	0	0	0.1	1	False	0.35	4.5	1.5	70	NA	NA	0.1	failed	early_stop_failed	4900	>46	46.674698356842114	-22	0.1288409237951102
2242	1	0	0	0.1	1	False	0.35	4.5	2.0	70	NA	NA	0.1	failed	early_stop_failed	4650	>46	46.65663283006186	-22	0.12675063031998038
2243	1	0	0	0.1	1	False	0.35	4.5	3.0	70	NA	NA	0.1	failed	early_stop_failed	4500	>46	46.54590786544481	-24	0.1152567804860371
2244	1	0	0	0.1	1	False	0.35	4.5	5.0	70	NA	NA	0.1	failed	early_stop_failed	5000	>46	46.59452172898728	-23	0.12726233575655782
2245	1	0	0	0.1	1	False	0.35	5.0	1.1	70	NA	NA	0.1	failed	early_stop_failed	5300	>46	46.71895226923238	-22	0.1482674445791456
2246	1	0	0	0.1	1	False	0.35	5.0	1.5	70	NA	NA	0.1	failed	early_stop_failed	4900	>46	46.75504327626379	-22	0.1166489748655437
2247	1	0	0	0.1	1	False	0.35	5.0	2.0	70	NA	NA	0.1	failed	early_stop_failed	4500	>46	46.71490073651409	-21	0.10368401916285629
2248	1	0	0	0.1	1	False	0.35	5.0	3.0	70	NA	NA	0.1	failed	early_stop_failed	4800	>46	46.50538455511373	-23	0.11507738954831366
2249	1	0	0	0.1	1	False	0.35	5.0	5.0	70	NA	NA	0.1	failed	early_stop_failed	4950	>46	46.5365662705288	-23	0.1322265935935301
2250	1	1	1	0.1	0	False	0.15	3.0	1.1	70	0.008	30.0	NA	succeed	early_stop_succeed	2100	40.18513345950574	40.10333453758319	-30	0.2940508270839375
2251	1	1	1	0.1	0	False	0.15	3.0	1.5	70	0.008	30.0	NA	succeed	early_stop_succeed	6400	41.9655641459582	41.95698757948113	-28	0.12202156367189979
2252	1	1	1	0.1	0	False	0.15	3.0	2.0	70	0.008	30.0	NA	succeed	early_stop_succeed	6650	42.75999503348865	42.75071017549942	-27	0.12966711339358525
2253	1	1	1	0.1	0	False	0.15	3.0	3.0	70	0.008	30.0	NA	succeed	early_stop_succeed	2500	40.84318598572407	40.82531230475353	-29	0.16845970736890004
2254	1	1	1	0.1	0	False	0.15	3.0	5.0	70	0.008	30.0	NA	succeed	early_stop_succeed	7400	43.69551285706364	43.70305632026107	-27	0.14102362547658595
2255	1	1	1	0.1	0	False	0.15	3.5	1.1	70	0.008	30.0	NA	succeed	early_stop_succeed	2500	40.40899799564338	40.41680920787262	-30	0.1747875778456641
2256	1	1	1	0.1	0	False	0.15	3.5	1.5	70	0.008	30.0	NA	succeed	early_stop_succeed	2500	40.54258424458668	40.54086738676797	-30	0.20961623981174296
2257	1	1	1	0.1	0	False	0.15	3.5	2.0	70	0.008	30.0	NA	succeed	early_stop_succeed	2200	40.3983089923053	40.385198121448745	-30	0.21777179755010806
2258	1	1	1	0.1	0	False	0.15	3.5	3.0	70	0.008	30.0	NA	succeed	early_stop_succeed	3250	40.84174664670186	40.824481346993316	-29	0.16228568434075905
2259	1	1	1	0.1	0	False	0.15	3.5	5.0	70	0.008	30.0	NA	succeed	early_stop_succeed	5800	43.639916927688056	43.6038761115987	-27	0.12449245331012282
2260	1	1	1	0.1	0	False	0.15	4.0	1.1	70	0.008	30.0	NA	succeed	early_stop_succeed	6650	43.3170672684501	43.32808851875557	-28	0.10748402447864448
2261	1	1	1	0.1	0	False	0.15	4.0	1.5	70	0.008	30.0	NA	succeed	early_stop_succeed	4800	42.40953954658178	42.41364768375659	-26	0.14428022853138792
2262	1	1	1	0.1	0	False	0.15	4.0	2.0	70	0.008	30.0	NA	succeed	early_stop_succeed	7050	44.75249608138097	44.75662120123289	-27	0.1107339853575904
2263	1	1	1	0.1	0	False	0.15	4.0	3.0	70	0.008	30.0	NA	succeed	early_stop_succeed	8550	45.57578871296592	45.61802648747859	-25	0.11110220312471811
2264	1	1	1	0.1	0	False	0.15	4.0	5.0	70	0.008	30.0	NA	succeed	early_stop_succeed	6100	44.18850749906857	44.16077649803841	-25	0.145988195051802
2265	1	1	1	0.1	0	False	0.15	4.5	1.1	70	0.008	30.0	NA	succeed	early_stop_succeed	6450	43.27080284011794	43.32650930650837	-26	0.12041672281686386
2266	1	1	1	0.1	0	False	0.15	4.5	1.5	70	0.008	30.0	NA	succeed	early_stop_succeed	7350	44.737564973232494	44.711228121936465	-24	0.1218557920781565
2267	1	1	1	0.1	0	False	0.15	4.5	2.0	70	0.008	30.0	NA	failed	early_stop_failed	7650	>46	46.18856923200487	-26	0.11250975618375376
2268	1	1	1	0.1	0	False	0.15	4.5	3.0	70	0.008	30.0	NA	succeed	early_stop_succeed	6750	45.082566780609916	45.08480442003533	-27	0.12254461478972525
2269	1	1	1	0.1	0	False	0.15	4.5	5.0	70	0.008	30.0	NA	succeed	early_stop_succeed	7450	45.33451291728317	45.347605255053104	-25	0.11791409610050707
2270	1	1	1	0.1	0	False	0.15	5.0	1.1	70	0.008	30.0	NA	succeed	early_stop_succeed	7250	44.33027753949302	44.32100532442089	-25	0.12467472307963566
2271	1	1	1	0.1	0	False	0.15	5.0	1.5	70	0.008	30.0	NA	succeed	early_stop_succeed	5750	43.48351650419999	43.55211716548279	-27	0.14457075589729512
2272	1	1	1	0.1	0	False	0.15	5.0	2.0	70	0.008	30.0	NA	succeed	early_stop_succeed	6600	44.009742584131615	44.068364128671966	-25	0.1245394190995342
2273	1	1	1	0.1	0	False	0.15	5.0	3.0	70	0.008	30.0	NA	failed	early_stop_failed	8550	46.08741692103976	46.10340340856766	-23	0.129969211895424
2274	1	1	1	0.1	0	False	0.15	5.0	5.0	70	0.008	30.0	NA	failed	early_stop_failed	7950	>46	46.17802788789764	-27	0.09471763837710118
2275	1	1	1	0.1	0	False	0.2	3.0	1.1	70	0.008	30.0	NA	extinct	population_extinct	100000	NA	NA	NA	NA
2276	1	1	1	0.1	0	False	0.2	3.0	1.5	70	0.008	30.0	NA	succeed	early_stop_succeed	2300	40.15306065426701	40.17567786324082	-30	0.1711838987263223
2277	1	1	1	0.1	0	False	0.2	3.0	2.0	70	0.008	30.0	NA	succeed	early_stop_succeed	4650	41.613720437646755	41.595374482469694	-28	0.13400096651398635
2278	1	1	1	0.1	0	False	0.2	3.0	3.0	70	0.008	30.0	NA	succeed	early_stop_succeed	4000	41.26807525283351	41.264515028376564	-29	0.12672427104622988
2279	1	1	1	0.1	0	False	0.2	3.0	5.0	70	0.008	30.0	NA	succeed	early_stop_succeed	4200	41.7363278770618	41.763890577183204	-27	0.13803125291807894
2280	1	1	1	0.1	0	False	0.2	3.5	1.1	70	0.008	30.0	NA	succeed	early_stop_succeed	3950	40.85266889709283	40.77376183869808	-30	0.1579237710678959
2281	1	1	1	0.1	0	False	0.2	3.5	1.5	70	0.008	30.0	NA	succeed	early_stop_succeed	2350	40.67252976055176	40.66741127198042	-30	0.18392427260600488
2282	1	1	1	0.1	0	False	0.2	3.5	2.0	70	0.008	30.0	NA	succeed	early_stop_succeed	6450	43.353453701713825	43.43881353559908	-28	0.12034302689685067
2283	1	1	1	0.1	0	False	0.2	3.5	3.0	70	0.008	30.0	NA	succeed	early_stop_succeed	8800	44.120995422279165	44.138800495766716	-28	0.12106621181986783
2284	1	1	1	0.1	0	False	0.2	3.5	5.0	70	0.008	30.0	NA	succeed	early_stop_succeed	6700	44.46673702352955	44.48945890890925	-27	0.10535421022037811
2285	1	1	1	0.1	0	False	0.2	4.0	1.1	70	0.008	30.0	NA	succeed	early_stop_succeed	2900	40.613199599455555	40.59173084228058	-30	0.16040256213021173
2286	1	1	1	0.1	0	False	0.2	4.0	1.5	70	0.008	30.0	NA	succeed	early_stop_succeed	6850	43.34479229104146	43.35613557252112	-26	0.1427335957263251
2287	1	1	1	0.1	0	False	0.2	4.0	2.0	70	0.008	30.0	NA	succeed	early_stop_succeed	7400	43.567447280114756	43.58810365836678	-26	0.11341822249774408
2288	1	1	1	0.1	0	False	0.2	4.0	3.0	70	0.008	30.0	NA	succeed	early_stop_succeed	9400	45.38953626853799	45.42826234191764	-23	0.1168515772029631
2289	1	1	1	0.1	0	False	0.2	4.0	5.0	70	0.008	30.0	NA	succeed	early_stop_succeed	5350	43.14971357669728	43.22145054217521	-27	0.14597308080892982
2290	1	1	1	0.1	0	False	0.2	4.5	1.1	70	0.008	30.0	NA	succeed	early_stop_succeed	2100	40.33568340659975	40.32551039378022	-30	0.2197318673074658
2291	1	1	1	0.1	0	False	0.2	4.5	1.5	70	0.008	30.0	NA	succeed	early_stop_succeed	7450	43.98861753109341	44.0360879471775	-27	0.14347618722826533
2292	1	1	1	0.1	0	False	0.2	4.5	2.0	70	0.008	30.0	NA	succeed	early_stop_succeed	6100	43.44808595973436	43.514098684099004	-27	0.13305449993813104
2293	1	1	1	0.1	0	False	0.2	4.5	3.0	70	0.008	30.0	NA	succeed	early_stop_succeed	6650	44.30984171429711	44.33704535710212	-26	0.14142858392232904
2294	1	1	1	0.1	0	False	0.2	4.5	5.0	70	0.008	30.0	NA	succeed	early_stop_succeed	5750	43.84541292140543	43.88839400576523	-26	0.1388719216789014
2295	1	1	1	0.1	0	False	0.2	5.0	1.1	70	0.008	30.0	NA	succeed	early_stop_succeed	5550	43.21835443870104	43.08707081802421	-28	0.10775425541298243
2296	1	1	1	0.1	0	False	0.2	5.0	1.5	70	0.008	30.0	NA	succeed	early_stop_succeed	5450	42.6488621635202	42.66957072834679	-27	0.1360435001803681
2297	1	1	1	0.1	0	False	0.2	5.0	2.0	70	0.008	30.0	NA	succeed	early_stop_succeed	6950	43.793635285878544	43.81613155594983	-28	0.12850369421500274
2298	1	1	1	0.1	0	False	0.2	5.0	3.0	70	0.008	30.0	NA	succeed	early_stop_succeed	6300	44.40224455496873	44.46236576498732	-26	0.13098716212347358
2299	1	1	1	0.1	0	False	0.2	5.0	5.0	70	0.008	30.0	NA	failed	early_stop_failed	8250	>46	46.33395288719181	-24	0.14484027444753292
2300	1	1	1	0.1	0	False	0.25	3.0	1.1	70	0.008	30.0	NA	extinct	population_extinct	100000	NA	NA	NA	NA
2301	1	1	1	0.1	0	False	0.25	3.0	1.5	70	0.008	30.0	NA	extinct	population_extinct	100000	NA	39.602029903144256	NA	NA
2302	1	1	1	0.1	0	False	0.25	3.0	2.0	70	0.008	30.0	NA	succeed	early_stop_succeed	2350	40.34494295220628	40.33609816084348	-30	0.21142770180724604
2303	1	1	1	0.1	0	False	0.25	3.0	3.0	70	0.008	30.0	NA	succeed	early_stop_succeed	3650	40.88280306337877	40.89371485360539	-29	0.15350578173381352
2304	1	1	1	0.1	0	False	0.25	3.0	5.0	70	0.008	30.0	NA	succeed	early_stop_succeed	3150	40.706337355771915	40.69189153296289	-30	0.15499013035304812
2305	1	1	1	0.1	0	False	0.25	3.5	1.1	70	0.008	30.0	NA	extinct	population_extinct	100000	NA	NA	NA	NA
2306	1	1	1	0.1	0	False	0.25	3.5	1.5	70	0.008	30.0	NA	succeed	early_stop_succeed	4000	41.560630333019596	41.58145541395582	-28	0.12633670156835408
2307	1	1	1	0.1	0	False	0.25	3.5	2.0	70	0.008	30.0	NA	succeed	early_stop_succeed	2200	40.44692607956978	40.44361831905338	-30	0.23070656828276623
2308	1	1	1	0.1	0	False	0.25	3.5	3.0	70	0.008	30.0	NA	succeed	early_stop_succeed	4550	41.90471889796597	41.91596851834557	-27	0.13839615030481459
2309	1	1	1	0.1	0	False	0.25	3.5	5.0	70	0.008	30.0	NA	succeed	early_stop_succeed	7700	45.03868085023809	45.067268280158984	-23	0.11073017504047146
2310	1	1	1	0.1	0	False	0.25	4.0	1.1	70	0.008	30.0	NA	succeed	early_stop_succeed	2000	40.12495878933807	40.12914600232833	-30	0.220529608575828
2311	1	1	1	0.1	0	False	0.25	4.0	1.5	70	0.008	30.0	NA	succeed	early_stop_succeed	4600	41.96874913692166	41.95799858748769	-28	0.1313828348855033
2312	1	1	1	0.1	0	False	0.25	4.0	2.0	70	0.008	30.0	NA	succeed	early_stop_succeed	5750	42.59494749648793	42.58848185772217	-28	0.14562304198211698
2313	1	1	1	0.1	0	False	0.25	4.0	3.0	70	0.008	30.0	NA	succeed	early_stop_succeed	8050	44.87326741523908	44.95593790574859	-26	0.11349733712854655
2314	1	1	1	0.1	0	False	0.25	4.0	5.0	70	0.008	30.0	NA	succeed	early_stop_succeed	6150	44.272269634504916	44.268861126947655	-25	0.13404813080217337
2315	1	1	1	0.1	0	False	0.25	4.5	1.1	70	0.008	30.0	NA	succeed	early_stop_succeed	2300	40.30947894810281	40.30909922317199	-30	0.22953231542882793
2316	1	1	1	0.1	0	False	0.25	4.5	1.5	70	0.008	30.0	NA	succeed	early_stop_succeed	2650	40.75132961753073	40.75543834129204	-30	0.1797852858108757
2317	1	1	1	0.1	0	False	0.25	4.5	2.0	70	0.008	30.0	NA	succeed	early_stop_succeed	5900	43.2376079030641	43.284581789538656	-28	0.11115794668871486
2318	1	1	1	0.1	0	False	0.25	4.5	3.0	70	0.008	30.0	NA	succeed	early_stop_succeed	6950	44.20819589952521	44.20263363434095	-26	0.13172324497885926
2319	1	1	1	0.1	0	False	0.25	4.5	5.0	70	0.008	30.0	NA	succeed	early_stop_succeed	5750	44.42525133650968	44.44026653391709	-24	0.1368001037800567
2320	1	1	1	0.1	0	False	0.25	5.0	1.1	70	0.008	30.0	NA	succeed	early_stop_succeed	3050	41.097028709293994	41.103502010431434	-30	0.15497972999744897
2321	1	1	1	0.1	0	False	0.25	5.0	1.5	70	0.008	30.0	NA	succeed	early_stop_succeed	8200	44.05980207781635	44.13261813928035	-27	0.12262339511586022
2322	1	1	1	0.1	0	False	0.25	5.0	2.0	70	0.008	30.0	NA	succeed	early_stop_succeed	6250	44.69661223295154	44.696550675202246	-24	0.12736808737012606
2323	1	1	1	0.1	0	False	0.25	5.0	3.0	70	0.008	30.0	NA	succeed	early_stop_succeed	6500	44.08354981015913	44.07231588837482	-25	0.13728206508650068
2324	1	1	1	0.1	0	False	0.25	5.0	5.0	70	0.008	30.0	NA	succeed	early_stop_succeed	4950	44.03945665006901	44.039955014849255	-25	0.1551350480867793
2325	1	1	1	0.1	0	False	0.3	3.0	1.1	70	0.008	30.0	NA	extinct	population_extinct	100000	NA	NA	NA	NA
2326	1	1	1	0.1	0	False	0.3	3.0	1.5	70	0.008	30.0	NA	extinct	population_extinct	100000	NA	NA	NA	NA
2327	1	1	1	0.1	0	False	0.3	3.0	2.0	70	0.008	30.0	NA	succeed	early_stop_succeed	3250	40.75228471049523	40.771974209976754	-30	0.15452747723695462
2328	1	1	1	0.1	0	False	0.3	3.0	3.0	70	0.008	30.0	NA	succeed	early_stop_succeed	2300	40.57618305462147	40.57503432404496	-30	0.20030930329820354
2329	1	1	1	0.1	0	False	0.3	3.0	5.0	70	0.008	30.0	NA	succeed	early_stop_succeed	7450	44.151395337814805	44.183911654791586	-25	0.12711810988788785
2330	1	1	1	0.1	0	False	0.3	3.5	1.1	70	0.008	30.0	NA	extinct	population_extinct	100000	NA	NA	NA	NA
2331	1	1	1	0.1	0	False	0.3	3.5	1.5	70	0.008	30.0	NA	succeed	early_stop_succeed	5250	41.932595532470785	41.99035605475959	-28	0.13029840043720092
2332	1	1	1	0.1	0	False	0.3	3.5	2.0	70	0.008	30.0	NA	succeed	early_stop_succeed	8900	44.02972693907548	44.047950625192286	-27	0.11166093232819328
2333	1	1	1	0.1	0	False	0.3	3.5	3.0	70	0.008	30.0	NA	succeed	early_stop_succeed	2300	40.51399405346282	40.49558228826066	-30	0.1868198181287685
2334	1	1	1	0.1	0	False	0.3	3.5	5.0	70	0.008	30.0	NA	succeed	early_stop_succeed	6900	43.29267623795784	43.27653138241397	-28	0.12362453377354646
2335	1	1	1	0.1	0	False	0.3	4.0	1.1	70	0.008	30.0	NA	succeed	early_stop_succeed	2750	41.04112086623539	41.087052991975106	-28	0.17104450470257584
2336	1	1	1	0.1	0	False	0.3	4.0	1.5	70	0.008	30.0	NA	succeed	early_stop_succeed	2350	40.20451275545202	40.19685231815107	-30	0.21879214292722612
2337	1	1	1	0.1	0	False	0.3	4.0	2.0	70	0.008	30.0	NA	succeed	early_stop_succeed	8500	44.5468253661568	44.58598774515178	-26	0.09200186204279191
2338	1	1	1	0.1	0	False	0.3	4.0	3.0	70	0.008	30.0	NA	succeed	early_stop_succeed	5900	43.178874980364014	43.23597055898629	-26	0.13073468637031602
2339	1	1	1	0.1	0	False	0.3	4.0	5.0	70	0.008	30.0	NA	failed	early_stop_failed	10500	46.017251933653455	46.04282309701023	-25	0.12628164262468825
2340	1	1	1	0.1	0	False	0.3	4.5	1.1	70	0.008	30.0	NA	succeed	early_stop_succeed	2850	40.44501027060418	40.4548653100761	-30	0.19195439282922608
2341	1	1	1	0.1	0	False	0.3	4.5	1.5	70	0.008	30.0	NA	succeed	early_stop_succeed	2550	40.68101985340022	40.66050214513151	-30	0.1878549840474972
2342	1	1	1	0.1	0	False	0.3	4.5	2.0	70	0.008	30.0	NA	succeed	early_stop_succeed	6350	43.67525614404881	43.67260316217984	-26	0.1165307309135985
2343	1	1	1	0.1	0	False	0.3	4.5	3.0	70	0.008	30.0	NA	succeed	early_stop_succeed	6800	44.63688368293525	44.68618938816805	-25	0.1359019403298252
2344	1	1	1	0.1	0	False	0.3	4.5	5.0	70	0.008	30.0	NA	succeed	early_stop_succeed	6700	44.979101966628974	45.00565194945023	-25	0.11941508255948279
2345	1	1	1	0.1	0	False	0.3	5.0	1.1	70	0.008	30.0	NA	succeed	early_stop_succeed	3350	41.06909059700973	41.048028282019935	-29	0.14905049231444575
2346	1	1	1	0.1	0	False	0.3	5.0	1.5	70	0.008	30.0	NA	succeed	early_stop_succeed	6150	43.37618831786663	43.429634093713894	-28	0.1218424480893479
2347	1	1	1	0.1	0	False	0.3	5.0	2.0	70	0.008	30.0	NA	succeed	early_stop_succeed	7050	44.20171714960488	44.22526835055112	-28	0.13218709801084333
2348	1	1	1	0.1	0	False	0.3	5.0	3.0	70	0.008	30.0	NA	succeed	early_stop_succeed	5550	44.50808718570448	44.53676341270798	-24	0.11900918119357293
2349	1	1	1	0.1	0	False	0.3	5.0	5.0	70	0.008	30.0	NA	succeed	early_stop_succeed	7250	44.92550202155809	44.90719658207405	-25	0.14612757942539278
2350	1	1	1	0.1	0	False	0.35	3.0	1.1	70	0.008	30.0	NA	extinct	population_extinct	100000	NA	NA	NA	NA
2351	1	1	1	0.1	0	False	0.35	3.0	1.5	70	0.008	30.0	NA	extinct	population_extinct	100000	NA	NA	NA	NA
2352	1	1	1	0.1	0	False	0.35	3.0	2.0	70	0.008	30.0	NA	succeed	early_stop_succeed	2000	40.02646149148408	40.039402638832456	-30	0.2935170849749461
2353	1	1	1	0.1	0	False	0.35	3.0	3.0	70	0.008	30.0	NA	succeed	early_stop_succeed	4650	41.58143386618589	41.59477876535285	-29	0.13226488438857376
2354	1	1	1	0.1	0	False	0.35	3.0	5.0	70	0.008	30.0	NA	succeed	early_stop_succeed	2600	40.61842010957284	40.626340142821256	-30	0.16869620641004876
2355	1	1	1	0.1	0	False	0.35	3.5	1.1	70	0.008	30.0	NA	extinct	population_extinct	100000	NA	NA	NA	NA
2356	1	1	1	0.1	0	False	0.35	3.5	1.5	70	0.008	30.0	NA	succeed	early_stop_succeed	2000	40.53856330931538	40.49633075277865	-30	0.268148612352738
2357	1	1	1	0.1	0	False	0.35	3.5	2.0	70	0.008	30.0	NA	succeed	early_stop_succeed	4100	41.436060850920256	41.42082257934982	-29	0.13368495142695447
2358	1	1	1	0.1	0	False	0.35	3.5	3.0	70	0.008	30.0	NA	succeed	early_stop_succeed	2350	40.48078599669309	40.48210750354918	-30	0.231540976751179
2359	1	1	1	0.1	0	False	0.35	3.5	5.0	70	0.008	30.0	NA	succeed	early_stop_succeed	2200	40.417344062499204	40.43160556630844	-30	0.23630012860841962
2360	1	1	1	0.1	0	False	0.35	4.0	1.1	70	0.008	30.0	NA	extinct	population_extinct	100000	NA	NA	NA	NA
2361	1	1	1	0.1	0	False	0.35	4.0	1.5	70	0.008	30.0	NA	succeed	early_stop_succeed	3450	40.8201770929829	40.80318641955882	-30	0.1677857898315473
2362	1	1	1	0.1	0	False	0.35	4.0	2.0	70	0.008	30.0	NA	succeed	early_stop_succeed	2150	40.34708728720634	40.30871503069077	-30	0.22788464610655104
2363	1	1	1	0.1	0	False	0.35	4.0	3.0	70	0.008	30.0	NA	succeed	early_stop_succeed	8550	44.88521292825257	44.90079332649782	-23	0.10153144183319394
2364	1	1	1	0.1	0	False	0.35	4.0	5.0	70	0.008	30.0	NA	succeed	early_stop_succeed	6950	44.19385900673068	44.248988141844045	-25	0.1172651984818624
2365	1	1	1	0.1	0	False	0.35	4.5	1.1	70	0.008	30.0	NA	succeed	early_stop_succeed	5200	41.64178060125063	41.63194864055507	-28	0.12195325854601101
2366	1	1	1	0.1	0	False	0.35	4.5	1.5	70	0.008	30.0	NA	succeed	early_stop_succeed	7600	43.46561381420361	43.497782755700555	-26	0.13596943324573252
2367	1	1	1	0.1	0	False	0.35	4.5	2.0	70	0.008	30.0	NA	succeed	early_stop_succeed	8600	44.985214469027895	44.9829936559085	-26	0.10527628963705946
2368	1	1	1	0.1	0	False	0.35	4.5	3.0	70	0.008	30.0	NA	succeed	early_stop_succeed	8250	44.77168882796984	44.784877055103	-25	0.1327191171218063
2369	1	1	1	0.1	0	False	0.35	4.5	5.0	70	0.008	30.0	NA	succeed	early_stop_succeed	5550	43.67872105111411	43.6890391481235	-26	0.15287038675045994
2370	1	1	1	0.1	0	False	0.35	5.0	1.1	70	0.008	30.0	NA	succeed	early_stop_succeed	2450	40.44914043827793	40.44351204696315	-30	0.22168671936807374
2371	1	1	1	0.1	0	False	0.35	5.0	1.5	70	0.008	30.0	NA	succeed	early_stop_succeed	4950	42.23334241511335	42.24334454462479	-29	0.1439751087586094
2372	1	1	1	0.1	0	False	0.35	5.0	2.0	70	0.008	30.0	NA	succeed	early_stop_succeed	4850	42.8347192999523	42.810615164684265	-28	0.14666976077519936
2373	1	1	1	0.1	0	False	0.35	5.0	3.0	70	0.008	30.0	NA	succeed	early_stop_succeed	5150	42.89551878850602	42.871068159898456	-27	0.13998206214265582
2374	1	1	1	0.1	0	False	0.35	5.0	5.0	70	0.008	30.0	NA	succeed	early_stop_succeed	7300	45.12947313280297	45.15152756924186	-26	0.12500165020408452
2375	1	1	0	0.1	1	False	0.15	3.0	1.1	70	0.008	30.0	0.1	succeed	early_stop_succeed	2200	40.406926515618814	40.413748797954185	-30	0.23834445453640377
2376	1	1	0	0.1	1	False	0.15	3.0	1.5	70	0.008	30.0	0.1	succeed	early_stop_succeed	2900	40.82266950150316	40.81937641339044	-30	0.17849538012404076
2377	1	1	0	0.1	1	False	0.15	3.0	2.0	70	0.008	30.0	0.1	succeed	early_stop_succeed	2000	40.48973619807782	40.455436122062956	-30	0.22270758035461363
2378	1	1	0	0.1	1	False	0.15	3.0	3.0	70	0.008	30.0	0.1	succeed	early_stop_succeed	6250	43.64074644049916	43.689655757031666	-27	0.11643147791761756
2379	1	1	0	0.1	1	False	0.15	3.0	5.0	70	0.008	30.0	0.1	succeed	early_stop_succeed	7500	44.200968525383594	44.25841652717731	-24	0.11175447331139082
2380	1	1	0	0.1	1	False	0.15	3.5	1.1	70	0.008	30.0	0.1	succeed	early_stop_succeed	4000	41.117991572540056	41.13206329715597	-28	0.1734869715501089
2381	1	1	0	0.1	1	False	0.15	3.5	1.5	70	0.008	30.0	0.1	succeed	early_stop_succeed	7700	43.48684045524347	43.477276673099325	-27	0.13784359507023936
2382	1	1	0	0.1	1	False	0.15	3.5	2.0	70	0.008	30.0	0.1	succeed	early_stop_succeed	8300	44.25171626078455	44.27112197471296	-26	0.10922253161669193
2383	1	1	0	0.1	1	False	0.15	3.5	3.0	70	0.008	30.0	0.1	succeed	early_stop_succeed	4600	42.71243905062481	42.73711313744866	-27	0.1435248849557931
2384	1	1	0	0.1	1	False	0.15	3.5	5.0	70	0.008	30.0	0.1	succeed	early_stop_succeed	6350	43.93240814166458	43.95412596326436	-26	0.13749668869740997
2385	1	1	0	0.1	1	False	0.15	4.0	1.1	70	0.008	30.0	0.1	succeed	early_stop_succeed	7300	43.841381527080685	43.821249769773296	-26	0.12443235294194276
2386	1	1	0	0.1	1	False	0.15	4.0	1.5	70	0.008	30.0	0.1	succeed	early_stop_succeed	6550	43.49788739772098	43.476929653352755	-27	0.12880949225459792
2387	1	1	0	0.1	1	False	0.15	4.0	2.0	70	0.008	30.0	0.1	succeed	early_stop_succeed	4200	41.85380442716272	41.82845388432877	-29	0.15972451104566235
2388	1	1	0	0.1	1	False	0.15	4.0	3.0	70	0.008	30.0	0.1	succeed	early_stop_succeed	6750	44.46312698951491	44.45449206427904	-25	0.14641031398169826
2389	1	1	0	0.1	1	False	0.15	4.0	5.0	70	0.008	30.0	0.1	succeed	early_stop_succeed	7050	44.962248077105976	44.99254670109126	-24	0.11745932401305222
2390	1	1	0	0.1	1	False	0.15	4.5	1.1	70	0.008	30.0	0.1	succeed	early_stop_succeed	6100	42.964054871943624	42.98652198150685	-28	0.10935485758657905
2391	1	1	0	0.1	1	False	0.15	4.5	1.5	70	0.008	30.0	0.1	succeed	early_stop_succeed	8100	44.15313359088801	44.162308618264404	-27	0.12501641320583706
2392	1	1	0	0.1	1	False	0.15	4.5	2.0	70	0.008	30.0	0.1	succeed	early_stop_succeed	8800	45.41408999557144	45.43321984436178	-25	0.13357213076599567
2393	1	1	0	0.1	1	False	0.15	4.5	3.0	70	0.008	30.0	0.1	failed	early_stop_failed	7850	>46	46.22847373324852	-24	0.14279392380826533
2394	1	1	0	0.1	1	False	0.15	4.5	5.0	70	0.008	30.0	0.1	failed	early_stop_failed	9100	>46	46.13311087135784	-24	0.11295164649534613
2395	1	1	0	0.1	1	False	0.15	5.0	1.1	70	0.008	30.0	0.1	succeed	early_stop_succeed	5800	43.616210212669245	43.61599562416619	-26	0.11977053521867871
2396	1	1	0	0.1	1	False	0.15	5.0	1.5	70	0.008	30.0	0.1	succeed	early_stop_succeed	5950	43.72705859551912	43.75334180950101	-27	0.13827998953666787
2397	1	1	0	0.1	1	False	0.15	5.0	2.0	70	0.008	30.0	0.1	succeed	early_stop_succeed	8450	45.90282641941657	45.94793413056656	-23	0.09594282973685064
2398	1	1	0	0.1	1	False	0.15	5.0	3.0	70	0.008	30.0	0.1	succeed	early_stop_succeed	6300	45.31222450706167	45.29535953461597	-26	0.11437382880665034
2399	1	1	0	0.1	1	False	0.15	5.0	5.0	70	0.008	30.0	0.1	succeed	early_stop_succeed	6350	45.41723756562279	45.39274421152427	-23	0.1278913032273144
2400	1	1	0	0.1	1	False	0.2	3.0	1.1	70	0.008	30.0	0.1	extinct	population_extinct	100000	NA	NA	NA	NA
2401	1	1	0	0.1	1	False	0.2	3.0	1.5	70	0.008	30.0	0.1	succeed	early_stop_succeed	3750	41.46259324294705	41.470890773618756	-29	0.12398865398913667
2402	1	1	0	0.1	1	False	0.2	3.0	2.0	70	0.008	30.0	0.1	succeed	early_stop_succeed	6750	42.67908927981262	42.73634503236301	-30	0.10936227251185782
2403	1	1	0	0.1	1	False	0.2	3.0	3.0	70	0.008	30.0	0.1	succeed	early_stop_succeed	6750	43.20540921234833	43.25899637470742	-28	0.11188160474435874
2404	1	1	0	0.1	1	False	0.2	3.0	5.0	70	0.008	30.0	0.1	succeed	early_stop_succeed	9650	45.83790066417822	45.860150906330674	-24	0.10016417879966494
2405	1	1	0	0.1	1	False	0.2	3.5	1.1	70	0.008	30.0	0.1	succeed	early_stop_succeed	4750	41.364627127534106	41.3794659020501	-27	0.12959561217227714
2406	1	1	0	0.1	1	False	0.2	3.5	1.5	70	0.008	30.0	0.1	succeed	early_stop_succeed	8450	43.437153944214714	43.46168487807631	-28	0.12315247781371662
2407	1	1	0	0.1	1	False	0.2	3.5	2.0	70	0.008	30.0	0.1	succeed	early_stop_succeed	3400	40.94979406570703	40.97318533619512	-29	0.14768437478879337
2408	1	1	0	0.1	1	False	0.2	3.5	3.0	70	0.008	30.0	0.1	succeed	early_stop_succeed	7650	43.73084943879018	43.71372788948986	-27	0.1262587683949709
2409	1	1	0	0.1	1	False	0.2	3.5	5.0	70	0.008	30.0	0.1	succeed	early_stop_succeed	5600	43.89680887998713	43.8925793659834	-25	0.13563725900811974
2410	1	1	0	0.1	1	False	0.2	4.0	1.1	70	0.008	30.0	0.1	succeed	early_stop_succeed	5150	42.07934223478647	42.064984373480875	-26	0.1236018407388746
2411	1	1	0	0.1	1	False	0.2	4.0	1.5	70	0.008	30.0	0.1	succeed	early_stop_succeed	8450	43.51532140245453	43.54870199253874	-26	0.10939305800319739
2412	1	1	0	0.1	1	False	0.2	4.0	2.0	70	0.008	30.0	0.1	succeed	early_stop_succeed	7750	44.13727666886849	44.143340512687836	-28	0.10936864599778544
2413	1	1	0	0.1	1	False	0.2	4.0	3.0	70	0.008	30.0	0.1	succeed	early_stop_succeed	5650	43.592578365982526	43.583990300428226	-26	0.1445571823999966
2414	1	1	0	0.1	1	False	0.2	4.0	5.0	70	0.008	30.0	0.1	succeed	early_stop_succeed	7600	44.88952469106094	44.8630346590635	-25	0.1565011793959184
2415	1	1	0	0.1	1	False	0.2	4.5	1.1	70	0.008	30.0	0.1	succeed	early_stop_succeed	5600	42.24396655085951	42.28068049101259	-29	0.1380607739983194
2416	1	1	0	0.1	1	False	0.2	4.5	1.5	70	0.008	30.0	0.1	succeed	early_stop_succeed	9800	44.8811731265136	44.89738287305472	-26	0.11302215021747135
2417	1	1	0	0.1	1	False	0.2	4.5	2.0	70	0.008	30.0	0.1	succeed	early_stop_succeed	6750	44.292646356323814	44.27479364760181	-27	0.1287979510948114
2418	1	1	0	0.1	1	False	0.2	4.5	3.0	70	0.008	30.0	0.1	succeed	early_stop_succeed	6850	44.06114260591155	44.042412729775016	-27	0.1303391390429981
2419	1	1	0	0.1	1	False	0.2	4.5	5.0	70	0.008	30.0	0.1	failed	early_stop_failed	8300	>46	46.24909475846979	-24	0.13305910976521163
2420	1	1	0	0.1	1	False	0.2	5.0	1.1	70	0.008	30.0	0.1	succeed	early_stop_succeed	2650	40.719241734859196	40.72498853919665	-30	0.22426566454953217
2421	1	1	0	0.1	1	False	0.2	5.0	1.5	70	0.008	30.0	0.1	succeed	early_stop_succeed	6300	43.86241837746411	43.87632963626515	-27	0.14946951204338102
2422	1	1	0	0.1	1	False	0.2	5.0	2.0	70	0.008	30.0	0.1	succeed	early_stop_succeed	6400	45.47212970102817	45.44761692179107	-26	0.1096978797444778
2423	1	1	0	0.1	1	False	0.2	5.0	3.0	70	0.008	30.0	0.1	failed	early_stop_failed	9800	>46	46.16632717240264	-23	0.1416864371069458
2424	1	1	0	0.1	1	False	0.2	5.0	5.0	70	0.008	30.0	0.1	failed	early_stop_failed	8650	>46	46.25002900598352	-24	0.11518348017684515
2425	1	1	0	0.1	1	False	0.25	3.0	1.1	70	0.008	30.0	0.1	extinct	population_extinct	100000	NA	NA	NA	NA
2426	1	1	0	0.1	1	False	0.25	3.0	1.5	70	0.008	30.0	0.1	extinct	population_extinct	100000	NA	39.89993836033513	NA	NA
2427	1	1	0	0.1	1	False	0.25	3.0	2.0	70	0.008	30.0	0.1	succeed	early_stop_succeed	5250	41.865496608146096	41.87030516164878	-29	0.11363393490074912
2428	1	1	0	0.1	1	False	0.25	3.0	3.0	70	0.008	30.0	0.1	succeed	early_stop_succeed	2050	40.328676518920155	40.31927777548204	-30	0.2139681430867611
2429	1	1	0	0.1	1	False	0.25	3.0	5.0	70	0.008	30.0	0.1	succeed	early_stop_succeed	2000	40.26796353327499	40.279204935414334	-30	0.22761460600486186
2430	1	1	0	0.1	1	False	0.25	3.5	1.1	70	0.008	30.0	0.1	extinct	population_extinct	100000	NA	40.019676091245145	NA	NA
2431	1	1	0	0.1	1	False	0.25	3.5	1.5	70	0.008	30.0	0.1	succeed	early_stop_succeed	3200	40.850120694476146	40.81964183542522	-28	0.1730475317675718
2432	1	1	0	0.1	1	False	0.25	3.5	2.0	70	0.008	30.0	0.1	succeed	early_stop_succeed	6800	43.62385203612945	43.63596192050556	-26	0.1106245222688299
2433	1	1	0	0.1	1	False	0.25	3.5	3.0	70	0.008	30.0	0.1	succeed	early_stop_succeed	2100	40.38670495512603	40.42979857211557	-30	0.23643920606564947
2434	1	1	0	0.1	1	False	0.25	3.5	5.0	70	0.008	30.0	0.1	succeed	early_stop_succeed	8150	44.57655017436611	44.548116929748446	-25	0.1314897693956983
2435	1	1	0	0.1	1	False	0.25	4.0	1.1	70	0.008	30.0	0.1	succeed	early_stop_succeed	3350	40.63989986114792	40.62711023137761	-30	0.14685023922616516
2436	1	1	0	0.1	1	False	0.25	4.0	1.5	70	0.008	30.0	0.1	succeed	early_stop_succeed	4000	41.700632667169984	41.67632842655607	-29	0.15016841504402817
2437	1	1	0	0.1	1	False	0.25	4.0	2.0	70	0.008	30.0	0.1	succeed	early_stop_succeed	8250	44.37577515536002	44.41336497941911	-24	0.12121163766032993
2438	1	1	0	0.1	1	False	0.25	4.0	3.0	70	0.008	30.0	0.1	succeed	early_stop_succeed	8800	44.80548583864086	44.825536476746464	-26	0.1156196532429373
2439	1	1	0	0.1	1	False	0.25	4.0	5.0	70	0.008	30.0	0.1	failed	early_stop_failed	9600	46.0312697734814	46.01751322612303	-22	0.10714742601157276
2440	1	1	0	0.1	1	False	0.25	4.5	1.1	70	0.008	30.0	0.1	succeed	early_stop_succeed	3950	41.32103865913924	41.315663796586335	-28	0.12643706448483868
2441	1	1	0	0.1	1	False	0.25	4.5	1.5	70	0.008	30.0	0.1	succeed	early_stop_succeed	7400	43.98956197787848	44.010908323485104	-26	0.1354627437139909
2442	1	1	0	0.1	1	False	0.25	4.5	2.0	70	0.008	30.0	0.1	succeed	early_stop_succeed	8550	44.82460489951623	44.848823104172105	-26	0.11083429164721378
2443	1	1	0	0.1	1	False	0.25	4.5	3.0	70	0.008	30.0	0.1	failed	early_stop_failed	8100	>46	46.13701362555922	-23	0.10813416380056465
2444	1	1	0	0.1	1	False	0.25	4.5	5.0	70	0.008	30.0	0.1	failed	early_stop_failed	8500	>46	46.141732476651285	-22	0.11956736950368936
2445	1	1	0	0.1	1	False	0.25	5.0	1.1	70	0.008	30.0	0.1	succeed	early_stop_succeed	3200	41.20690968677185	41.200303127900504	-28	0.15340382764790925
2446	1	1	0	0.1	1	False	0.25	5.0	1.5	70	0.008	30.0	0.1	succeed	early_stop_succeed	9450	45.663676015325024	45.733276427520494	-26	0.11390981225152083
2447	1	1	0	0.1	1	False	0.25	5.0	2.0	70	0.008	30.0	0.1	succeed	early_stop_succeed	7000	44.12815036008926	44.128049040232625	-27	0.12921510582708218
2448	1	1	0	0.1	1	False	0.25	5.0	3.0	70	0.008	30.0	0.1	succeed	early_stop_succeed	7100	45.24420574785387	45.229628022875026	-26	0.11539473685032738
2449	1	1	0	0.1	1	False	0.25	5.0	5.0	70	0.008	30.0	0.1	succeed	early_stop_succeed	5500	44.29038960992775	44.303239229847435	-26	0.11985600786677951
2450	1	1	0	0.1	1	False	0.3	3.0	1.1	70	0.008	30.0	0.1	extinct	population_extinct	100000	NA	NA	NA	NA
2451	1	1	0	0.1	1	False	0.3	3.0	1.5	70	0.008	30.0	0.1	extinct	population_extinct	100000	NA	NA	NA	NA
2452	1	1	0	0.1	1	False	0.3	3.0	2.0	70	0.008	30.0	0.1	succeed	early_stop_succeed	2000	40.289291904314	40.29266248549197	-30	0.25278440538967095
2453	1	1	0	0.1	1	False	0.3	3.0	3.0	70	0.008	30.0	0.1	succeed	early_stop_succeed	5100	42.33209297556729	42.35038904882474	-29	0.12265759197799823
2454	1	1	0	0.1	1	False	0.3	3.0	5.0	70	0.008	30.0	0.1	succeed	early_stop_succeed	4200	41.90535466538437	41.90499793726309	-28	0.14079127078195636
2455	1	1	0	0.1	1	False	0.3	3.5	1.1	70	0.008	30.0	0.1	extinct	population_extinct	100000	NA	NA	NA	NA
2456	1	1	0	0.1	1	False	0.3	3.5	1.5	70	0.008	30.0	0.1	succeed	early_stop_succeed	5750	42.43019050182319	42.41327452200877	-29	0.109764658447548
2457	1	1	0	0.1	1	False	0.3	3.5	2.0	70	0.008	30.0	0.1	succeed	early_stop_succeed	2000	40.30270206627272	40.27836379285195	-30	0.2497688440583716
2458	1	1	0	0.1	1	False	0.3	3.5	3.0	70	0.008	30.0	0.1	succeed	early_stop_succeed	7100	44.055251283328715	44.104732264555786	-26	0.12565456555087406
2459	1	1	0	0.1	1	False	0.3	3.5	5.0	70	0.008	30.0	0.1	succeed	early_stop_succeed	7050	44.21495330815028	44.27682285952507	-27	0.11058566506486915
2460	1	1	0	0.1	1	False	0.3	4.0	1.1	70	0.008	30.0	0.1	succeed	early_stop_succeed	2350	40.33079405955965	40.39529031284107	-30	0.18360055978887535
2461	1	1	0	0.1	1	False	0.3	4.0	1.5	70	0.008	30.0	0.1	succeed	early_stop_succeed	6400	42.96055396154071	42.95111666106974	-27	0.12377276035340691
2462	1	1	0	0.1	1	False	0.3	4.0	2.0	70	0.008	30.0	0.1	succeed	early_stop_succeed	7500	43.92517547360469	43.94506939399299	-26	0.11496189440345407
2463	1	1	0	0.1	1	False	0.3	4.0	3.0	70	0.008	30.0	0.1	succeed	early_stop_succeed	6650	43.765010077003495	43.7656423663186	-25	0.13557515114964652
2464	1	1	0	0.1	1	False	0.3	4.0	5.0	70	0.008	30.0	0.1	succeed	early_stop_succeed	7500	44.77107227261271	44.769511870052696	-25	0.1213011690159854
2465	1	1	0	0.1	1	False	0.3	4.5	1.1	70	0.008	30.0	0.1	succeed	early_stop_succeed	2400	40.42896564491579	40.42184582965386	-30	0.18138649618983915
2466	1	1	0	0.1	1	False	0.3	4.5	1.5	70	0.008	30.0	0.1	succeed	early_stop_succeed	8150	44.56533304585469	44.58954375143113	-26	0.09704276635199971
2467	1	1	0	0.1	1	False	0.3	4.5	2.0	70	0.008	30.0	0.1	succeed	early_stop_succeed	7600	44.80462386380296	44.855977712253065	-25	0.12025179305629603
2468	1	1	0	0.1	1	False	0.3	4.5	3.0	70	0.008	30.0	0.1	succeed	early_stop_succeed	6000	44.24863337363314	44.232236079231775	-25	0.130658321246354
2469	1	1	0	0.1	1	False	0.3	4.5	5.0	70	0.008	30.0	0.1	failed	early_stop_failed	8900	>46	46.32715074413047	-24	0.1409816154421722
2470	1	1	0	0.1	1	False	0.3	5.0	1.1	70	0.008	30.0	0.1	succeed	early_stop_succeed	3350	41.029104254050665	41.05621118362721	-30	0.1596820710275991
2471	1	1	0	0.1	1	False	0.3	5.0	1.5	70	0.008	30.0	0.1	succeed	early_stop_succeed	6150	43.7195759750009	43.713153138038905	-25	0.12118285323041046
2472	1	1	0	0.1	1	False	0.3	5.0	2.0	70	0.008	30.0	0.1	succeed	early_stop_succeed	6400	44.38101323166741	44.32289378359927	-27	0.13283132172387474
2473	1	1	0	0.1	1	False	0.3	5.0	3.0	70	0.008	30.0	0.1	succeed	early_stop_succeed	7750	45.35483729919065	45.39779602487372	-25	0.13183668284340896
2474	1	1	0	0.1	1	False	0.3	5.0	5.0	70	0.008	30.0	0.1	failed	early_stop_failed	8700	>46	46.222878662070805	-25	0.11765752543998129
2475	1	1	0	0.1	1	False	0.35	3.0	1.1	70	0.008	30.0	0.1	extinct	population_extinct	100000	NA	NA	NA	NA
2476	1	1	0	0.1	1	False	0.35	3.0	1.5	70	0.008	30.0	0.1	extinct	population_extinct	100000	NA	NA	NA	NA
2477	1	1	0	0.1	1	False	0.35	3.0	2.0	70	0.008	30.0	0.1	succeed	early_stop_succeed	3950	41.333213266257154	41.33248445798331	-30	0.13744112473184222
2478	1	1	0	0.1	1	False	0.35	3.0	3.0	70	0.008	30.0	0.1	succeed	early_stop_succeed	8600	43.6910252572888	43.717045399627125	-26	0.1125921446882407
2479	1	1	0	0.1	1	False	0.35	3.0	5.0	70	0.008	30.0	0.1	succeed	early_stop_succeed	9350	45.28834408183605	45.30713780622561	-25	0.12532615996912944
2480	1	1	0	0.1	1	False	0.35	3.5	1.1	70	0.008	30.0	0.1	extinct	population_extinct	100000	NA	NA	NA	NA
2481	1	1	0	0.1	1	False	0.35	3.5	1.5	70	0.008	30.0	0.1	succeed	early_stop_succeed	2800	40.63624654203259	40.604644056533	-29	0.16059225918828765
2482	1	1	0	0.1	1	False	0.35	3.5	2.0	70	0.008	30.0	0.1	succeed	early_stop_succeed	5200	42.22916965968736	42.261081349629286	-28	0.12216060151477917
2483	1	1	0	0.1	1	False	0.35	3.5	3.0	70	0.008	30.0	0.1	succeed	early_stop_succeed	4100	41.693968637283604	41.70096234140005	-29	0.13354291784664618
2484	1	1	0	0.1	1	False	0.35	3.5	5.0	70	0.008	30.0	0.1	succeed	early_stop_succeed	6750	44.197524644872374	44.218542531437315	-27	0.13211325453278552
2485	1	1	0	0.1	1	False	0.35	4.0	1.1	70	0.008	30.0	0.1	extinct	population_extinct	100000	NA	NA	NA	NA
2486	1	1	0	0.1	1	False	0.35	4.0	1.5	70	0.008	30.0	0.1	succeed	early_stop_succeed	2450	40.51092041170517	40.51029427562107	-30	0.21413913371718743
2487	1	1	0	0.1	1	False	0.35	4.0	2.0	70	0.008	30.0	0.1	succeed	early_stop_succeed	7350	43.70648128572615	43.70340369965702	-25	0.11723290309171734
2488	1	1	0	0.1	1	False	0.35	4.0	3.0	70	0.008	30.0	0.1	succeed	early_stop_succeed	3250	41.27708477889655	41.260535767963184	-28	0.14504748062137732
2489	1	1	0	0.1	1	False	0.35	4.0	5.0	70	0.008	30.0	0.1	succeed	early_stop_succeed	8550	45.601732304590094	45.66040043934878	-22	0.10148901315931663
2490	1	1	0	0.1	1	False	0.35	4.5	1.1	70	0.008	30.0	0.1	succeed	early_stop_succeed	4400	41.600149128459016	41.60564403560277	-29	0.14115598905965773
2491	1	1	0	0.1	1	False	0.35	4.5	1.5	70	0.008	30.0	0.1	succeed	early_stop_succeed	4200	41.85247501778573	41.873031358263	-28	0.1470522232654947
2492	1	1	0	0.1	1	False	0.35	4.5	2.0	70	0.008	30.0	0.1	succeed	early_stop_succeed	4650	42.4589139118862	42.43483455624688	-28	0.13649795339555434
2493	1	1	0	0.1	1	False	0.35	4.5	3.0	70	0.008	30.0	0.1	succeed	early_stop_succeed	8000	45.600109915561006	45.60094306140795	-25	0.1224420571024118
2494	1	1	0	0.1	1	False	0.35	4.5	5.0	70	0.008	30.0	0.1	succeed	early_stop_succeed	6700	44.65962769118499	44.67408477869456	-26	0.12920714275711523
2495	1	1	0	0.1	1	False	0.35	5.0	1.1	70	0.008	30.0	0.1	succeed	early_stop_succeed	7050	42.84702898873735	42.863484305795104	-27	0.11861121057061191
2496	1	1	0	0.1	1	False	0.35	5.0	1.5	70	0.008	30.0	0.1	succeed	early_stop_succeed	8000	44.35194815139861	44.33898955377299	-26	0.13242655981632626
2497	1	1	0	0.1	1	False	0.35	5.0	2.0	70	0.008	30.0	0.1	failed	early_stop_failed	9050	>46	46.167511911028456	-23	0.09945361313620618
2498	1	1	0	0.1	1	False	0.35	5.0	3.0	70	0.008	30.0	0.1	succeed	early_stop_succeed	4500	43.54659044991299	43.6379065853876	-26	0.10671537292064827
2499	1	1	0	0.1	1	False	0.35	5.0	5.0	70	0.008	30.0	0.1	failed	early_stop_failed	8150	45.95536222567931	46.0358720055429	-27	0.11384018081518764
2500	1	0	1	0.1	1	False	0.15	3.0	1.1	70	NA	NA	0.1	failed	early_stop_failed	5050	>46	46.67018170410646	-24	0.11994657487715019
2501	1	0	1	0.1	1	False	0.15	3.0	1.5	70	NA	NA	0.1	failed	early_stop_failed	4650	>46	46.916221481495874	-20	0.08288818840218128
2502	1	0	1	0.1	1	False	0.15	3.0	2.0	70	NA	NA	0.1	failed	early_stop_failed	4750	>46	46.85328665741986	-21	0.12775848817115937
2503	1	0	1	0.1	1	False	0.15	3.0	3.0	70	NA	NA	0.1	failed	early_stop_failed	5550	>46	46.55269004077317	-24	0.09906008590501507
2504	1	0	1	0.1	1	False	0.15	3.0	5.0	70	NA	NA	0.1	failed	early_stop_failed	4450	>46	46.86684434067417	-20	0.10089065779469344
2505	1	0	1	0.1	1	False	0.15	3.5	1.1	70	NA	NA	0.1	failed	early_stop_failed	4650	>46	46.98580714649539	-25	0.09204868596171811
2506	1	0	1	0.1	1	False	0.15	3.5	1.5	70	NA	NA	0.1	failed	early_stop_failed	5200	>46	46.873616814890795	-24	0.09270928847013225
2507	1	0	1	0.1	1	False	0.15	3.5	2.0	70	NA	NA	0.1	failed	early_stop_failed	4650	>46	46.98353747244448	-25	0.08106921448376701
2508	1	0	1	0.1	1	False	0.15	3.5	3.0	70	NA	NA	0.1	failed	early_stop_failed	5250	>46	46.57957857976307	-25	0.10825168779492209
2509	1	0	1	0.1	1	False	0.15	3.5	5.0	70	NA	NA	0.1	failed	early_stop_failed	5350	>46	46.766282782373864	-23	0.11540782595507544
2510	1	0	1	0.1	1	False	0.15	4.0	1.1	70	NA	NA	0.1	failed	early_stop_failed	4750	>46	46.700904236631615	-19	0.10400858368096243
2511	1	0	1	0.1	1	False	0.15	4.0	1.5	70	NA	NA	0.1	failed	early_stop_failed	4750	>46	46.57748450573029	-23	0.12228338181736094
2512	1	0	1	0.1	1	False	0.15	4.0	2.0	70	NA	NA	0.1	failed	early_stop_failed	5500	>46	46.58145424061235	-24	0.12867485229488104
2513	1	0	1	0.1	1	False	0.15	4.0	3.0	70	NA	NA	0.1	failed	early_stop_failed	4800	>46	46.54581732285799	-22	0.12148850677582584
2514	1	0	1	0.1	1	False	0.15	4.0	5.0	70	NA	NA	0.1	failed	early_stop_failed	4950	>46	46.44059104953923	-22	0.137051881608199
2515	1	0	1	0.1	1	False	0.15	4.5	1.1	70	NA	NA	0.1	failed	early_stop_failed	5550	>46	46.463445328862534	-22	0.1316277218417582
2516	1	0	1	0.1	1	False	0.15	4.5	1.5	70	NA	NA	0.1	failed	early_stop_failed	5350	>46	46.632552375392976	-23	0.1283089170206859
2517	1	0	1	0.1	1	False	0.15	4.5	2.0	70	NA	NA	0.1	failed	early_stop_failed	5100	>46	46.612348975233154	-23	0.11442058169737365
2518	1	0	1	0.1	1	False	0.15	4.5	3.0	70	NA	NA	0.1	failed	early_stop_failed	4850	>46	46.66549499452869	-21	0.1079476173910155
2519	1	0	1	0.1	1	False	0.15	4.5	5.0	70	NA	NA	0.1	failed	early_stop_failed	4550	>46	46.745248354036846	-24	0.11840575040344749
2520	1	0	1	0.1	1	False	0.15	5.0	1.1	70	NA	NA	0.1	failed	early_stop_failed	5800	>46	46.78498294174298	-22	0.11945413688491993
2521	1	0	1	0.1	1	False	0.15	5.0	1.5	70	NA	NA	0.1	failed	early_stop_failed	5100	>46	46.38951076873417	-24	0.15808428127422974
2522	1	0	1	0.1	1	False	0.15	5.0	2.0	70	NA	NA	0.1	failed	early_stop_failed	4850	>46	46.744605962404606	-25	0.1095378326452417
2523	1	0	1	0.1	1	False	0.15	5.0	3.0	70	NA	NA	0.1	failed	early_stop_failed	4550	>46	46.58594002675185	-24	0.12841920358081846
2524	1	0	1	0.1	1	False	0.15	5.0	5.0	70	NA	NA	0.1	failed	early_stop_failed	4200	>46	46.80025901545822	-23	0.12700857257319353
2525	1	0	1	0.1	1	False	0.2	3.0	1.1	70	NA	NA	0.1	extinct	population_extinct	100000	NA	40.98245614035088	NA	NA
2526	1	0	1	0.1	1	False	0.2	3.0	1.5	70	NA	NA	0.1	failed	early_stop_failed	4850	>46	46.528864645561626	-23	0.125488584787005
2527	1	0	1	0.1	1	False	0.2	3.0	2.0	70	NA	NA	0.1	failed	early_stop_failed	5100	>46	46.93128393338852	-25	0.08202048552521417
2528	1	0	1	0.1	1	False	0.2	3.0	3.0	70	NA	NA	0.1	failed	early_stop_failed	5200	>46	46.7790667883679	-22	0.1240085082868345
2529	1	0	1	0.1	1	False	0.2	3.0	5.0	70	NA	NA	0.1	failed	early_stop_failed	5500	>46	46.571108354885006	-22	0.14591734016599048
2530	1	0	1	0.1	1	False	0.2	3.5	1.1	70	NA	NA	0.1	failed	early_stop_failed	4950	>46	46.6079077854427	-22	0.11308621932248272
2531	1	0	1	0.1	1	False	0.2	3.5	1.5	70	NA	NA	0.1	failed	early_stop_failed	3900	>46	47.086328543695	-20	0.08142478929649954
2532	1	0	1	0.1	1	False	0.2	3.5	2.0	70	NA	NA	0.1	failed	early_stop_failed	5250	>46	46.72133220846858	-24	0.12411598444386372
2533	1	0	1	0.1	1	False	0.2	3.5	3.0	70	NA	NA	0.1	failed	early_stop_failed	4850	>46	47.01196950250605	-22	0.11257718671672158
2534	1	0	1	0.1	1	False	0.2	3.5	5.0	70	NA	NA	0.1	failed	early_stop_failed	4500	>46	46.77228132918116	-21	0.09825775388965022
2535	1	0	1	0.1	1	False	0.2	4.0	1.1	70	NA	NA	0.1	failed	early_stop_failed	5150	>46	46.47712872836764	-22	0.12572389336778655
2536	1	0	1	0.1	1	False	0.2	4.0	1.5	70	NA	NA	0.1	failed	early_stop_failed	5050	>46	46.70646369128409	-21	0.10065569234189319
2537	1	0	1	0.1	1	False	0.2	4.0	2.0	70	NA	NA	0.1	failed	early_stop_failed	5400	>46	46.516911299752245	-23	0.15362156694774598
2538	1	0	1	0.1	1	False	0.2	4.0	3.0	70	NA	NA	0.1	failed	early_stop_failed	5000	>46	46.737640898935815	-22	0.12452938033223827
2539	1	0	1	0.1	1	False	0.2	4.0	5.0	70	NA	NA	0.1	failed	early_stop_failed	4850	>46	46.66898630611092	-22	0.12663482869220652
2540	1	0	1	0.1	1	False	0.2	4.5	1.1	70	NA	NA	0.1	failed	early_stop_failed	3950	>46	47.143941985664824	-26	0.07450079926305637
2541	1	0	1	0.1	1	False	0.2	4.5	1.5	70	NA	NA	0.1	failed	early_stop_failed	4850	>46	46.73121882710221	-22	0.11867776274619964
2542	1	0	1	0.1	1	False	0.2	4.5	2.0	70	NA	NA	0.1	failed	early_stop_failed	4800	>46	46.67411382067026	-24	0.10909538933855037
2543	1	0	1	0.1	1	False	0.2	4.5	3.0	70	NA	NA	0.1	failed	early_stop_failed	4550	>46	46.65030239516681	-23	0.11860472377892703
2544	1	0	1	0.1	1	False	0.2	4.5	5.0	70	NA	NA	0.1	failed	early_stop_failed	5000	>46	46.39901118145888	-24	0.1377475194727382
2545	1	0	1	0.1	1	False	0.2	5.0	1.1	70	NA	NA	0.1	failed	early_stop_failed	4900	>46	46.75407978330224	-22	0.11367552495448165
2546	1	0	1	0.1	1	False	0.2	5.0	1.5	70	NA	NA	0.1	failed	early_stop_failed	5350	>46	46.435169772485416	-22	0.13536182597936
2547	1	0	1	0.1	1	False	0.2	5.0	2.0	70	NA	NA	0.1	failed	early_stop_failed	4700	>46	46.65555549891032	-22	0.11356280213719434
2548	1	0	1	0.1	1	False	0.2	5.0	3.0	70	NA	NA	0.1	failed	early_stop_failed	4500	>46	46.732398413445345	-22	0.11940758766816542
2549	1	0	1	0.1	1	False	0.2	5.0	5.0	70	NA	NA	0.1	failed	early_stop_failed	3850	>46	46.89006553841716	-23	0.11797264279001135
2550	1	0	1	0.1	1	False	0.25	3.0	1.1	70	NA	NA	0.1	extinct	population_extinct	100000	NA	NA	NA	NA
2551	1	0	1	0.1	1	False	0.25	3.0	1.5	70	NA	NA	0.1	failed	early_stop_failed	6150	>46	46.383561178606044	-24	0.13599134415132727
2552	1	0	1	0.1	1	False	0.25	3.0	2.0	70	NA	NA	0.1	failed	early_stop_failed	4800	>46	46.89584068355542	-20	0.10872827943981701
2553	1	0	1	0.1	1	False	0.25	3.0	3.0	70	NA	NA	0.1	failed	early_stop_failed	4900	>46	46.76025124387399	-21	0.10989300886144727
2554	1	0	1	0.1	1	False	0.25	3.0	5.0	70	NA	NA	0.1	failed	early_stop_failed	4950	>46	47.1378210220053	-22	0.09587599891791725
2555	1	0	1	0.1	1	False	0.25	3.5	1.1	70	NA	NA	0.1	extinct	population_extinct	100000	NA	43.42166045374379	NA	NA
2556	1	0	1	0.1	1	False	0.25	3.5	1.5	70	NA	NA	0.1	failed	early_stop_failed	4850	>46	46.63968157899493	-24	0.12171409400327057
2557	1	0	1	0.1	1	False	0.25	3.5	2.0	70	NA	NA	0.1	failed	early_stop_failed	5300	>46	46.56954066343366	-23	0.1163071073739221
2558	1	0	1	0.1	1	False	0.25	3.5	3.0	70	NA	NA	0.1	failed	early_stop_failed	4400	>46	46.988767247213694	-25	0.09294544006500993
2559	1	0	1	0.1	1	False	0.25	3.5	5.0	70	NA	NA	0.1	failed	early_stop_failed	5100	>46	46.65540090825117	-23	0.1271935785965599
2560	1	0	1	0.1	1	False	0.25	4.0	1.1	70	NA	NA	0.1	failed	early_stop_failed	5300	>46	46.63200142654484	-23	0.11073389827894159
2561	1	0	1	0.1	1	False	0.25	4.0	1.5	70	NA	NA	0.1	failed	early_stop_failed	5100	>46	46.54004283967674	-23	0.11585811388976268
2562	1	0	1	0.1	1	False	0.25	4.0	2.0	70	NA	NA	0.1	failed	early_stop_failed	5250	>46	46.58775550336941	-24	0.12219902146016066
2563	1	0	1	0.1	1	False	0.25	4.0	3.0	70	NA	NA	0.1	failed	early_stop_failed	5150	>46	46.56629884463914	-22	0.1253851235780897
2564	1	0	1	0.1	1	False	0.25	4.0	5.0	70	NA	NA	0.1	failed	early_stop_failed	5000	>46	46.697449637217666	-23	0.15155985104792466
2565	1	0	1	0.1	1	False	0.25	4.5	1.1	70	NA	NA	0.1	failed	early_stop_failed	5150	>46	46.72566684182768	-22	0.1348552975647205
2566	1	0	1	0.1	1	False	0.25	4.5	1.5	70	NA	NA	0.1	failed	early_stop_failed	4950	>46	46.86319507602965	-22	0.11851157880361232
2567	1	0	1	0.1	1	False	0.25	4.5	2.0	70	NA	NA	0.1	failed	early_stop_failed	5050	>46	46.498883319658695	-22	0.11647309387668298
2568	1	0	1	0.1	1	False	0.25	4.5	3.0	70	NA	NA	0.1	failed	early_stop_failed	5150	>46	46.67573107069352	-24	0.10254640885910496
2569	1	0	1	0.1	1	False	0.25	4.5	5.0	70	NA	NA	0.1	failed	early_stop_failed	4150	>46	47.03374392730139	-22	0.10581361526658808
2570	1	0	1	0.1	1	False	0.25	5.0	1.1	70	NA	NA	0.1	failed	early_stop_failed	5000	>46	46.90896028668387	-23	0.11679712393763092
2571	1	0	1	0.1	1	False	0.25	5.0	1.5	70	NA	NA	0.1	failed	early_stop_failed	4700	>46	46.68541205604584	-22	0.13913061589426287
2572	1	0	1	0.1	1	False	0.25	5.0	2.0	70	NA	NA	0.1	failed	early_stop_failed	4650	>46	46.964306548386624	-22	0.11673252132078404
2573	1	0	1	0.1	1	False	0.25	5.0	3.0	70	NA	NA	0.1	failed	early_stop_failed	3950	>46	46.91803865008996	-23	0.10898788154319343
2574	1	0	1	0.1	1	False	0.25	5.0	5.0	70	NA	NA	0.1	failed	early_stop_failed	4450	>46	46.84457068718093	-23	0.12193975858582062
2575	1	0	1	0.1	1	False	0.3	3.0	1.1	70	NA	NA	0.1	extinct	population_extinct	100000	NA	NA	NA	NA
2576	1	0	1	0.1	1	False	0.3	3.0	1.5	70	NA	NA	0.1	extinct	population_extinct	100000	NA	40.25395833333333	NA	NA
2577	1	0	1	0.1	1	False	0.3	3.0	2.0	70	NA	NA	0.1	failed	early_stop_failed	5300	>46	46.6184257043254	-23	0.11559622916872461
2578	1	0	1	0.1	1	False	0.3	3.0	3.0	70	NA	NA	0.1	failed	early_stop_failed	4850	>46	46.8883158890332	-21	0.1002620868992319
2579	1	0	1	0.1	1	False	0.3	3.0	5.0	70	NA	NA	0.1	failed	early_stop_failed	4850	>46	46.78049245187427	-22	0.13003303427669358
2580	1	0	1	0.1	1	False	0.3	3.5	1.1	70	NA	NA	0.1	extinct	population_extinct	100000	NA	NA	NA	NA
2581	1	0	1	0.1	1	False	0.3	3.5	1.5	70	NA	NA	0.1	failed	early_stop_failed	4600	>46	46.467102795709025	-22	0.11629692593458138
2582	1	0	1	0.1	1	False	0.3	3.5	2.0	70	NA	NA	0.1	failed	early_stop_failed	5600	>46	46.61989731150727	-23	0.12668517431936815
2583	1	0	1	0.1	1	False	0.3	3.5	3.0	70	NA	NA	0.1	failed	early_stop_failed	4500	>46	46.69638272545001	-23	0.1152941241503285
2584	1	0	1	0.1	1	False	0.3	3.5	5.0	70	NA	NA	0.1	failed	early_stop_failed	5100	>46	46.67637976741971	-22	0.11200207214310395
2585	1	0	1	0.1	1	False	0.3	4.0	1.1	70	NA	NA	0.1	failed	early_stop_failed	5150	>46	46.697653455207245	-22	0.11785750179981322
2586	1	0	1	0.1	1	False	0.3	4.0	1.5	70	NA	NA	0.1	failed	early_stop_failed	4700	>46	46.633659297504316	-23	0.10977386581574225
2587	1	0	1	0.1	1	False	0.3	4.0	2.0	70	NA	NA	0.1	failed	early_stop_failed	5550	>46	46.68427619719119	-24	0.11142436996917901
2588	1	0	1	0.1	1	False	0.3	4.0	3.0	70	NA	NA	0.1	failed	early_stop_failed	5300	>46	46.621053706570166	-22	0.11533923757920572
2589	1	0	1	0.1	1	False	0.3	4.0	5.0	70	NA	NA	0.1	failed	early_stop_failed	4850	>46	46.723702853362035	-21	0.10750617852392792
2590	1	0	1	0.1	1	False	0.3	4.5	1.1	70	NA	NA	0.1	failed	early_stop_failed	4900	>46	46.48817101780176	-21	0.1279180712343802
2591	1	0	1	0.1	1	False	0.3	4.5	1.5	70	NA	NA	0.1	failed	early_stop_failed	4600	>46	46.71952633628972	-23	0.09855481796089155
2592	1	0	1	0.1	1	False	0.3	4.5	2.0	70	NA	NA	0.1	failed	early_stop_failed	5100	>46	46.38895763173331	-25	0.10377341585436044
2593	1	0	1	0.1	1	False	0.3	4.5	3.0	70	NA	NA	0.1	failed	early_stop_failed	4800	>46	46.757341605659285	-23	0.09813379035683317
2594	1	0	1	0.1	1	False	0.3	4.5	5.0	70	NA	NA	0.1	failed	early_stop_failed	5350	>46	46.65638317037184	-23	0.14563815062030971
2595	1	0	1	0.1	1	False	0.3	5.0	1.1	70	NA	NA	0.1	failed	early_stop_failed	5300	>46	46.59857128466033	-24	0.10886295051116025
2596	1	0	1	0.1	1	False	0.3	5.0	1.5	70	NA	NA	0.1	failed	early_stop_failed	4400	>46	46.80722526280358	-24	0.11101098024759304
2597	1	0	1	0.1	1	False	0.3	5.0	2.0	70	NA	NA	0.1	failed	early_stop_failed	4450	>46	46.980078645632396	-24	0.1098000390073822
2598	1	0	1	0.1	1	False	0.3	5.0	3.0	70	NA	NA	0.1	failed	early_stop_failed	4700	>46	46.848706519857146	-21	0.10868609450628297
2599	1	0	1	0.1	1	False	0.3	5.0	5.0	70	NA	NA	0.1	failed	early_stop_failed	4800	>46	46.773241552726454	-21	0.12492585466389558
2600	1	0	1	0.1	1	False	0.35	3.0	1.1	70	NA	NA	0.1	extinct	population_extinct	100000	NA	NA	NA	NA
2601	1	0	1	0.1	1	False	0.35	3.0	1.5	70	NA	NA	0.1	extinct	population_extinct	100000	NA	NA	NA	NA
2602	1	0	1	0.1	1	False	0.35	3.0	2.0	70	NA	NA	0.1	failed	early_stop_failed	4900	>46	46.3933468602893	-23	0.1332336718183416
2603	1	0	1	0.1	1	False	0.35	3.0	3.0	70	NA	NA	0.1	failed	early_stop_failed	4950	>46	46.99320242394641	-22	0.09365508989015275
2604	1	0	1	0.1	1	False	0.35	3.0	5.0	70	NA	NA	0.1	failed	early_stop_failed	4600	>46	46.77884866833415	-21	0.12885240270438753
2605	1	0	1	0.1	1	False	0.35	3.5	1.1	70	NA	NA	0.1	extinct	population_extinct	100000	NA	NA	NA	NA
2606	1	0	1	0.1	1	False	0.35	3.5	1.5	70	NA	NA	0.1	failed	early_stop_failed	5350	>46	46.760785191121315	-23	0.10672534038900451
2607	1	0	1	0.1	1	False	0.35	3.5	2.0	70	NA	NA	0.1	failed	early_stop_failed	5350	>46	46.619723982042125	-24	0.11373894473918009
2608	1	0	1	0.1	1	False	0.35	3.5	3.0	70	NA	NA	0.1	failed	early_stop_failed	4850	>46	46.74807856343387	-24	0.11254366529319994
2609	1	0	1	0.1	1	False	0.35	3.5	5.0	70	NA	NA	0.1	failed	early_stop_failed	4650	>46	46.886520868280556	-24	0.0785070661254058
2610	1	0	1	0.1	1	False	0.35	4.0	1.1	70	NA	NA	0.1	extinct	population_extinct	100000	NA	40.162870945479646	NA	NA
2611	1	0	1	0.1	1	False	0.35	4.0	1.5	70	NA	NA	0.1	failed	early_stop_failed	4750	>46	46.80884829663972	-23	0.10239308923348364
2612	1	0	1	0.1	1	False	0.35	4.0	2.0	70	NA	NA	0.1	failed	early_stop_failed	5650	>46	46.895679410628375	-23	0.10641850883577465
2613	1	0	1	0.1	1	False	0.35	4.0	3.0	70	NA	NA	0.1	failed	early_stop_failed	4850	>46	46.73666995115849	-25	0.12843784350573006
2614	1	0	1	0.1	1	False	0.35	4.0	5.0	70	NA	NA	0.1	failed	early_stop_failed	4850	>46	46.846036780340505	-23	0.10159975012146555
2615	1	0	1	0.1	1	False	0.35	4.5	1.1	70	NA	NA	0.1	failed	early_stop_failed	4900	>46	46.7905183968653	-24	0.095712103743929
2616	1	0	1	0.1	1	False	0.35	4.5	1.5	70	NA	NA	0.1	failed	early_stop_failed	5350	>46	46.51211082361018	-22	0.12300569645513713
2617	1	0	1	0.1	1	False	0.35	4.5	2.0	70	NA	NA	0.1	failed	early_stop_failed	5350	>46	46.473725843383164	-22	0.13136539741199882
2618	1	0	1	0.1	1	False	0.35	4.5	3.0	70	NA	NA	0.1	failed	early_stop_failed	4650	>46	46.8709533356363	-22	0.1193024916709453
2619	1	0	1	0.1	1	False	0.35	4.5	5.0	70	NA	NA	0.1	failed	early_stop_failed	5500	>46	46.47223375557814	-23	0.15195964146448537
2620	1	0	1	0.1	1	False	0.35	5.0	1.1	70	NA	NA	0.1	failed	early_stop_failed	5100	>46	46.622847821917084	-22	0.11036781029781687
2621	1	0	1	0.1	1	False	0.35	5.0	1.5	70	NA	NA	0.1	failed	early_stop_failed	5150	>46	46.50470901396194	-24	0.11763255438189335
2622	1	0	1	0.1	1	False	0.35	5.0	2.0	70	NA	NA	0.1	failed	early_stop_failed	4650	>46	46.65185127358224	-23	0.12716365780954791
2623	1	0	1	0.1	1	False	0.35	5.0	3.0	70	NA	NA	0.1	failed	early_stop_failed	4000	>46	47.01509481878695	-20	0.11336611687946023
2624	1	0	1	0.1	1	False	0.35	5.0	5.0	70	NA	NA	0.1	failed	early_stop_failed	4950	>46	46.40442416426696	-23	0.150806389947146
2625	1	1	1	0.1	1	False	0.15	3.0	1.1	70	0.008	30.0	0.1	extinct	population_extinct	100000	NA	41.142693955283264	NA	NA
2626	1	1	1	0.1	1	False	0.15	3.0	1.5	70	0.008	30.0	0.1	succeed	early_stop_succeed	5350	41.690613418776074	41.6481140736649	-28	0.15587528833681583
2627	1	1	1	0.1	1	False	0.15	3.0	2.0	70	0.008	30.0	0.1	succeed	early_stop_succeed	2550	40.65190051288447	40.68410174599007	-30	0.17468262544430213
2628	1	1	1	0.1	1	False	0.15	3.0	3.0	70	0.008	30.0	0.1	succeed	early_stop_succeed	7800	43.72887073697657	43.7322428174115	-26	0.10872660774584561
2629	1	1	1	0.1	1	False	0.15	3.0	5.0	70	0.008	30.0	0.1	succeed	early_stop_succeed	6000	43.07003041504348	43.07754458564728	-28	0.12667492595352825
2630	1	1	1	0.1	1	False	0.15	3.5	1.1	70	0.008	30.0	0.1	succeed	early_stop_succeed	2350	40.44899798349625	40.448562226708034	-30	0.19825633278961188
2631	1	1	1	0.1	1	False	0.15	3.5	1.5	70	0.008	30.0	0.1	succeed	early_stop_succeed	4200	41.57302598569022	41.55349090101859	-28	0.1391416698124372
2632	1	1	1	0.1	1	False	0.15	3.5	2.0	70	0.008	30.0	0.1	succeed	early_stop_succeed	7600	43.356105500589294	43.385540593805516	-28	0.12077546578946338
2633	1	1	1	0.1	1	False	0.15	3.5	3.0	70	0.008	30.0	0.1	succeed	early_stop_succeed	7750	44.09968152211894	44.17146349191478	-24	0.10299453504788765
2634	1	1	1	0.1	1	False	0.15	3.5	5.0	70	0.008	30.0	0.1	succeed	early_stop_succeed	7300	44.0815207713935	44.16499904853181	-26	0.1368548047388074
2635	1	1	1	0.1	1	False	0.15	4.0	1.1	70	0.008	30.0	0.1	succeed	early_stop_succeed	2700	40.7328887883221	40.75138428229635	-30	0.19167572024359789
2636	1	1	1	0.1	1	False	0.15	4.0	1.5	70	0.008	30.0	0.1	succeed	early_stop_succeed	5700	42.477070295912455	42.51158111650977	-28	0.13940867075305227
2637	1	1	1	0.1	1	False	0.15	4.0	2.0	70	0.008	30.0	0.1	succeed	early_stop_succeed	7100	43.416766661570726	43.416265306510205	-28	0.11878948506960048
2638	1	1	1	0.1	1	False	0.15	4.0	3.0	70	0.008	30.0	0.1	succeed	early_stop_succeed	6450	44.547148829274136	44.572839233112475	-25	0.11806102099377329
2639	1	1	1	0.1	1	False	0.15	4.0	5.0	70	0.008	30.0	0.1	succeed	early_stop_succeed	6300	44.570033198595446	44.56410874545653	-26	0.13672718595896233
2640	1	1	1	0.1	1	False	0.15	4.5	1.1	70	0.008	30.0	0.1	succeed	early_stop_succeed	4750	42.13310259925853	42.12289254285744	-27	0.12478867095104022
2641	1	1	1	0.1	1	False	0.15	4.5	1.5	70	0.008	30.0	0.1	succeed	early_stop_succeed	6950	43.823663360968276	43.83927710396027	-26	0.11766818389379832
2642	1	1	1	0.1	1	False	0.15	4.5	2.0	70	0.008	30.0	0.1	succeed	early_stop_succeed	7150	44.56943847314109	44.54545954862281	-25	0.11190269374595645
2643	1	1	1	0.1	1	False	0.15	4.5	3.0	70	0.008	30.0	0.1	succeed	early_stop_succeed	5650	43.59480452959887	43.64044665493734	-27	0.13674089620644161
2644	1	1	1	0.1	1	False	0.15	4.5	5.0	70	0.008	30.0	0.1	failed	early_stop_failed	9300	>46	46.140190429435094	-24	0.13603998388848734
2645	1	1	1	0.1	1	False	0.15	5.0	1.1	70	0.008	30.0	0.1	succeed	early_stop_succeed	6800	43.39080835584208	43.428691809005606	-28	0.13607224566132314
2646	1	1	1	0.1	1	False	0.15	5.0	1.5	70	0.008	30.0	0.1	succeed	early_stop_succeed	6950	43.8962926261602	43.98013052404306	-24	0.118176517232859
2647	1	1	1	0.1	1	False	0.15	5.0	2.0	70	0.008	30.0	0.1	failed	early_stop_failed	9200	>46	46.366649284329895	-23	0.11271140449940624
2648	1	1	1	0.1	1	False	0.15	5.0	3.0	70	0.008	30.0	0.1	failed	early_stop_failed	9100	>46	46.29894235281551	-23	0.12802617576782224
2649	1	1	1	0.1	1	False	0.15	5.0	5.0	70	0.008	30.0	0.1	succeed	early_stop_succeed	7800	45.447373184905935	45.43947169806808	-27	0.11020623821878017
2650	1	1	1	0.1	1	False	0.2	3.0	1.1	70	0.008	30.0	0.1	extinct	population_extinct	100000	NA	NA	NA	NA
2651	1	1	1	0.1	1	False	0.2	3.0	1.5	70	0.008	30.0	0.1	extinct	population_extinct	100000	NA	40.00095111393661	NA	NA
2652	1	1	1	0.1	1	False	0.2	3.0	2.0	70	0.008	30.0	0.1	succeed	early_stop_succeed	2350	40.30667024238521	40.29009216408666	-30	0.18981315495055237
2653	1	1	1	0.1	1	False	0.2	3.0	3.0	70	0.008	30.0	0.1	succeed	early_stop_succeed	2000	40.30127912981391	40.31883412023115	-30	0.21709738978211068
2654	1	1	1	0.1	1	False	0.2	3.0	5.0	70	0.008	30.0	0.1	succeed	early_stop_succeed	8050	43.67462792956628	43.65378739446742	-26	0.12691729976907
2655	1	1	1	0.1	1	False	0.2	3.5	1.1	70	0.008	30.0	0.1	extinct	population_extinct	100000	NA	40.37552361221369	NA	NA
2656	1	1	1	0.1	1	False	0.2	3.5	1.5	70	0.008	30.0	0.1	succeed	early_stop_succeed	2950	40.717499782994366	40.74033243210426	-29	0.16103565234199993
2657	1	1	1	0.1	1	False	0.2	3.5	2.0	70	0.008	30.0	0.1	succeed	early_stop_succeed	3900	41.52626603196765	41.54490203725471	-28	0.15172210627390695
2658	1	1	1	0.1	1	False	0.2	3.5	3.0	70	0.008	30.0	0.1	succeed	early_stop_succeed	7600	44.517480101240565	44.511707161775284	-24	0.10781289782367326
2659	1	1	1	0.1	1	False	0.2	3.5	5.0	70	0.008	30.0	0.1	succeed	early_stop_succeed	6650	43.745419159866486	43.76540548835456	-26	0.11840014245995485
2660	1	1	1	0.1	1	False	0.2	4.0	1.1	70	0.008	30.0	0.1	succeed	early_stop_succeed	5000	41.547482588616994	41.50327515351037	-29	0.14072635072174638
2661	1	1	1	0.1	1	False	0.2	4.0	1.5	70	0.008	30.0	0.1	succeed	early_stop_succeed	6250	43.058879698213744	43.001827740235186	-28	0.10602641423094632
2662	1	1	1	0.1	1	False	0.2	4.0	2.0	70	0.008	30.0	0.1	succeed	early_stop_succeed	4400	41.93597279515821	41.918285641941225	-28	0.1309262234904657
2663	1	1	1	0.1	1	False	0.2	4.0	3.0	70	0.008	30.0	0.1	succeed	early_stop_succeed	8350	45.02845547306395	45.0574806396111	-26	0.10811197040376726
2664	1	1	1	0.1	1	False	0.2	4.0	5.0	70	0.008	30.0	0.1	succeed	early_stop_succeed	8450	45.315040912447245	45.32770813429589	-25	0.10372002213807374
2665	1	1	1	0.1	1	False	0.2	4.5	1.1	70	0.008	30.0	0.1	succeed	early_stop_succeed	2050	40.3241644638209	40.29464072345523	-30	0.20849199269614116
2666	1	1	1	0.1	1	False	0.2	4.5	1.5	70	0.008	30.0	0.1	succeed	early_stop_succeed	5150	42.24416911753348	42.25993749639392	-28	0.11847569706389613
2667	1	1	1	0.1	1	False	0.2	4.5	2.0	70	0.008	30.0	0.1	succeed	early_stop_succeed	8950	44.86323866251232	44.907357218743634	-26	0.11286790586873315
2668	1	1	1	0.1	1	False	0.2	4.5	3.0	70	0.008	30.0	0.1	succeed	early_stop_succeed	9000	45.45019261242552	45.47142571450782	-24	0.11602020617736601
2669	1	1	1	0.1	1	False	0.2	4.5	5.0	70	0.008	30.0	0.1	succeed	early_stop_succeed	6700	44.93389026389097	44.93410284768277	-26	0.14127179355199812
2670	1	1	1	0.1	1	False	0.2	5.0	1.1	70	0.008	30.0	0.1	succeed	early_stop_succeed	6750	42.9877880584929	42.95924217871712	-26	0.12354673175360466
2671	1	1	1	0.1	1	False	0.2	5.0	1.5	70	0.008	30.0	0.1	succeed	early_stop_succeed	5850	43.45021136741662	43.42002278806848	-28	0.12527583468502507
2672	1	1	1	0.1	1	False	0.2	5.0	2.0	70	0.008	30.0	0.1	succeed	early_stop_succeed	8900	45.265940840842795	45.250683843185186	-25	0.126586293149534
2673	1	1	1	0.1	1	False	0.2	5.0	3.0	70	0.008	30.0	0.1	succeed	early_stop_succeed	6450	44.45988151477247	44.42644129846079	-26	0.13973802687025685
2674	1	1	1	0.1	1	False	0.2	5.0	5.0	70	0.008	30.0	0.1	succeed	early_stop_succeed	6950	45.27087174148398	45.249468786545336	-26	0.12105006190861164
2675	1	1	1	0.1	1	False	0.25	3.0	1.1	70	0.008	30.0	0.1	extinct	population_extinct	100000	NA	NA	NA	NA
2676	1	1	1	0.1	1	False	0.25	3.0	1.5	70	0.008	30.0	0.1	extinct	population_extinct	100000	NA	NA	NA	NA
2677	1	1	1	0.1	1	False	0.25	3.0	2.0	70	0.008	30.0	0.1	succeed	early_stop_succeed	2900	40.692916852286814	40.68194496407755	-30	0.1871479801950272
2678	1	1	1	0.1	1	False	0.25	3.0	3.0	70	0.008	30.0	0.1	succeed	early_stop_succeed	2150	40.352726017127736	40.329567910337644	-30	0.23907459926809174
2679	1	1	1	0.1	1	False	0.25	3.0	5.0	70	0.008	30.0	0.1	succeed	early_stop_succeed	2900	40.58480842609704	40.58192076098701	-29	0.17212691948077818
2680	1	1	1	0.1	1	False	0.25	3.5	1.1	70	0.008	30.0	0.1	extinct	population_extinct	100000	NA	NA	NA	NA
2681	1	1	1	0.1	1	False	0.25	3.5	1.5	70	0.008	30.0	0.1	succeed	early_stop_succeed	2700	40.421500433632666	40.47583063134036	-30	0.1838225617085234
2682	1	1	1	0.1	1	False	0.25	3.5	2.0	70	0.008	30.0	0.1	succeed	early_stop_succeed	2100	40.294967335314915	40.283279923409786	-30	0.23389206457705367
2683	1	1	1	0.1	1	False	0.25	3.5	3.0	70	0.008	30.0	0.1	succeed	early_stop_succeed	8950	44.960576321073034	45.055183750350906	-27	0.10961581670794646
2684	1	1	1	0.1	1	False	0.25	3.5	5.0	70	0.008	30.0	0.1	succeed	early_stop_succeed	8850	44.85035836276396	44.88582263869755	-25	0.11436411736080394
2685	1	1	1	0.1	1	False	0.25	4.0	1.1	70	0.008	30.0	0.1	succeed	early_stop_succeed	2050	40.120530793215856	40.134103725739735	-30	0.27225115230936003
2686	1	1	1	0.1	1	False	0.25	4.0	1.5	70	0.008	30.0	0.1	succeed	early_stop_succeed	5750	42.2318513158125	42.26068945781178	-28	0.14451933628749014
2687	1	1	1	0.1	1	False	0.25	4.0	2.0	70	0.008	30.0	0.1	succeed	early_stop_succeed	3650	41.42395990447679	41.426792563476646	-30	0.15072111771552157
2688	1	1	1	0.1	1	False	0.25	4.0	3.0	70	0.008	30.0	0.1	succeed	early_stop_succeed	8400	45.58352299273305	45.56750194423339	-24	0.1308313636977914
2689	1	1	1	0.1	1	False	0.25	4.0	5.0	70	0.008	30.0	0.1	succeed	early_stop_succeed	6300	44.14647565770991	44.19128700289148	-26	0.13829273029249092
2690	1	1	1	0.1	1	False	0.25	4.5	1.1	70	0.008	30.0	0.1	succeed	early_stop_succeed	6600	42.541768180459314	42.57753138084562	-28	0.13451795919694073
2691	1	1	1	0.1	1	False	0.25	4.5	1.5	70	0.008	30.0	0.1	succeed	early_stop_succeed	2950	40.76857658586978	40.76386937953082	-30	0.17933465647272073
2692	1	1	1	0.1	1	False	0.25	4.5	2.0	70	0.008	30.0	0.1	succeed	early_stop_succeed	5450	42.614339083855675	42.64939645597217	-28	0.15114952479073332
2693	1	1	1	0.1	1	False	0.25	4.5	3.0	70	0.008	30.0	0.1	succeed	early_stop_succeed	5600	43.47598477529331	43.51651937210729	-27	0.1419089115994217
2694	1	1	1	0.1	1	False	0.25	4.5	5.0	70	0.008	30.0	0.1	succeed	early_stop_succeed	4700	43.65272777748772	43.646160880533564	-28	0.15221494004969433
2695	1	1	1	0.1	1	False	0.25	5.0	1.1	70	0.008	30.0	0.1	succeed	early_stop_succeed	5200	41.78052486303814	41.84241641510287	-30	0.11559097276619018
2696	1	1	1	0.1	1	False	0.25	5.0	1.5	70	0.008	30.0	0.1	succeed	early_stop_succeed	6950	43.906669890620606	43.884706952766756	-25	0.10986315767544848
2697	1	1	1	0.1	1	False	0.25	5.0	2.0	70	0.008	30.0	0.1	succeed	early_stop_succeed	6550	43.93444249022465	43.966290808948294	-27	0.12186639873957418
2698	1	1	1	0.1	1	False	0.25	5.0	3.0	70	0.008	30.0	0.1	failed	early_stop_failed	8600	>46	46.326855527573024	-24	0.09383806464737664
2699	1	1	1	0.1	1	False	0.25	5.0	5.0	70	0.008	30.0	0.1	succeed	early_stop_succeed	4950	43.714620518852726	43.72036763139271	-26	0.12620383573840047
2700	1	1	1	0.1	1	False	0.3	3.0	1.1	70	0.008	30.0	0.1	extinct	population_extinct	100000	NA	NA	NA	NA
2701	1	1	1	0.1	1	False	0.3	3.0	1.5	70	0.008	30.0	0.1	extinct	population_extinct	100000	NA	NA	NA	NA
2702	1	1	1	0.1	1	False	0.3	3.0	2.0	70	0.008	30.0	0.1	succeed	early_stop_succeed	2350	40.159818869854604	40.16003259688118	-30	0.25075735565342955
2703	1	1	1	0.1	1	False	0.3	3.0	3.0	70	0.008	30.0	0.1	succeed	early_stop_succeed	2900	40.484167998901796	40.47242765126494	-30	0.20827881423413427
2704	1	1	1	0.1	1	False	0.3	3.0	5.0	70	0.008	30.0	0.1	succeed	early_stop_succeed	2050	40.254264675380725	40.28389726660536	-30	0.23215872530919618
2705	1	1	1	0.1	1	False	0.3	3.5	1.1	70	0.008	30.0	0.1	extinct	population_extinct	100000	NA	NA	NA	NA
2706	1	1	1	0.1	1	False	0.3	3.5	1.5	70	0.008	30.0	0.1	succeed	early_stop_succeed	2050	39.91034606407975	39.81934868606229	-29	0.19037370059738176
2707	1	1	1	0.1	1	False	0.3	3.5	2.0	70	0.008	30.0	0.1	succeed	early_stop_succeed	2000	40.14877789459335	40.15871098348495	-30	0.20803150331550996
2708	1	1	1	0.1	1	False	0.3	3.5	3.0	70	0.008	30.0	0.1	succeed	early_stop_succeed	2000	40.3014370226975	40.28696259994425	-30	0.2161023391954747
2709	1	1	1	0.1	1	False	0.3	3.5	5.0	70	0.008	30.0	0.1	succeed	early_stop_succeed	5700	42.79562842968622	42.85271217937894	-27	0.11059035968212347
2710	1	1	1	0.1	1	False	0.3	4.0	1.1	70	0.008	30.0	0.1	extinct	population_extinct	100000	NA	40.78420117684037	NA	NA
2711	1	1	1	0.1	1	False	0.3	4.0	1.5	70	0.008	30.0	0.1	succeed	early_stop_succeed	2450	40.53152843919339	40.53488345746207	-30	0.20863772326642427
2712	1	1	1	0.1	1	False	0.3	4.0	2.0	70	0.008	30.0	0.1	succeed	early_stop_succeed	3300	40.80296477405744	40.77750447575948	-30	0.1477529511450008
2713	1	1	1	0.1	1	False	0.3	4.0	3.0	70	0.008	30.0	0.1	succeed	early_stop_succeed	7550	43.80470062666625	43.81119653712965	-25	0.1461776060540182
2714	1	1	1	0.1	1	False	0.3	4.0	5.0	70	0.008	30.0	0.1	succeed	early_stop_succeed	7550	44.81220414719357	44.806873800197344	-26	0.11783724483028882
2715	1	1	1	0.1	1	False	0.3	4.5	1.1	70	0.008	30.0	0.1	succeed	early_stop_succeed	2200	40.288772526281555	40.24779048174549	-30	0.19618320065256306
2716	1	1	1	0.1	1	False	0.3	4.5	1.5	70	0.008	30.0	0.1	succeed	early_stop_succeed	2300	40.68617795933356	40.6919358939989	-30	0.22229179538916022
2717	1	1	1	0.1	1	False	0.3	4.5	2.0	70	0.008	30.0	0.1	succeed	early_stop_succeed	4200	41.87868629277555	41.82662218823123	-29	0.16232194217231743
2718	1	1	1	0.1	1	False	0.3	4.5	3.0	70	0.008	30.0	0.1	succeed	early_stop_succeed	4650	42.97815213116513	42.983884102722904	-27	0.1532866035092916
2719	1	1	1	0.1	1	False	0.3	4.5	5.0	70	0.008	30.0	0.1	failed	early_stop_failed	8950	>46	46.22855578083268	-24	0.13557864304649925
2720	1	1	1	0.1	1	False	0.3	5.0	1.1	70	0.008	30.0	0.1	succeed	early_stop_succeed	2200	40.40991278440388	40.444732551364346	-30	0.23662735946812002
2721	1	1	1	0.1	1	False	0.3	5.0	1.5	70	0.008	30.0	0.1	succeed	early_stop_succeed	5150	42.22326550446081	42.260876253462705	-28	0.1362221877916745
2722	1	1	1	0.1	1	False	0.3	5.0	2.0	70	0.008	30.0	0.1	succeed	early_stop_succeed	9650	45.93782837045949	45.9660622978678	-25	0.1012422187206522
2723	1	1	1	0.1	1	False	0.3	5.0	3.0	70	0.008	30.0	0.1	failed	early_stop_failed	10300	46.07898878453884	46.0794427468305	-25	0.12115653133644232
2724	1	1	1	0.1	1	False	0.3	5.0	5.0	70	0.008	30.0	0.1	succeed	early_stop_succeed	8500	45.80450421953649	45.832300214331056	-25	0.1293500992371176
2725	1	1	1	0.1	1	False	0.35	3.0	1.1	70	0.008	30.0	0.1	extinct	population_extinct	100000	NA	NA	NA	NA
2726	1	1	1	0.1	1	False	0.35	3.0	1.5	70	0.008	30.0	0.1	extinct	population_extinct	100000	NA	NA	NA	NA
2727	1	1	1	0.1	1	False	0.35	3.0	2.0	70	0.008	30.0	0.1	extinct	population_extinct	100000	NA	38.5	NA	NA
2728	1	1	1	0.1	1	False	0.35	3.0	3.0	70	0.008	30.0	0.1	succeed	early_stop_succeed	2400	40.44746642147591	40.469261422222104	-30	0.2009502860540027
2729	1	1	1	0.1	1	False	0.35	3.0	5.0	70	0.008	30.0	0.1	succeed	early_stop_succeed	4750	41.35945074816018	41.39055204179681	-29	0.12519480172523628
2730	1	1	1	0.1	1	False	0.35	3.5	1.1	70	0.008	30.0	0.1	extinct	population_extinct	100000	NA	NA	NA	NA
2731	1	1	1	0.1	1	False	0.35	3.5	1.5	70	0.008	30.0	0.1	extinct	population_extinct	100000	NA	41.290480855035085	NA	NA
2732	1	1	1	0.1	1	False	0.35	3.5	2.0	70	0.008	30.0	0.1	succeed	early_stop_succeed	2450	40.371335965608715	40.34304161541852	-30	0.18046510901322965
2733	1	1	1	0.1	1	False	0.35	3.5	3.0	70	0.008	30.0	0.1	succeed	early_stop_succeed	2250	40.03585110877525	39.99569009888581	-30	0.2318952223309656
2734	1	1	1	0.1	1	False	0.35	3.5	5.0	70	0.008	30.0	0.1	succeed	early_stop_succeed	7850	43.974287534135435	43.989945151212886	-26	0.1320652375094229
2735	1	1	1	0.1	1	False	0.35	4.0	1.1	70	0.008	30.0	0.1	extinct	population_extinct	100000	NA	NA	NA	NA
2736	1	1	1	0.1	1	False	0.35	4.0	1.5	70	0.008	30.0	0.1	succeed	early_stop_succeed	2100	40.180801625152775	40.167314645242264	-30	0.23276710419755398
2737	1	1	1	0.1	1	False	0.35	4.0	2.0	70	0.008	30.0	0.1	succeed	early_stop_succeed	5050	41.97677914348339	41.98314347837172	-30	0.12017113277621441
2738	1	1	1	0.1	1	False	0.35	4.0	3.0	70	0.008	30.0	0.1	succeed	early_stop_succeed	4600	42.12408021478245	42.148381900915126	-28	0.17769722477883973
2739	1	1	1	0.1	1	False	0.35	4.0	5.0	70	0.008	30.0	0.1	succeed	early_stop_succeed	8750	45.02860329018881	45.053742779710085	-24	0.11463523043426072
2740	1	1	1	0.1	1	False	0.35	4.5	1.1	70	0.008	30.0	0.1	succeed	early_stop_succeed	2000	39.94145916527329	39.94736129607613	-30	0.2451296240407107
2741	1	1	1	0.1	1	False	0.35	4.5	1.5	70	0.008	30.0	0.1	succeed	early_stop_succeed	4650	41.90726040185957	41.93804661453822	-28	0.13216398606169108
2742	1	1	1	0.1	1	False	0.35	4.5	2.0	70	0.008	30.0	0.1	succeed	early_stop_succeed	5350	42.92077276222417	42.954482208872356	-26	0.11868291098717741
2743	1	1	1	0.1	1	False	0.35	4.5	3.0	70	0.008	30.0	0.1	succeed	early_stop_succeed	7950	45.34843745371336	45.38254310852313	-25	0.13027990422520647
2744	1	1	1	0.1	1	False	0.35	4.5	5.0	70	0.008	30.0	0.1	succeed	early_stop_succeed	6750	44.936607576608246	44.94451431653615	-25	0.1498217304427563
2745	1	1	1	0.1	1	False	0.35	5.0	1.1	70	0.008	30.0	0.1	succeed	early_stop_succeed	3350	41.027543816696635	41.035406839742734	-30	0.1735489617890292
2746	1	1	1	0.1	1	False	0.35	5.0	1.5	70	0.008	30.0	0.1	succeed	early_stop_succeed	8400	43.776028381499124	43.819944470644494	-27	0.12736715495666126
2747	1	1	1	0.1	1	False	0.35	5.0	2.0	70	0.008	30.0	0.1	succeed	early_stop_succeed	4400	42.66748139990902	42.64832408675897	-26	0.14027635405188216
2748	1	1	1	0.1	1	False	0.35	5.0	3.0	70	0.008	30.0	0.1	succeed	early_stop_succeed	5100	43.77439481177027	43.78752043535756	-27	0.13428189567540127
2749	1	1	1	0.1	1	False	0.35	5.0	5.0	70	0.008	30.0	0.1	succeed	early_stop_succeed	6100	44.51300908188513	44.54312464344937	-26	0.1213223953931901
