run_idx	sib_mortality	maternal_age_effect	mat_mortality	attenuation_cutoff	if_epi	if_invasion	k_s	x0_s	L_s	max_age	maternal_age_effect_quadratic_term	maternal_age_effect_vertex_x	epi_h	status	stop_reason	final_year	menopause_age_report	menopause_age_mean	dominant_allele	dominant_allele_frequency
0	0	0	0	NA	0	False	NA	NA	NA	70	NA	NA	NA	failed	early_stop_failed	4400	>46	46.82835694271037	-22	0.16180823364475472
1	0	0	0	NA	0	False	NA	NA	NA	70	NA	NA	NA	failed	early_stop_failed	4800	>46	46.64752902013708	-21	0.13758277029099278
2	0	0	0	NA	0	False	NA	NA	NA	70	NA	NA	NA	failed	early_stop_failed	4900	>46	46.57317010180495	-22	0.12283139123991563
3	0	0	0	NA	0	False	NA	NA	NA	70	NA	NA	NA	failed	early_stop_failed	4650	>46	46.60250445044822	-23	0.13159259797256528
4	0	0	0	NA	0	False	NA	NA	NA	70	NA	NA	NA	failed	early_stop_failed	4050	>46	46.884653652796594	-22	0.10876064745845777
5	0	0	0	NA	0	False	NA	NA	NA	70	NA	NA	NA	failed	early_stop_failed	4300	>46	46.724862719236626	-24	0.10527318845743412
6	0	0	0	NA	0	False	NA	NA	NA	70	NA	NA	NA	failed	early_stop_failed	4300	>46	46.57785353077928	-23	0.1529379493182508
7	0	0	0	NA	0	False	NA	NA	NA	70	NA	NA	NA	failed	early_stop_failed	3950	>46	46.80683838619171	-21	0.11804307159471689
8	0	0	0	NA	0	False	NA	NA	NA	70	NA	NA	NA	failed	early_stop_failed	4450	>46	46.586890894565315	-25	0.11558216671261316
9	0	0	0	NA	0	False	NA	NA	NA	70	NA	NA	NA	failed	early_stop_failed	4700	>46	46.784358572718354	-21	0.10640088932221162
10	0	0	0	NA	0	False	NA	NA	NA	70	NA	NA	NA	failed	early_stop_failed	4600	>46	46.77384877082992	-22	0.11516111059220728
11	0	0	0	NA	0	False	NA	NA	NA	70	NA	NA	NA	failed	early_stop_failed	4300	>46	46.90071984574921	-23	0.11615956678349812
12	0	0	0	NA	0	False	NA	NA	NA	70	NA	NA	NA	failed	early_stop_failed	4800	>46	46.719148589955715	-24	0.12799280232680935
13	0	0	0	NA	0	False	NA	NA	NA	70	NA	NA	NA	failed	early_stop_failed	4200	>46	46.80191384577418	-22	0.11352884330614717
14	0	0	0	NA	0	False	NA	NA	NA	70	NA	NA	NA	failed	early_stop_failed	4400	>46	46.50080967661812	-22	0.12342560133344285
15	0	0	0	NA	0	False	NA	NA	NA	70	NA	NA	NA	failed	early_stop_failed	4750	>46	46.637270210772805	-22	0.1326062574078221
16	0	0	0	NA	0	False	NA	NA	NA	70	NA	NA	NA	failed	early_stop_failed	4700	>46	46.6646215358266	-23	0.1386274639620533
17	0	0	0	NA	0	False	NA	NA	NA	70	NA	NA	NA	failed	early_stop_failed	3650	>46	46.94856951098663	-26	0.09124171776624701
18	0	0	0	NA	0	False	NA	NA	NA	70	NA	NA	NA	failed	early_stop_failed	4550	>46	46.496582138167426	-22	0.12245879287937149
19	0	0	0	NA	0	False	NA	NA	NA	70	NA	NA	NA	failed	early_stop_failed	4600	>46	46.50608777889782	-23	0.12310583272137605
20	0	0	0	NA	0	False	NA	NA	NA	70	NA	NA	NA	failed	early_stop_failed	4400	>46	46.690371590174344	-22	0.12272657331481351
21	0	0	0	NA	0	False	NA	NA	NA	70	NA	NA	NA	failed	early_stop_failed	4750	>46	46.43100156196264	-23	0.13069597113523898
22	0	0	0	NA	0	False	NA	NA	NA	70	NA	NA	NA	failed	early_stop_failed	4500	>46	46.60484453414973	-23	0.14152369734181053
23	0	0	0	NA	0	False	NA	NA	NA	70	NA	NA	NA	failed	early_stop_failed	4700	>46	46.664088768613176	-22	0.12351680113176638
24	0	0	0	NA	0	False	NA	NA	NA	70	NA	NA	NA	failed	early_stop_failed	4300	>46	46.68425220400732	-24	0.11133558995251107
25	0	0	0	NA	0	False	NA	NA	NA	70	NA	NA	NA	failed	early_stop_failed	4200	>46	46.92917449815402	-25	0.0928593897673696
26	0	0	0	NA	0	False	NA	NA	NA	70	NA	NA	NA	failed	early_stop_failed	4500	>46	46.59442227492215	-24	0.12201953716947976
27	0	0	0	NA	0	False	NA	NA	NA	70	NA	NA	NA	failed	early_stop_failed	4500	>46	46.72333828239025	-24	0.11476955957991938
28	0	0	0	NA	0	False	NA	NA	NA	70	NA	NA	NA	failed	early_stop_failed	4300	>46	46.69734280683286	-22	0.10612329449077401
29	0	0	0	NA	0	False	NA	NA	NA	70	NA	NA	NA	failed	early_stop_failed	4700	>46	46.580337525608236	-24	0.12984955220919342
30	0	0	0	NA	0	False	NA	NA	NA	70	NA	NA	NA	failed	early_stop_failed	3950	>46	46.98394323563157	-21	0.11031433615699716
31	0	0	0	NA	0	False	NA	NA	NA	70	NA	NA	NA	failed	early_stop_failed	4800	>46	46.60382434195603	-22	0.1314661727382293
32	0	0	0	NA	0	False	NA	NA	NA	70	NA	NA	NA	failed	early_stop_failed	4400	>46	46.928386938228826	-20	0.1064996332814112
33	0	0	0	NA	0	False	NA	NA	NA	70	NA	NA	NA	failed	early_stop_failed	3650	>46	47.14968899168038	-24	0.08045474275665755
34	0	0	0	NA	0	False	NA	NA	NA	70	NA	NA	NA	failed	early_stop_failed	4450	>46	46.704284898719536	-23	0.1309854049911893
35	0	0	0	NA	0	False	NA	NA	NA	70	NA	NA	NA	failed	early_stop_failed	4450	>46	46.61217869778536	-23	0.11351676901749397
36	0	0	0	NA	0	False	NA	NA	NA	70	NA	NA	NA	failed	early_stop_failed	4450	>46	46.741592032123414	-24	0.10209185592485567
37	0	0	0	NA	0	False	NA	NA	NA	70	NA	NA	NA	failed	early_stop_failed	4500	>46	46.60556923196673	-22	0.12127531496120617
38	0	0	0	NA	0	False	NA	NA	NA	70	NA	NA	NA	failed	early_stop_failed	4150	>46	46.60364607741269	-23	0.12352583920028878
39	0	0	0	NA	0	False	NA	NA	NA	70	NA	NA	NA	failed	early_stop_failed	4150	>46	46.76335680965535	-25	0.10979448663862539
40	0	0	0	NA	0	False	NA	NA	NA	70	NA	NA	NA	failed	early_stop_failed	4000	>46	46.64955015905309	-22	0.11299763097132005
41	0	0	0	NA	0	False	NA	NA	NA	70	NA	NA	NA	failed	early_stop_failed	4400	>46	46.59629508057829	-23	0.12350755933988974
42	0	0	0	NA	0	False	NA	NA	NA	70	NA	NA	NA	failed	early_stop_failed	4700	>46	46.71158405676843	-24	0.11379960345636576
43	0	0	0	NA	0	False	NA	NA	NA	70	NA	NA	NA	failed	early_stop_failed	4350	>46	46.680776283199215	-24	0.12127200732639917
44	0	0	0	NA	0	False	NA	NA	NA	70	NA	NA	NA	failed	early_stop_failed	4500	>46	46.80367220652107	-23	0.10791369207535866
45	0	0	0	NA	0	False	NA	NA	NA	70	NA	NA	NA	failed	early_stop_failed	4350	>46	46.794657244156475	-23	0.10467505631193111
46	0	0	0	NA	0	False	NA	NA	NA	70	NA	NA	NA	failed	early_stop_failed	5100	>46	46.63233792152138	-22	0.1258624139193588
47	0	0	0	NA	0	False	NA	NA	NA	70	NA	NA	NA	failed	early_stop_failed	4700	>46	46.956328744323514	-21	0.13390125520026083
48	0	0	0	NA	0	False	NA	NA	NA	70	NA	NA	NA	failed	early_stop_failed	4500	>46	46.6243255844393	-23	0.09659958863805025
49	0	0	0	NA	0	False	NA	NA	NA	70	NA	NA	NA	failed	early_stop_failed	4700	>46	46.6880351279501	-23	0.12763006536709132
50	0	0	0	NA	0	False	NA	NA	NA	70	NA	NA	NA	failed	early_stop_failed	4250	>46	46.608186105980614	-21	0.1166806542570793
51	0	0	0	NA	0	False	NA	NA	NA	70	NA	NA	NA	failed	early_stop_failed	4200	>46	46.635358562187236	-21	0.10018461121256514
52	0	0	0	NA	0	False	NA	NA	NA	70	NA	NA	NA	failed	early_stop_failed	4350	>46	46.86733232812154	-22	0.11190070309914947
53	0	0	0	NA	0	False	NA	NA	NA	70	NA	NA	NA	failed	early_stop_failed	4800	>46	46.46748728611944	-23	0.15062669428365116
54	0	0	0	NA	0	False	NA	NA	NA	70	NA	NA	NA	failed	early_stop_failed	4750	>46	46.88624702489937	-24	0.12328542796836564
55	0	0	0	NA	0	False	NA	NA	NA	70	NA	NA	NA	failed	early_stop_failed	4500	>46	46.68709283905658	-24	0.10610091852216719
56	0	0	0	NA	0	False	NA	NA	NA	70	NA	NA	NA	failed	early_stop_failed	4700	>46	46.70174112511327	-21	0.11424965105850221
57	0	0	0	NA	0	False	NA	NA	NA	70	NA	NA	NA	failed	early_stop_failed	4350	>46	46.76381153172158	-19	0.11481194407434911
58	0	0	0	NA	0	False	NA	NA	NA	70	NA	NA	NA	failed	early_stop_failed	4550	>46	46.736499520797906	-23	0.11082253854346458
59	0	0	0	NA	0	False	NA	NA	NA	70	NA	NA	NA	failed	early_stop_failed	4800	>46	46.68059459686695	-22	0.1193255460750407
60	0	0	0	NA	0	False	NA	NA	NA	70	NA	NA	NA	failed	early_stop_failed	4550	>46	46.694505945009425	-22	0.13214139269802433
61	0	0	0	NA	0	False	NA	NA	NA	70	NA	NA	NA	failed	early_stop_failed	5000	>46	46.61113751950332	-24	0.13583422349708557
62	0	0	0	NA	0	False	NA	NA	NA	70	NA	NA	NA	failed	early_stop_failed	4800	>46	46.75579991158495	-21	0.129367648793614
63	0	0	0	NA	0	False	NA	NA	NA	70	NA	NA	NA	failed	early_stop_failed	4750	>46	46.758626984952514	-23	0.11766899871428455
64	0	0	0	NA	0	False	NA	NA	NA	70	NA	NA	NA	failed	early_stop_failed	4550	>46	46.57118441060721	-23	0.12886229023332654
65	0	0	0	NA	0	False	NA	NA	NA	70	NA	NA	NA	failed	early_stop_failed	4350	>46	46.74439832834022	-23	0.1290150436443315
66	0	0	0	NA	0	False	NA	NA	NA	70	NA	NA	NA	failed	early_stop_failed	3950	>46	46.93462969603814	-20	0.09343805740477745
67	0	0	0	NA	0	False	NA	NA	NA	70	NA	NA	NA	failed	early_stop_failed	4500	>46	46.58484390754939	-22	0.14480900606185532
68	0	0	0	NA	0	False	NA	NA	NA	70	NA	NA	NA	failed	early_stop_failed	4650	>46	46.64323797316854	-23	0.13288912542073825
69	0	0	0	NA	0	False	NA	NA	NA	70	NA	NA	NA	failed	early_stop_failed	4450	>46	46.70097059514374	-24	0.11694340787266716
70	0	0	0	NA	0	False	NA	NA	NA	70	NA	NA	NA	failed	early_stop_failed	4000	>46	46.865027782166315	-23	0.1097659605586348
71	0	0	0	NA	0	False	NA	NA	NA	70	NA	NA	NA	failed	early_stop_failed	4650	>46	46.76853987393135	-24	0.12802014058154756
72	0	0	0	NA	0	False	NA	NA	NA	70	NA	NA	NA	failed	early_stop_failed	4200	>46	46.804837046316464	-20	0.12561869933671618
73	0	0	0	NA	0	False	NA	NA	NA	70	NA	NA	NA	failed	early_stop_failed	4600	>46	46.65760296921154	-24	0.12456001409510803
74	0	0	0	NA	0	False	NA	NA	NA	70	NA	NA	NA	failed	early_stop_failed	4500	>46	46.57968726983644	-24	0.11457850128792677
75	0	0	0	NA	0	False	NA	NA	NA	70	NA	NA	NA	failed	early_stop_failed	4650	>46	46.52723555035493	-23	0.15567306462942476
76	0	0	0	NA	0	False	NA	NA	NA	70	NA	NA	NA	failed	early_stop_failed	4550	>46	46.73538981663692	-21	0.11510597542212139
77	0	0	0	NA	0	False	NA	NA	NA	70	NA	NA	NA	failed	early_stop_failed	4500	>46	46.68632334170745	-24	0.12325321563420066
78	0	0	0	NA	0	False	NA	NA	NA	70	NA	NA	NA	failed	early_stop_failed	4650	>46	46.653716257485215	-24	0.11619003433008526
79	0	0	0	NA	0	False	NA	NA	NA	70	NA	NA	NA	failed	early_stop_failed	4750	>46	46.326391921729	-22	0.12567822845709575
80	0	0	0	NA	0	False	NA	NA	NA	70	NA	NA	NA	failed	early_stop_failed	5300	>46	46.42738220270119	-22	0.12227706272923676
81	0	0	0	NA	0	False	NA	NA	NA	70	NA	NA	NA	failed	early_stop_failed	4250	>46	46.968271743371766	-20	0.09247481829656376
82	0	0	0	NA	0	False	NA	NA	NA	70	NA	NA	NA	failed	early_stop_failed	4850	>46	46.47371441575886	-24	0.13763646769968524
83	0	0	0	NA	0	False	NA	NA	NA	70	NA	NA	NA	failed	early_stop_failed	4400	>46	46.651612818858474	-22	0.11929553258220471
84	0	0	0	NA	0	False	NA	NA	NA	70	NA	NA	NA	failed	early_stop_failed	4750	>46	46.931934439027394	-21	0.11968568149413156
85	0	0	0	NA	0	False	NA	NA	NA	70	NA	NA	NA	failed	early_stop_failed	4100	>46	46.75701821280665	-22	0.13766642450458366
86	0	0	0	NA	0	False	NA	NA	NA	70	NA	NA	NA	failed	early_stop_failed	4150	>46	46.97498153993484	-22	0.10402606195760815
87	0	0	0	NA	0	False	NA	NA	NA	70	NA	NA	NA	failed	early_stop_failed	4150	>46	46.88772662301183	-26	0.08704061519281682
88	0	0	0	NA	0	False	NA	NA	NA	70	NA	NA	NA	failed	early_stop_failed	4600	>46	46.58880539482123	-22	0.13698726764162708
89	0	0	0	NA	0	False	NA	NA	NA	70	NA	NA	NA	failed	early_stop_failed	4650	>46	46.778763604076765	-23	0.11003682698904518
90	0	0	0	NA	0	False	NA	NA	NA	70	NA	NA	NA	failed	early_stop_failed	4300	>46	47.07764719416594	-23	0.10018608426204892
91	0	0	0	NA	0	False	NA	NA	NA	70	NA	NA	NA	failed	early_stop_failed	5050	>46	46.53263929762004	-23	0.1266588720847253
92	0	0	0	NA	0	False	NA	NA	NA	70	NA	NA	NA	failed	early_stop_failed	4150	>46	46.75248505699409	-24	0.1049322208211497
93	0	0	0	NA	0	False	NA	NA	NA	70	NA	NA	NA	failed	early_stop_failed	4550	>46	46.59920827913706	-24	0.11418105900403307
94	0	0	0	NA	0	False	NA	NA	NA	70	NA	NA	NA	failed	early_stop_failed	4100	>46	46.525662886053716	-21	0.11220464414695863
95	0	0	0	NA	0	False	NA	NA	NA	70	NA	NA	NA	failed	early_stop_failed	5000	>46	46.703773172236126	-22	0.11889447095201067
96	0	0	0	NA	0	False	NA	NA	NA	70	NA	NA	NA	failed	early_stop_failed	4450	>46	46.65315312621709	-22	0.10994612980103202
97	0	0	0	NA	0	False	NA	NA	NA	70	NA	NA	NA	failed	early_stop_failed	4500	>46	46.64693514558235	-22	0.14015378457318614
98	0	0	0	NA	0	False	NA	NA	NA	70	NA	NA	NA	failed	early_stop_failed	4350	>46	46.66179622527414	-24	0.11114793898137137
99	0	0	0	NA	0	False	NA	NA	NA	70	NA	NA	NA	failed	early_stop_failed	4250	>46	46.729125312178276	-25	0.11456444914667334
100	0	0	0	NA	0	False	NA	NA	NA	70	NA	NA	NA	failed	early_stop_failed	4150	>46	46.8620490516751	-23	0.09549662555517717
101	0	0	0	NA	0	False	NA	NA	NA	70	NA	NA	NA	failed	early_stop_failed	4200	>46	46.85511706540725	-22	0.10319639677211179
102	0	0	0	NA	0	False	NA	NA	NA	70	NA	NA	NA	failed	early_stop_failed	4700	>46	46.54754568102883	-25	0.12115705630456358
103	0	0	0	NA	0	False	NA	NA	NA	70	NA	NA	NA	failed	early_stop_failed	4500	>46	46.56472322293884	-23	0.12581390035154316
104	0	0	0	NA	0	False	NA	NA	NA	70	NA	NA	NA	failed	early_stop_failed	4700	>46	46.66762450976222	-23	0.14955524716627447
105	0	0	0	NA	0	False	NA	NA	NA	70	NA	NA	NA	failed	early_stop_failed	4550	>46	46.58780394117496	-23	0.13318601145259717
106	0	0	0	NA	0	False	NA	NA	NA	70	NA	NA	NA	failed	early_stop_failed	4650	>46	46.547626995014475	-23	0.11593421422629772
107	0	0	0	NA	0	False	NA	NA	NA	70	NA	NA	NA	failed	early_stop_failed	4900	>46	46.83845548832612	-22	0.1139337384853158
108	0	0	0	NA	0	False	NA	NA	NA	70	NA	NA	NA	failed	early_stop_failed	4650	>46	46.52361028566484	-23	0.15091618231197612
109	0	0	0	NA	0	False	NA	NA	NA	70	NA	NA	NA	failed	early_stop_failed	4250	>46	46.65438727862925	-22	0.12644287707136034
110	0	0	0	NA	0	False	NA	NA	NA	70	NA	NA	NA	failed	early_stop_failed	4350	>46	46.749516663439515	-22	0.13170767399157415
111	0	0	0	NA	0	False	NA	NA	NA	70	NA	NA	NA	failed	early_stop_failed	4050	>46	46.85715805235315	-24	0.11209715511549895
112	0	0	0	NA	0	False	NA	NA	NA	70	NA	NA	NA	failed	early_stop_failed	4800	>46	46.46495697435095	-23	0.15033191377217167
113	0	0	0	NA	0	False	NA	NA	NA	70	NA	NA	NA	failed	early_stop_failed	4550	>46	46.601416208702894	-24	0.12129048698568458
114	0	0	0	NA	0	False	NA	NA	NA	70	NA	NA	NA	failed	early_stop_failed	4250	>46	46.969090402405115	-24	0.11538818219074481
115	0	0	0	NA	0	False	NA	NA	NA	70	NA	NA	NA	failed	early_stop_failed	4750	>46	46.547482202808226	-22	0.1179623978484332
116	0	0	0	NA	0	False	NA	NA	NA	70	NA	NA	NA	failed	early_stop_failed	4650	>46	46.8679650156416	-21	0.09371717792548238
117	0	0	0	NA	0	False	NA	NA	NA	70	NA	NA	NA	failed	early_stop_failed	4250	>46	46.85867317061437	-19	0.09498048468798352
118	0	0	0	NA	0	False	NA	NA	NA	70	NA	NA	NA	failed	early_stop_failed	4850	>46	47.04189314626274	-23	0.10174185264541452
119	0	0	0	NA	0	False	NA	NA	NA	70	NA	NA	NA	failed	early_stop_failed	4650	>46	46.729256646944286	-24	0.11503777877238872
120	0	0	0	NA	0	False	NA	NA	NA	70	NA	NA	NA	failed	early_stop_failed	4100	>46	46.87442990263651	-24	0.12049935095980935
121	0	0	0	NA	0	False	NA	NA	NA	70	NA	NA	NA	failed	early_stop_failed	4200	>46	46.922981679294935	-25	0.12629028208370502
122	0	0	0	NA	0	False	NA	NA	NA	70	NA	NA	NA	failed	early_stop_failed	4700	>46	46.580849234893456	-24	0.12566915056201858
123	0	0	0	NA	0	False	NA	NA	NA	70	NA	NA	NA	failed	early_stop_failed	4500	>46	46.659635131935744	-23	0.11102163779315082
124	0	0	0	NA	0	False	NA	NA	NA	70	NA	NA	NA	failed	early_stop_failed	4600	>46	46.65903994124588	-24	0.11164489067870989
125	1	0	0	0.0	0	False	0.15	3.0	1.1	70	NA	NA	NA	failed	early_stop_failed	4950	>46	46.715525346207016	-24	0.11581287406835203
126	1	0	0	0.0	0	False	0.15	3.0	1.5	70	NA	NA	NA	failed	early_stop_failed	4850	>46	46.39187241851377	-25	0.13233327681864507
127	1	0	0	0.0	0	False	0.15	3.0	2.0	70	NA	NA	NA	failed	early_stop_failed	4850	>46	46.56276890540935	-24	0.14524886104692614
128	1	0	0	0.0	0	False	0.15	3.0	3.0	70	NA	NA	NA	failed	early_stop_failed	4850	>46	46.651950947864854	-23	0.1203810915026133
129	1	0	0	0.0	0	False	0.15	3.0	5.0	70	NA	NA	NA	failed	early_stop_failed	4700	>46	46.75406556613566	-23	0.09620433278883807
130	1	0	0	0.0	0	False	0.15	3.5	1.1	70	NA	NA	NA	failed	early_stop_failed	4750	>46	46.52852007580866	-23	0.13708881435882803
131	1	0	0	0.0	0	False	0.15	3.5	1.5	70	NA	NA	NA	failed	early_stop_failed	5100	>46	46.636330385785065	-25	0.12494994550920982
132	1	0	0	0.0	0	False	0.15	3.5	2.0	70	NA	NA	NA	failed	early_stop_failed	5050	>46	46.589777230440404	-24	0.10400103299074791
133	1	0	0	0.0	0	False	0.15	3.5	3.0	70	NA	NA	NA	failed	early_stop_failed	4550	>46	46.836239922085184	-23	0.11855298573404267
134	1	0	0	0.0	0	False	0.15	3.5	5.0	70	NA	NA	NA	failed	early_stop_failed	4550	>46	46.57712794369559	-25	0.11999149413037964
135	1	0	0	0.0	0	False	0.15	4.0	1.1	70	NA	NA	NA	failed	early_stop_failed	5300	>46	46.519216013088744	-22	0.13440157570774103
136	1	0	0	0.0	0	False	0.15	4.0	1.5	70	NA	NA	NA	failed	early_stop_failed	5550	>46	46.47126838327586	-23	0.1611369507564811
137	1	0	0	0.0	0	False	0.15	4.0	2.0	70	NA	NA	NA	failed	early_stop_failed	5300	>46	46.584488995191684	-22	0.11730681526723044
138	1	0	0	0.0	0	False	0.15	4.0	3.0	70	NA	NA	NA	failed	early_stop_failed	4800	>46	46.51027147902434	-22	0.1154317544446174
139	1	0	0	0.0	0	False	0.15	4.0	5.0	70	NA	NA	NA	failed	early_stop_failed	4650	>46	46.83560122747211	-23	0.10416567032567135
140	1	0	0	0.0	0	False	0.15	4.5	1.1	70	NA	NA	NA	failed	early_stop_failed	4300	>46	46.74847297882369	-21	0.11669110967711217
141	1	0	0	0.0	0	False	0.15	4.5	1.5	70	NA	NA	NA	failed	early_stop_failed	4300	>46	46.544203137563045	-25	0.11438630067157946
142	1	0	0	0.0	0	False	0.15	4.5	2.0	70	NA	NA	NA	failed	early_stop_failed	4650	>46	46.74265896704757	-23	0.12226811111997928
143	1	0	0	0.0	0	False	0.15	4.5	3.0	70	NA	NA	NA	failed	early_stop_failed	4500	>46	46.57162009607998	-23	0.11923577368405659
144	1	0	0	0.0	0	False	0.15	4.5	5.0	70	NA	NA	NA	failed	early_stop_failed	5250	>46	46.57688820005677	-23	0.13522542619442843
145	1	0	0	0.0	0	False	0.15	5.0	1.1	70	NA	NA	NA	failed	early_stop_failed	4700	>46	47.0211028196246	-23	0.10309341020398864
146	1	0	0	0.0	0	False	0.15	5.0	1.5	70	NA	NA	NA	failed	early_stop_failed	4500	>46	46.68146861910395	-21	0.09727969484475166
147	1	0	0	0.0	0	False	0.15	5.0	2.0	70	NA	NA	NA	failed	early_stop_failed	5050	>46	46.483671545237	-24	0.12843975354463344
148	1	0	0	0.0	0	False	0.15	5.0	3.0	70	NA	NA	NA	failed	early_stop_failed	4600	>46	46.75194215601975	-22	0.14208088322411033
149	1	0	0	0.0	0	False	0.15	5.0	5.0	70	NA	NA	NA	failed	early_stop_failed	4800	>46	46.365731166994856	-23	0.15847203760250744
150	1	0	0	0.0	0	False	0.2	3.0	1.1	70	NA	NA	NA	failed	early_stop_failed	4700	>46	46.663747867252255	-23	0.10645298422086782
151	1	0	0	0.0	0	False	0.2	3.0	1.5	70	NA	NA	NA	failed	early_stop_failed	4550	>46	46.70669111707621	-22	0.1274489824541848
152	1	0	0	0.0	0	False	0.2	3.0	2.0	70	NA	NA	NA	failed	early_stop_failed	4600	>46	46.449593581310005	-25	0.1288302708339515
153	1	0	0	0.0	0	False	0.2	3.0	3.0	70	NA	NA	NA	failed	early_stop_failed	4700	>46	46.63725555258871	-22	0.12337189415043895
154	1	0	0	0.0	0	False	0.2	3.0	5.0	70	NA	NA	NA	failed	early_stop_failed	4700	>46	46.577559794116716	-24	0.12212241372549197
155	1	0	0	0.0	0	False	0.2	3.5	1.1	70	NA	NA	NA	failed	early_stop_failed	5150	>46	46.712868256976044	-24	0.12209143873792487
156	1	0	0	0.0	0	False	0.2	3.5	1.5	70	NA	NA	NA	failed	early_stop_failed	5000	>46	46.46975728688002	-23	0.12422075774182803
157	1	0	0	0.0	0	False	0.2	3.5	2.0	70	NA	NA	NA	failed	early_stop_failed	4500	>46	46.62579755554724	-24	0.10836027969151511
158	1	0	0	0.0	0	False	0.2	3.5	3.0	70	NA	NA	NA	failed	early_stop_failed	5050	>46	46.84204140477102	-23	0.12022065211191311
159	1	0	0	0.0	0	False	0.2	3.5	5.0	70	NA	NA	NA	failed	early_stop_failed	4850	>46	46.54910135480633	-24	0.11381566053489213
160	1	0	0	0.0	0	False	0.2	4.0	1.1	70	NA	NA	NA	failed	early_stop_failed	4400	>46	46.583611656215666	-21	0.10985251389196779
161	1	0	0	0.0	0	False	0.2	4.0	1.5	70	NA	NA	NA	failed	early_stop_failed	4850	>46	46.487464120930206	-21	0.11797879326227059
162	1	0	0	0.0	0	False	0.2	4.0	2.0	70	NA	NA	NA	failed	early_stop_failed	4750	>46	46.66245939585913	-23	0.11254347423617972
163	1	0	0	0.0	0	False	0.2	4.0	3.0	70	NA	NA	NA	failed	early_stop_failed	4850	>46	46.39570346361594	-25	0.1099208151401201
164	1	0	0	0.0	0	False	0.2	4.0	5.0	70	NA	NA	NA	failed	early_stop_failed	4900	>46	46.54534323466371	-24	0.14403834012910338
165	1	0	0	0.0	0	False	0.2	4.5	1.1	70	NA	NA	NA	failed	early_stop_failed	4650	>46	46.88148052925748	-24	0.10356390397332145
166	1	0	0	0.0	0	False	0.2	4.5	1.5	70	NA	NA	NA	failed	early_stop_failed	5200	>46	46.5756688495095	-22	0.14460619232331295
167	1	0	0	0.0	0	False	0.2	4.5	2.0	70	NA	NA	NA	failed	early_stop_failed	4600	>46	46.70850491228622	-22	0.12912879070704877
168	1	0	0	0.0	0	False	0.2	4.5	3.0	70	NA	NA	NA	failed	early_stop_failed	4800	>46	46.607220388992076	-22	0.12255449938918281
169	1	0	0	0.0	0	False	0.2	4.5	5.0	70	NA	NA	NA	failed	early_stop_failed	4650	>46	46.91037631509553	-23	0.11631873219907024
170	1	0	0	0.0	0	False	0.2	5.0	1.1	70	NA	NA	NA	failed	early_stop_failed	4700	>46	46.587951464796475	-22	0.10681047599458199
171	1	0	0	0.0	0	False	0.2	5.0	1.5	70	NA	NA	NA	failed	early_stop_failed	4350	>46	46.620356383758086	-23	0.14598724572486543
172	1	0	0	0.0	0	False	0.2	5.0	2.0	70	NA	NA	NA	failed	early_stop_failed	4450	>46	46.91817138149388	-23	0.1285486227587606
173	1	0	0	0.0	0	False	0.2	5.0	3.0	70	NA	NA	NA	failed	early_stop_failed	4750	>46	46.567155831596146	-21	0.1141425359684648
174	1	0	0	0.0	0	False	0.2	5.0	5.0	70	NA	NA	NA	failed	early_stop_failed	4500	>46	46.54410313525518	-23	0.13252515315253124
175	1	0	0	0.0	0	False	0.25	3.0	1.1	70	NA	NA	NA	failed	early_stop_failed	4700	>46	46.80096644737721	-23	0.14556789296827072
176	1	0	0	0.0	0	False	0.25	3.0	1.5	70	NA	NA	NA	failed	early_stop_failed	5050	>46	46.6778087326743	-22	0.11810332463782762
177	1	0	0	0.0	0	False	0.25	3.0	2.0	70	NA	NA	NA	failed	early_stop_failed	5000	>46	46.95295550571535	-25	0.0982110159763099
178	1	0	0	0.0	0	False	0.25	3.0	3.0	70	NA	NA	NA	failed	early_stop_failed	4450	>46	46.98448309499072	-24	0.09953676185241889
179	1	0	0	0.0	0	False	0.25	3.0	5.0	70	NA	NA	NA	failed	early_stop_failed	4750	>46	46.652474903863165	-23	0.13047944595961164
180	1	0	0	0.0	0	False	0.25	3.5	1.1	70	NA	NA	NA	failed	early_stop_failed	4950	>46	46.465112563518474	-24	0.13022082089486137
181	1	0	0	0.0	0	False	0.25	3.5	1.5	70	NA	NA	NA	failed	early_stop_failed	5200	>46	46.72302191791172	-22	0.1156857913852851
182	1	0	0	0.0	0	False	0.25	3.5	2.0	70	NA	NA	NA	failed	early_stop_failed	5050	>46	46.59046991856348	-22	0.126554596225119
183	1	0	0	0.0	0	False	0.25	3.5	3.0	70	NA	NA	NA	failed	early_stop_failed	4950	>46	46.648865087604904	-21	0.11436573500869468
184	1	0	0	0.0	0	False	0.25	3.5	5.0	70	NA	NA	NA	failed	early_stop_failed	5200	>46	46.483236632474146	-22	0.13608693417724452
185	1	0	0	0.0	0	False	0.25	4.0	1.1	70	NA	NA	NA	failed	early_stop_failed	4700	>46	46.6853183721076	-22	0.11473541622813764
186	1	0	0	0.0	0	False	0.25	4.0	1.5	70	NA	NA	NA	failed	early_stop_failed	4450	>46	46.7463394569778	-24	0.09258377976448744
187	1	0	0	0.0	0	False	0.25	4.0	2.0	70	NA	NA	NA	failed	early_stop_failed	4500	>46	46.607125141232785	-23	0.12877015957617002
188	1	0	0	0.0	0	False	0.25	4.0	3.0	70	NA	NA	NA	failed	early_stop_failed	4450	>46	46.79171425148969	-25	0.09839058451365613
189	1	0	0	0.0	0	False	0.25	4.0	5.0	70	NA	NA	NA	failed	early_stop_failed	4700	>46	46.45419793187654	-23	0.12129541157577661
190	1	0	0	0.0	0	False	0.25	4.5	1.1	70	NA	NA	NA	failed	early_stop_failed	5400	>46	46.532166460460125	-24	0.11822368708517209
191	1	0	0	0.0	0	False	0.25	4.5	1.5	70	NA	NA	NA	failed	early_stop_failed	4700	>46	46.96575207719347	-22	0.09640118653686158
192	1	0	0	0.0	0	False	0.25	4.5	2.0	70	NA	NA	NA	failed	early_stop_failed	4800	>46	46.49463866515352	-21	0.134851753594462
193	1	0	0	0.0	0	False	0.25	4.5	3.0	70	NA	NA	NA	failed	early_stop_failed	4650	>46	46.67408534447051	-23	0.12988203242201163
194	1	0	0	0.0	0	False	0.25	4.5	5.0	70	NA	NA	NA	failed	early_stop_failed	4500	>46	46.93659581952944	-24	0.12383628986801065
195	1	0	0	0.0	0	False	0.25	5.0	1.1	70	NA	NA	NA	failed	early_stop_failed	4500	>46	46.570057010488135	-24	0.1478406224630295
196	1	0	0	0.0	0	False	0.25	5.0	1.5	70	NA	NA	NA	failed	early_stop_failed	4750	>46	46.787360597336956	-21	0.1078594443304504
197	1	0	0	0.0	0	False	0.25	5.0	2.0	70	NA	NA	NA	failed	early_stop_failed	4900	>46	46.69747693398612	-24	0.1260507047564808
198	1	0	0	0.0	0	False	0.25	5.0	3.0	70	NA	NA	NA	failed	early_stop_failed	4600	>46	46.55986386039383	-23	0.12573759932535353
199	1	0	0	0.0	0	False	0.25	5.0	5.0	70	NA	NA	NA	failed	early_stop_failed	4050	>46	46.67324823786295	-21	0.14640493370414814
200	1	0	0	0.0	0	False	0.3	3.0	1.1	70	NA	NA	NA	failed	early_stop_failed	4400	>46	46.82379154233415	-23	0.1019393328368034
201	1	0	0	0.0	0	False	0.3	3.0	1.5	70	NA	NA	NA	failed	early_stop_failed	4350	>46	46.59440467014714	-22	0.10926312998765625
202	1	0	0	0.0	0	False	0.3	3.0	2.0	70	NA	NA	NA	failed	early_stop_failed	4100	>46	46.52013843019953	-24	0.11502322634563149
203	1	0	0	0.0	0	False	0.3	3.0	3.0	70	NA	NA	NA	failed	early_stop_failed	4850	>46	46.72814558857057	-23	0.12081984480190887
204	1	0	0	0.0	0	False	0.3	3.0	5.0	70	NA	NA	NA	failed	early_stop_failed	5050	>46	46.5743430360176	-24	0.14212299291729072
205	1	0	0	0.0	0	False	0.3	3.5	1.1	70	NA	NA	NA	failed	early_stop_failed	4750	>46	46.68348433467717	-24	0.12414904062479279
206	1	0	0	0.0	0	False	0.3	3.5	1.5	70	NA	NA	NA	failed	early_stop_failed	4950	>46	46.70577040340511	-22	0.13745405077636344
207	1	0	0	0.0	0	False	0.3	3.5	2.0	70	NA	NA	NA	failed	early_stop_failed	4800	>46	46.73033458244608	-23	0.12625219046871236
208	1	0	0	0.0	0	False	0.3	3.5	3.0	70	NA	NA	NA	failed	early_stop_failed	5100	>46	46.726129800822044	-23	0.11165675313325857
209	1	0	0	0.0	0	False	0.3	3.5	5.0	70	NA	NA	NA	failed	early_stop_failed	4600	>46	46.52761458492932	-23	0.1375732527020879
210	1	0	0	0.0	0	False	0.3	4.0	1.1	70	NA	NA	NA	failed	early_stop_failed	4850	>46	46.87983188220594	-22	0.11530584170188904
211	1	0	0	0.0	0	False	0.3	4.0	1.5	70	NA	NA	NA	failed	early_stop_failed	4600	>46	47.06528703830076	-24	0.07965709194817341
212	1	0	0	0.0	0	False	0.3	4.0	2.0	70	NA	NA	NA	failed	early_stop_failed	4900	>46	46.6986230871887	-24	0.11137319762345134
213	1	0	0	0.0	0	False	0.3	4.0	3.0	70	NA	NA	NA	failed	early_stop_failed	4900	>46	46.560021036427194	-23	0.1367586563657515
214	1	0	0	0.0	0	False	0.3	4.0	5.0	70	NA	NA	NA	failed	early_stop_failed	4000	>46	46.88377460875124	-25	0.09014799908100547
215	1	0	0	0.0	0	False	0.3	4.5	1.1	70	NA	NA	NA	failed	early_stop_failed	5300	>46	46.62411801951514	-24	0.13254242937666158
216	1	0	0	0.0	0	False	0.3	4.5	1.5	70	NA	NA	NA	failed	early_stop_failed	4400	>46	46.789664950762614	-22	0.11445333827001282
217	1	0	0	0.0	0	False	0.3	4.5	2.0	70	NA	NA	NA	failed	early_stop_failed	4600	>46	47.000943973649306	-24	0.10742427610192776
218	1	0	0	0.0	0	False	0.3	4.5	3.0	70	NA	NA	NA	failed	early_stop_failed	4900	>46	46.445672166278804	-22	0.13630382566403784
219	1	0	0	0.0	0	False	0.3	4.5	5.0	70	NA	NA	NA	failed	early_stop_failed	4350	>46	46.65785713268064	-21	0.13218353136605696
220	1	0	0	0.0	0	False	0.3	5.0	1.1	70	NA	NA	NA	failed	early_stop_failed	5200	>46	46.593205218986334	-23	0.13689784223308504
221	1	0	0	0.0	0	False	0.3	5.0	1.5	70	NA	NA	NA	failed	early_stop_failed	4800	>46	46.62710801956129	-24	0.11823964909371468
222	1	0	0	0.0	0	False	0.3	5.0	2.0	70	NA	NA	NA	failed	early_stop_failed	4350	>46	46.529571539955164	-22	0.11031504968491827
223	1	0	0	0.0	0	False	0.3	5.0	3.0	70	NA	NA	NA	failed	early_stop_failed	4800	>46	46.657670074567086	-24	0.12014488571875347
224	1	0	0	0.0	0	False	0.3	5.0	5.0	70	NA	NA	NA	failed	early_stop_failed	4650	>46	46.623913827583166	-25	0.12010081544958312
225	1	0	0	0.0	0	False	0.35	3.0	1.1	70	NA	NA	NA	succeed	early_stop_succeed	2400	42.08126776466983	42.29483051662646	-28	0.29458114910629823
226	1	0	0	0.0	0	False	0.35	3.0	1.5	70	NA	NA	NA	failed	early_stop_failed	4450	>46	46.78901331775164	-23	0.12232965581703122
227	1	0	0	0.0	0	False	0.35	3.0	2.0	70	NA	NA	NA	failed	early_stop_failed	4350	>46	46.960015264159175	-22	0.11613484392535187
228	1	0	0	0.0	0	False	0.35	3.0	3.0	70	NA	NA	NA	failed	early_stop_failed	4550	>46	46.761638874236134	-20	0.12015262481031844
229	1	0	0	0.0	0	False	0.35	3.0	5.0	70	NA	NA	NA	failed	early_stop_failed	4400	>46	46.5966520146177	-21	0.1109252666982385
230	1	0	0	0.0	0	False	0.35	3.5	1.1	70	NA	NA	NA	failed	early_stop_failed	4550	>46	46.665016024533834	-22	0.12008021166103118
231	1	0	0	0.0	0	False	0.35	3.5	1.5	70	NA	NA	NA	failed	early_stop_failed	4400	>46	46.59419366400883	-22	0.1105218452823048
232	1	0	0	0.0	0	False	0.35	3.5	2.0	70	NA	NA	NA	failed	early_stop_failed	4500	>46	46.64611130483508	-23	0.10037106198021041
233	1	0	0	0.0	0	False	0.35	3.5	3.0	70	NA	NA	NA	failed	early_stop_failed	5200	>46	46.66577097123688	-23	0.09353456482251103
234	1	0	0	0.0	0	False	0.35	3.5	5.0	70	NA	NA	NA	failed	early_stop_failed	5200	>46	46.47034580966303	-24	0.1315167624806443
235	1	0	0	0.0	0	False	0.35	4.0	1.1	70	NA	NA	NA	failed	early_stop_failed	4900	>46	46.57943212435828	-22	0.1256160496334912
236	1	0	0	0.0	0	False	0.35	4.0	1.5	70	NA	NA	NA	failed	early_stop_failed	4400	>46	46.820987525927215	-21	0.11173253141452757
237	1	0	0	0.0	0	False	0.35	4.0	2.0	70	NA	NA	NA	failed	early_stop_failed	5350	>46	46.65320314339438	-21	0.12926537239892866
238	1	0	0	0.0	0	False	0.35	4.0	3.0	70	NA	NA	NA	failed	early_stop_failed	4750	>46	46.76575838649699	-22	0.1387451266441461
239	1	0	0	0.0	0	False	0.35	4.0	5.0	70	NA	NA	NA	failed	early_stop_failed	4650	>46	46.89200842678845	-23	0.09391957066757134
240	1	0	0	0.0	0	False	0.35	4.5	1.1	70	NA	NA	NA	failed	early_stop_failed	4150	>46	46.81446445314198	-20	0.10389800970265153
241	1	0	0	0.0	0	False	0.35	4.5	1.5	70	NA	NA	NA	failed	early_stop_failed	5000	>46	46.72133439051294	-19	0.09276125965745083
242	1	0	0	0.0	0	False	0.35	4.5	2.0	70	NA	NA	NA	failed	early_stop_failed	5000	>46	46.846145887106275	-24	0.10059577716766077
243	1	0	0	0.0	0	False	0.35	4.5	3.0	70	NA	NA	NA	failed	early_stop_failed	4700	>46	46.63703628870224	-24	0.12459949002051811
244	1	0	0	0.0	0	False	0.35	4.5	5.0	70	NA	NA	NA	failed	early_stop_failed	3700	>46	47.02793901919764	-23	0.09768777644768521
245	1	0	0	0.0	0	False	0.35	5.0	1.1	70	NA	NA	NA	failed	early_stop_failed	4200	>46	46.91398677942307	-23	0.08704947746259045
246	1	0	0	0.0	0	False	0.35	5.0	1.5	70	NA	NA	NA	failed	early_stop_failed	5050	>46	46.57958189553451	-22	0.12176061871361016
247	1	0	0	0.0	0	False	0.35	5.0	2.0	70	NA	NA	NA	failed	early_stop_failed	5100	>46	46.62785450030204	-23	0.12822879367897372
248	1	0	0	0.0	0	False	0.35	5.0	3.0	70	NA	NA	NA	failed	early_stop_failed	4850	>46	46.60531774546453	-23	0.1094740276069987
249	1	0	0	0.0	0	False	0.35	5.0	5.0	70	NA	NA	NA	failed	early_stop_failed	4600	>46	46.65406944258912	-25	0.12207797321072103
250	0	1	0	0.0	0	False	NA	NA	NA	70	0.008	28.0	NA	succeed	early_stop_succeed	9050	45.53305503351928	45.543662456219586	-26	0.11991953349379474
251	0	1	0	0.0	0	False	NA	NA	NA	70	0.008	28.0	NA	succeed	early_stop_succeed	7250	44.45712528232528	44.473388643996266	-26	0.11914695657515789
252	0	1	0	0.0	0	False	NA	NA	NA	70	0.008	28.0	NA	succeed	early_stop_succeed	10450	45.30057336378998	45.300950037926	-24	0.11305474249423106
253	0	1	0	0.0	0	False	NA	NA	NA	70	0.008	28.0	NA	succeed	early_stop_succeed	7750	44.01832753131832	44.07963369384016	-26	0.11144625968439924
254	0	1	0	0.0	0	False	NA	NA	NA	70	0.008	28.0	NA	succeed	early_stop_succeed	7450	43.903211047277225	43.96763557982982	-26	0.1490354969114182
255	0	1	0	0.0	0	False	NA	NA	NA	70	0.008	28.0	NA	succeed	early_stop_succeed	5450	43.08652523635891	43.105994251174025	-26	0.15196013426867325
256	0	1	0	0.0	0	False	NA	NA	NA	70	0.008	28.0	NA	succeed	early_stop_succeed	9000	45.370346681867005	45.37937693235382	-25	0.10355980001245307
257	0	1	0	0.0	0	False	NA	NA	NA	70	0.008	28.0	NA	succeed	early_stop_succeed	6950	43.738247430908594	43.69948253850387	-27	0.1570900232338078
258	0	1	0	0.0	0	False	NA	NA	NA	70	0.008	28.0	NA	succeed	early_stop_succeed	7250	44.27016343554077	44.27061982485457	-27	0.13445114103277547
259	0	1	0	0.0	0	False	NA	NA	NA	70	0.008	28.0	NA	succeed	early_stop_succeed	7500	44.36038176917178	44.39913713779457	-26	0.12649792311963756
260	0	1	0	0.0	0	False	NA	NA	NA	70	0.008	28.0	NA	succeed	early_stop_succeed	4450	42.59569887801997	42.613267665475895	-28	0.1386261048237545
261	0	1	0	0.0	0	False	NA	NA	NA	70	0.008	28.0	NA	succeed	early_stop_succeed	6700	43.843268025069825	43.85904322659899	-25	0.13837973644227725
262	0	1	0	0.0	0	False	NA	NA	NA	70	0.008	28.0	NA	succeed	early_stop_succeed	7000	43.82999136098073	43.80925871166386	-27	0.12324217029901278
263	0	1	0	0.0	0	False	NA	NA	NA	70	0.008	28.0	NA	succeed	early_stop_succeed	6050	43.540285639198565	43.558366135492875	-27	0.14732719872644856
264	0	1	0	0.0	0	False	NA	NA	NA	70	0.008	28.0	NA	succeed	early_stop_succeed	9250	45.90047145417153	45.90770011212095	-27	0.11455692928950785
265	0	1	0	0.0	0	False	NA	NA	NA	70	0.008	28.0	NA	succeed	early_stop_succeed	6200	43.7360447441267	43.74662413663519	-26	0.138963375110935
266	0	1	0	0.0	0	False	NA	NA	NA	70	0.008	28.0	NA	succeed	early_stop_succeed	7550	44.226255254440076	44.225228728592185	-26	0.14533676487902558
267	0	1	0	0.0	0	False	NA	NA	NA	70	0.008	28.0	NA	succeed	early_stop_succeed	6100	43.33424722828591	43.343417041527886	-26	0.11833648554826125
268	0	1	0	0.0	0	False	NA	NA	NA	70	0.008	28.0	NA	succeed	early_stop_succeed	6800	44.209407418662714	44.2097396903007	-26	0.13145315392142184
269	0	1	0	0.0	0	False	NA	NA	NA	70	0.008	28.0	NA	succeed	early_stop_succeed	8700	45.02467397596228	45.058265505223815	-25	0.12383179860980459
270	0	1	0	0.0	0	False	NA	NA	NA	70	0.008	28.0	NA	succeed	early_stop_succeed	6150	43.65913006478906	43.65884410472521	-26	0.12039971891712176
271	0	1	0	0.0	0	False	NA	NA	NA	70	0.008	28.0	NA	succeed	early_stop_succeed	6000	43.48599862025522	43.474229641270185	-26	0.12423774720259383
272	0	1	0	0.0	0	False	NA	NA	NA	70	0.008	28.0	NA	succeed	early_stop_succeed	3950	42.16720412634806	42.14783093931186	-27	0.15345788015418438
273	0	1	0	0.0	0	False	NA	NA	NA	70	0.008	28.0	NA	succeed	early_stop_succeed	6550	44.01817083021541	44.05514318363514	-27	0.12232179198990802
274	0	1	0	0.0	0	False	NA	NA	NA	70	0.008	28.0	NA	succeed	early_stop_succeed	2100	40.77300662722049	40.7479855564875	-30	0.22029089124540627
275	0	1	0	0.0	0	False	NA	NA	NA	70	0.008	28.0	NA	succeed	early_stop_succeed	6100	43.82238432042564	43.81112882631074	-28	0.12532948671220506
276	0	1	0	0.0	0	False	NA	NA	NA	70	0.008	28.0	NA	succeed	early_stop_succeed	7800	44.01754679712799	44.01272917296603	-26	0.1348802028335388
277	0	1	0	0.0	0	False	NA	NA	NA	70	0.008	28.0	NA	succeed	early_stop_succeed	8850	45.118290992640055	45.0612607123918	-24	0.10747279353314348
278	0	1	0	0.0	0	False	NA	NA	NA	70	0.008	28.0	NA	succeed	early_stop_succeed	5350	42.61275135077817	42.65336891414659	-27	0.15238353954051992
279	0	1	0	0.0	0	False	NA	NA	NA	70	0.008	28.0	NA	succeed	early_stop_succeed	4850	42.841479625524556	42.82361753817087	-27	0.1500918349662107
280	0	1	0	0.0	0	False	NA	NA	NA	70	0.008	28.0	NA	succeed	early_stop_succeed	6900	43.823931811262135	43.848216930791445	-27	0.14628269572244423
281	0	1	0	0.0	0	False	NA	NA	NA	70	0.008	28.0	NA	succeed	early_stop_succeed	6950	44.03717517116089	44.00744341354849	-26	0.12216053988134865
282	0	1	0	0.0	0	False	NA	NA	NA	70	0.008	28.0	NA	succeed	early_stop_succeed	9050	45.304079488918504	45.28168419104882	-24	0.12848903739244288
283	0	1	0	0.0	0	False	NA	NA	NA	70	0.008	28.0	NA	succeed	early_stop_succeed	7500	44.03553673492342	44.01031727476806	-27	0.12199441518584254
284	0	1	0	0.0	0	False	NA	NA	NA	70	0.008	28.0	NA	succeed	early_stop_succeed	5400	43.185476219827166	43.17719372564062	-28	0.13045912660675504
285	0	1	0	0.0	0	False	NA	NA	NA	70	0.008	28.0	NA	succeed	early_stop_succeed	8500	44.720289936629605	44.77315444142853	-24	0.12249271670096772
286	0	1	0	0.0	0	False	NA	NA	NA	70	0.008	28.0	NA	succeed	early_stop_succeed	7450	43.93665282972135	43.93619689794944	-26	0.12677297934304976
287	0	1	0	0.0	0	False	NA	NA	NA	70	0.008	28.0	NA	succeed	early_stop_succeed	5650	43.26819117388313	43.263098382430485	-28	0.1361629679786296
288	0	1	0	0.0	0	False	NA	NA	NA	70	0.008	28.0	NA	succeed	early_stop_succeed	4850	42.37431907906241	42.410746807192155	-28	0.1585328568128272
289	0	1	0	0.0	0	False	NA	NA	NA	70	0.008	28.0	NA	succeed	early_stop_succeed	4700	42.72204475589362	42.74966955880373	-27	0.15008150914426652
290	0	1	0	0.0	0	False	NA	NA	NA	70	0.008	28.0	NA	succeed	early_stop_succeed	8050	44.786447084390915	44.795607406268886	-26	0.1344260028620581
291	0	1	0	0.0	0	False	NA	NA	NA	70	0.008	28.0	NA	succeed	early_stop_succeed	6450	43.80185202502402	43.79808939218036	-26	0.13592392945793927
292	0	1	0	0.0	0	False	NA	NA	NA	70	0.008	28.0	NA	succeed	early_stop_succeed	7400	44.28016928538087	44.27024354509977	-26	0.15987280044899663
293	0	1	0	0.0	0	False	NA	NA	NA	70	0.008	28.0	NA	succeed	early_stop_succeed	9200	44.88139911834808	44.92968062846038	-26	0.11379043640894322
294	0	1	0	0.0	0	False	NA	NA	NA	70	0.008	28.0	NA	succeed	early_stop_succeed	6500	43.86348184014316	43.85353545178278	-26	0.14105747694553233
295	0	1	0	0.0	0	False	NA	NA	NA	70	0.008	28.0	NA	succeed	early_stop_succeed	9400	45.900725668801776	45.92812750625715	-26	0.1158636165400106
296	0	1	0	0.0	0	False	NA	NA	NA	70	0.008	28.0	NA	succeed	early_stop_succeed	9650	45.21656595505405	45.22237702866974	-25	0.12961390497867137
297	0	1	0	0.0	0	False	NA	NA	NA	70	0.008	28.0	NA	succeed	early_stop_succeed	5200	43.18374068899278	43.16645283644614	-26	0.1290824734229755
298	0	1	0	0.0	0	False	NA	NA	NA	70	0.008	28.0	NA	succeed	early_stop_succeed	5500	42.96578445800602	42.96795841760189	-27	0.13750249084641847
299	0	1	0	0.0	0	False	NA	NA	NA	70	0.008	28.0	NA	succeed	early_stop_succeed	6550	43.851375371083584	43.86431987685427	-26	0.14072498249234858
300	0	1	0	0.0	0	False	NA	NA	NA	70	0.008	28.0	NA	succeed	early_stop_succeed	6900	44.01746194556141	44.01236277080209	-26	0.12290089638509619
301	0	1	0	0.0	0	False	NA	NA	NA	70	0.008	28.0	NA	succeed	early_stop_succeed	4450	42.37247181734861	42.37429064408149	-27	0.1559986761010367
302	0	1	0	0.0	0	False	NA	NA	NA	70	0.008	28.0	NA	succeed	early_stop_succeed	6600	43.455933619267164	43.49156412148896	-29	0.11927788034095997
303	0	1	0	0.0	0	False	NA	NA	NA	70	0.008	28.0	NA	succeed	early_stop_succeed	7850	45.02340875418151	44.96562623563361	-26	0.12435522051233065
304	0	1	0	0.0	0	False	NA	NA	NA	70	0.008	28.0	NA	succeed	early_stop_succeed	6250	43.451466998979555	43.46264723792862	-25	0.13230854525046865
305	0	1	0	0.0	0	False	NA	NA	NA	70	0.008	28.0	NA	succeed	early_stop_succeed	6600	43.80424378709617	43.793093011100474	-27	0.12145850652760143
306	0	1	0	0.0	0	False	NA	NA	NA	70	0.008	28.0	NA	succeed	early_stop_succeed	5550	43.219423326814294	43.19781541258349	-28	0.13642149534630488
307	0	1	0	0.0	0	False	NA	NA	NA	70	0.008	28.0	NA	succeed	early_stop_succeed	5150	42.96774253622634	42.94082460738972	-28	0.1613754634778117
308	0	1	0	0.0	0	False	NA	NA	NA	70	0.008	28.0	NA	succeed	early_stop_succeed	8900	45.26130391114659	45.2175103082202	-25	0.11024988205005518
309	0	1	0	0.0	0	False	NA	NA	NA	70	0.008	28.0	NA	succeed	early_stop_succeed	8050	44.70958471289924	44.71391555455841	-26	0.11000695781174985
310	0	1	0	0.0	0	False	NA	NA	NA	70	0.008	28.0	NA	succeed	early_stop_succeed	6750	43.99529603168308	43.97543052472911	-27	0.12483244757205116
311	0	1	0	0.0	0	False	NA	NA	NA	70	0.008	28.0	NA	succeed	early_stop_succeed	7900	44.48771868853418	44.522931996640835	-25	0.1325009837390931
312	0	1	0	0.0	0	False	NA	NA	NA	70	0.008	28.0	NA	succeed	early_stop_succeed	6000	43.63311267032908	43.65847226895204	-25	0.133352914069816
313	0	1	0	0.0	0	False	NA	NA	NA	70	0.008	28.0	NA	succeed	early_stop_succeed	3000	41.36697178993123	41.37484993349672	-28	0.20238387962270588
314	0	1	0	0.0	0	False	NA	NA	NA	70	0.008	28.0	NA	succeed	early_stop_succeed	7250	44.485187817076174	44.48218408372694	-23	0.11065908266163635
315	0	1	0	0.0	0	False	NA	NA	NA	70	0.008	28.0	NA	succeed	early_stop_succeed	6250	44.0983591253278	44.162158894520054	-26	0.1284414731658157
316	0	1	0	0.0	0	False	NA	NA	NA	70	0.008	28.0	NA	succeed	early_stop_succeed	8250	44.8800060289558	44.87591341020657	-27	0.1176740203468746
317	0	1	0	0.0	0	False	NA	NA	NA	70	0.008	28.0	NA	succeed	early_stop_succeed	7300	44.33479654396329	44.360273421463326	-27	0.12553744465616534
318	0	1	0	0.0	0	False	NA	NA	NA	70	0.008	28.0	NA	succeed	early_stop_succeed	6350	43.5049879663639	43.499048848513354	-27	0.14048638506157465
319	0	1	0	0.0	0	False	NA	NA	NA	70	0.008	28.0	NA	succeed	early_stop_succeed	7400	43.901685360768454	43.883036340342976	-27	0.1532405468271592
320	0	1	0	0.0	0	False	NA	NA	NA	70	0.008	28.0	NA	succeed	early_stop_succeed	6950	43.880585158427486	43.87746478004761	-26	0.14589685338883945
321	0	1	0	0.0	0	False	NA	NA	NA	70	0.008	28.0	NA	succeed	early_stop_succeed	7700	44.40841486256454	44.448266108905266	-26	0.16865603516224884
322	0	1	0	0.0	0	False	NA	NA	NA	70	0.008	28.0	NA	succeed	early_stop_succeed	7300	44.149488478748424	44.11038932215569	-26	0.1233168943314233
323	0	1	0	0.0	0	False	NA	NA	NA	70	0.008	28.0	NA	succeed	early_stop_succeed	8150	44.841320319631244	44.83710560925046	-25	0.11014525635072149
324	0	1	0	0.0	0	False	NA	NA	NA	70	0.008	28.0	NA	succeed	early_stop_succeed	8450	44.96130695869385	44.97402096209989	-27	0.136892292377769
325	0	1	0	0.0	0	False	NA	NA	NA	70	0.008	28.0	NA	succeed	early_stop_succeed	4900	42.40430311848515	42.40950202900634	-28	0.15123863842432653
326	0	1	0	0.0	0	False	NA	NA	NA	70	0.008	28.0	NA	succeed	early_stop_succeed	5900	43.375817451570136	43.395697785690935	-27	0.14423529466946794
327	0	1	0	0.0	0	False	NA	NA	NA	70	0.008	28.0	NA	succeed	early_stop_succeed	7400	43.740221812191784	43.71436163373258	-26	0.14477273039831645
328	0	1	0	0.0	0	False	NA	NA	NA	70	0.008	28.0	NA	succeed	early_stop_succeed	5250	43.009707340919476	43.024731603230265	-28	0.13858482081648227
329	0	1	0	0.0	0	False	NA	NA	NA	70	0.008	28.0	NA	succeed	early_stop_succeed	7150	43.863354363202376	43.84022076160526	-27	0.14643041692154113
330	0	1	0	0.0	0	False	NA	NA	NA	70	0.008	28.0	NA	succeed	early_stop_succeed	6600	43.790676917351156	43.78019255671226	-25	0.1288881795168058
331	0	1	0	0.0	0	False	NA	NA	NA	70	0.008	28.0	NA	succeed	early_stop_succeed	6350	43.96128311628424	43.90384604679195	-26	0.11710747979322621
332	0	1	0	0.0	0	False	NA	NA	NA	70	0.008	28.0	NA	succeed	early_stop_succeed	4550	42.44654531390707	42.4718166935334	-28	0.1356499539430939
333	0	1	0	0.0	0	False	NA	NA	NA	70	0.008	28.0	NA	succeed	early_stop_succeed	6200	43.300132792435505	43.277000199546	-26	0.13792414109657158
334	0	1	0	0.0	0	False	NA	NA	NA	70	0.008	28.0	NA	succeed	early_stop_succeed	5750	42.92002814132399	42.873947441981336	-28	0.15214788749888425
335	0	1	0	0.0	0	False	NA	NA	NA	70	0.008	28.0	NA	succeed	early_stop_succeed	4600	42.45784954818377	42.46928613170442	-28	0.16113969695621633
336	0	1	0	0.0	0	False	NA	NA	NA	70	0.008	28.0	NA	succeed	early_stop_succeed	6700	44.05010262549474	44.04827620135154	-26	0.12045359943750594
337	0	1	0	0.0	0	False	NA	NA	NA	70	0.008	28.0	NA	succeed	early_stop_succeed	8700	44.25613689389534	44.27317184482868	-26	0.12521752266423114
338	0	1	0	0.0	0	False	NA	NA	NA	70	0.008	28.0	NA	succeed	early_stop_succeed	7300	44.28560243591193	44.30647017613373	-26	0.12270343220278178
339	0	1	0	0.0	0	False	NA	NA	NA	70	0.008	28.0	NA	succeed	early_stop_succeed	5750	43.44362501392633	43.50253255314965	-28	0.11733650208688064
340	0	1	0	0.0	0	False	NA	NA	NA	70	0.008	28.0	NA	succeed	early_stop_succeed	4500	42.63564721470894	42.61990333880445	-28	0.13341441178418167
341	0	1	0	0.0	0	False	NA	NA	NA	70	0.008	28.0	NA	succeed	early_stop_succeed	6650	43.826018556582575	43.81082280394978	-26	0.12141520122684306
342	0	1	0	0.0	0	False	NA	NA	NA	70	0.008	28.0	NA	succeed	early_stop_succeed	7550	44.927242784584124	44.91592851712668	-25	0.1075723011298117
343	0	1	0	0.0	0	False	NA	NA	NA	70	0.008	28.0	NA	succeed	early_stop_succeed	6550	43.71375758535606	43.693163122852546	-27	0.129981274526224
344	0	1	0	0.0	0	False	NA	NA	NA	70	0.008	28.0	NA	succeed	early_stop_succeed	9250	44.6044749786173	44.6131945749297	-25	0.11904198231180615
345	0	1	0	0.0	0	False	NA	NA	NA	70	0.008	28.0	NA	succeed	early_stop_succeed	7350	44.151489066706965	44.190985187837484	-25	0.11382456512956741
346	0	1	0	0.0	0	False	NA	NA	NA	70	0.008	28.0	NA	succeed	early_stop_succeed	7500	44.16438319782459	44.18812227038607	-27	0.13166889338312346
347	0	1	0	0.0	0	False	NA	NA	NA	70	0.008	28.0	NA	succeed	early_stop_succeed	6600	43.83248303686751	43.87721649144598	-26	0.15174544157856704
348	0	1	0	0.0	0	False	NA	NA	NA	70	0.008	28.0	NA	succeed	early_stop_succeed	5800	43.420835711054586	43.4521365822128	-28	0.149961345463286
349	0	1	0	0.0	0	False	NA	NA	NA	70	0.008	28.0	NA	succeed	early_stop_succeed	4900	42.61744249504996	42.64161432615096	-27	0.15155705953582402
350	0	1	0	0.0	0	False	NA	NA	NA	70	0.008	28.0	NA	succeed	early_stop_succeed	8000	44.685911199809624	44.739016360643916	-26	0.12493949581924806
351	0	1	0	0.0	0	False	NA	NA	NA	70	0.008	28.0	NA	succeed	early_stop_succeed	5450	43.2714454745444	43.25438583566735	-26	0.13284102594731645
352	0	1	0	0.0	0	False	NA	NA	NA	70	0.008	28.0	NA	succeed	early_stop_succeed	8350	44.76935501774276	44.806795727800285	-27	0.11279536987969681
353	0	1	0	0.0	0	False	NA	NA	NA	70	0.008	28.0	NA	succeed	early_stop_succeed	8750	45.05908268264966	45.10412678426251	-26	0.10897399260301162
354	0	1	0	0.0	0	False	NA	NA	NA	70	0.008	28.0	NA	succeed	early_stop_succeed	6000	43.43092630067739	43.449460474634265	-28	0.13340268044210626
355	0	1	0	0.0	0	False	NA	NA	NA	70	0.008	28.0	NA	succeed	early_stop_succeed	6500	43.4902858861303	43.49284504522858	-28	0.1427613512763353
356	0	1	0	0.0	0	False	NA	NA	NA	70	0.008	28.0	NA	succeed	early_stop_succeed	7200	44.27024647053641	44.315770822056464	-25	0.11803252061403262
357	0	1	0	0.0	0	False	NA	NA	NA	70	0.008	28.0	NA	succeed	early_stop_succeed	6150	43.33724780956625	43.3426121864558	-26	0.1320646880014718
358	0	1	0	0.0	0	False	NA	NA	NA	70	0.008	28.0	NA	succeed	early_stop_succeed	5900	43.732177702326965	43.69244478444972	-27	0.1356258089453995
359	0	1	0	0.0	0	False	NA	NA	NA	70	0.008	28.0	NA	succeed	early_stop_succeed	6000	43.144386316263635	43.15466654844688	-29	0.12260657031840404
360	0	1	0	0.0	0	False	NA	NA	NA	70	0.008	28.0	NA	succeed	early_stop_succeed	3950	42.39117060473123	42.39280205609364	-28	0.13295852610619008
361	0	1	0	0.0	0	False	NA	NA	NA	70	0.008	28.0	NA	succeed	early_stop_succeed	6850	44.18587806509266	44.19574419751913	-27	0.11228209008006981
362	0	1	0	0.0	0	False	NA	NA	NA	70	0.008	28.0	NA	succeed	early_stop_succeed	7850	44.589211832235044	44.63687384476879	-25	0.11361829864149385
363	0	1	0	0.0	0	False	NA	NA	NA	70	0.008	28.0	NA	succeed	early_stop_succeed	9450	45.215695850758614	45.21342736366726	-24	0.12270647552009153
364	0	1	0	0.0	0	False	NA	NA	NA	70	0.008	28.0	NA	succeed	early_stop_succeed	5950	43.5152445490031	43.500144032835294	-26	0.12492060457865943
365	0	1	0	0.0	0	False	NA	NA	NA	70	0.008	28.0	NA	succeed	early_stop_succeed	9100	45.33295039441939	45.38024081541121	-23	0.10307981833769173
366	0	1	0	0.0	0	False	NA	NA	NA	70	0.008	28.0	NA	succeed	early_stop_succeed	7750	44.15686088904803	44.1397616898979	-26	0.13028952580765638
367	0	1	0	0.0	0	False	NA	NA	NA	70	0.008	28.0	NA	succeed	early_stop_succeed	8050	44.352733633121	44.311426338726775	-26	0.11326418950875163
368	0	1	0	0.0	0	False	NA	NA	NA	70	0.008	28.0	NA	succeed	early_stop_succeed	6200	43.488014424179624	43.46921449407237	-27	0.11834514828604871
369	0	1	0	0.0	0	False	NA	NA	NA	70	0.008	28.0	NA	succeed	early_stop_succeed	7950	44.47480308447771	44.48656629732349	-25	0.13503933149978023
370	0	1	0	0.0	0	False	NA	NA	NA	70	0.008	28.0	NA	succeed	early_stop_succeed	6750	44.26687355108912	44.337184912044656	-26	0.11698912942559007
371	0	1	0	0.0	0	False	NA	NA	NA	70	0.008	28.0	NA	succeed	early_stop_succeed	6500	43.8835661778264	43.90383987482236	-26	0.1375809133913114
372	0	1	0	0.0	0	False	NA	NA	NA	70	0.008	28.0	NA	succeed	early_stop_succeed	8500	45.293866709521026	45.32253153506486	-25	0.1100517104709405
373	0	1	0	0.0	0	False	NA	NA	NA	70	0.008	28.0	NA	succeed	early_stop_succeed	8350	44.64669520228551	44.70126581265061	-24	0.12076828434340309
374	0	1	0	0.0	0	False	NA	NA	NA	70	0.008	28.0	NA	succeed	early_stop_succeed	7650	44.31520250810183	44.280264103761745	-26	0.1338449117852393
375	0	0	1	0.0	0	False	NA	NA	NA	70	NA	NA	NA	failed	early_stop_failed	4700	>46	46.68959664286165	-23	0.13885551888886177
376	0	0	1	0.0	0	False	NA	NA	NA	70	NA	NA	NA	failed	early_stop_failed	3700	>46	47.268188290399074	-18	0.10208656264434052
377	0	0	1	0.0	0	False	NA	NA	NA	70	NA	NA	NA	failed	early_stop_failed	4150	>46	46.84224368316718	-23	0.11672829282220289
378	0	0	1	0.0	0	False	NA	NA	NA	70	NA	NA	NA	failed	early_stop_failed	4750	>46	46.85577627420371	-23	0.11945972035798377
379	0	0	1	0.0	0	False	NA	NA	NA	70	NA	NA	NA	failed	early_stop_failed	4600	>46	46.515054902693706	-22	0.133730188312672
380	0	0	1	0.0	0	False	NA	NA	NA	70	NA	NA	NA	failed	early_stop_failed	4200	>46	46.69485401968143	-22	0.1205113329632381
381	0	0	1	0.0	0	False	NA	NA	NA	70	NA	NA	NA	failed	early_stop_failed	4950	>46	46.54379321281477	-21	0.12442020224322572
382	0	0	1	0.0	0	False	NA	NA	NA	70	NA	NA	NA	failed	early_stop_failed	4500	>46	46.71774756142206	-23	0.09208426292125861
383	0	0	1	0.0	0	False	NA	NA	NA	70	NA	NA	NA	failed	early_stop_failed	4200	>46	46.78792819647448	-24	0.10630452851971395
384	0	0	1	0.0	0	False	NA	NA	NA	70	NA	NA	NA	failed	early_stop_failed	4550	>46	46.563430065232595	-22	0.1105843991564684
385	0	0	1	0.0	0	False	NA	NA	NA	70	NA	NA	NA	failed	early_stop_failed	4400	>46	46.874836319371084	-24	0.11161692099208269
386	0	0	1	0.0	0	False	NA	NA	NA	70	NA	NA	NA	failed	early_stop_failed	4750	>46	46.78610084798151	-24	0.1256321258535334
387	0	0	1	0.0	0	False	NA	NA	NA	70	NA	NA	NA	failed	early_stop_failed	4750	>46	46.79794218071177	-23	0.12764672871179605
388	0	0	1	0.0	0	False	NA	NA	NA	70	NA	NA	NA	failed	early_stop_failed	4000	>46	46.74542272946226	-23	0.10127799375611282
389	0	0	1	0.0	0	False	NA	NA	NA	70	NA	NA	NA	failed	early_stop_failed	4800	>46	46.6570911111498	-22	0.12595076533895733
390	0	0	1	0.0	0	False	NA	NA	NA	70	NA	NA	NA	failed	early_stop_failed	4200	>46	46.745406876113705	-22	0.12696137834499763
391	0	0	1	0.0	0	False	NA	NA	NA	70	NA	NA	NA	failed	early_stop_failed	4450	>46	46.61774336380465	-24	0.11661648100114057
392	0	0	1	0.0	0	False	NA	NA	NA	70	NA	NA	NA	failed	early_stop_failed	4500	>46	46.59784450909045	-23	0.10098452885028396
393	0	0	1	0.0	0	False	NA	NA	NA	70	NA	NA	NA	failed	early_stop_failed	4700	>46	46.61524853466009	-24	0.1516929785604872
394	0	0	1	0.0	0	False	NA	NA	NA	70	NA	NA	NA	failed	early_stop_failed	4100	>46	46.767570767757206	-23	0.09916591218686238
395	0	0	1	0.0	0	False	NA	NA	NA	70	NA	NA	NA	failed	early_stop_failed	4850	>46	46.605098024877094	-23	0.12285092009016711
396	0	0	1	0.0	0	False	NA	NA	NA	70	NA	NA	NA	failed	early_stop_failed	4750	>46	46.783442759204085	-23	0.13426126805827354
397	0	0	1	0.0	0	False	NA	NA	NA	70	NA	NA	NA	failed	early_stop_failed	4600	>46	46.879247076122994	-22	0.12263948291522965
398	0	0	1	0.0	0	False	NA	NA	NA	70	NA	NA	NA	failed	early_stop_failed	5000	>46	46.62404470938593	-24	0.1381140468752404
399	0	0	1	0.0	0	False	NA	NA	NA	70	NA	NA	NA	failed	early_stop_failed	4450	>46	46.73202108212874	-20	0.0933987803325137
400	0	0	1	0.0	0	False	NA	NA	NA	70	NA	NA	NA	failed	early_stop_failed	4800	>46	46.63984047622108	-23	0.11961687753749863
401	0	0	1	0.0	0	False	NA	NA	NA	70	NA	NA	NA	failed	early_stop_failed	4600	>46	46.575435085895215	-23	0.1384482918350067
402	0	0	1	0.0	0	False	NA	NA	NA	70	NA	NA	NA	failed	early_stop_failed	4400	>46	46.95988476510421	-23	0.10672135197008858
403	0	0	1	0.0	0	False	NA	NA	NA	70	NA	NA	NA	failed	early_stop_failed	4750	>46	46.56451911784978	-23	0.12835915781882024
404	0	0	1	0.0	0	False	NA	NA	NA	70	NA	NA	NA	failed	early_stop_failed	4800	>46	46.51836084513077	-24	0.12058662565373636
405	0	0	1	0.0	0	False	NA	NA	NA	70	NA	NA	NA	failed	early_stop_failed	4900	>46	46.513171979679974	-22	0.1385313487269957
406	0	0	1	0.0	0	False	NA	NA	NA	70	NA	NA	NA	failed	early_stop_failed	4550	>46	46.636139097452045	-23	0.10672974429641449
407	0	0	1	0.0	0	False	NA	NA	NA	70	NA	NA	NA	failed	early_stop_failed	3800	>46	46.71279012482072	-21	0.11119196516108545
408	0	0	1	0.0	0	False	NA	NA	NA	70	NA	NA	NA	failed	early_stop_failed	5150	>46	46.57006060183473	-23	0.14863742863811408
409	0	0	1	0.0	0	False	NA	NA	NA	70	NA	NA	NA	failed	early_stop_failed	4550	>46	46.54204340751501	-24	0.14919770995821213
410	0	0	1	0.0	0	False	NA	NA	NA	70	NA	NA	NA	failed	early_stop_failed	4400	>46	46.881805994655	-25	0.110238732044948
411	0	0	1	0.0	0	False	NA	NA	NA	70	NA	NA	NA	failed	early_stop_failed	3850	>46	46.8086703918773	-19	0.103873543470157
412	0	0	1	0.0	0	False	NA	NA	NA	70	NA	NA	NA	failed	early_stop_failed	4500	>46	46.5107973577943	-24	0.12952468179712665
413	0	0	1	0.0	0	False	NA	NA	NA	70	NA	NA	NA	failed	early_stop_failed	4600	>46	46.69755530517195	-22	0.11486540779452416
414	0	0	1	0.0	0	False	NA	NA	NA	70	NA	NA	NA	failed	early_stop_failed	4850	>46	46.67518371313062	-22	0.1298741700169108
415	0	0	1	0.0	0	False	NA	NA	NA	70	NA	NA	NA	failed	early_stop_failed	4300	>46	46.658883558651986	-23	0.10409818238824753
416	0	0	1	0.0	0	False	NA	NA	NA	70	NA	NA	NA	failed	early_stop_failed	4450	>46	46.7271615012148	-20	0.09822444212760333
417	0	0	1	0.0	0	False	NA	NA	NA	70	NA	NA	NA	failed	early_stop_failed	4200	>46	46.796204365766414	-25	0.09894057183184371
418	0	0	1	0.0	0	False	NA	NA	NA	70	NA	NA	NA	failed	early_stop_failed	4900	>46	46.52996511360702	-22	0.1531511769516183
419	0	0	1	0.0	0	False	NA	NA	NA	70	NA	NA	NA	failed	early_stop_failed	4450	>46	46.96176791303961	-22	0.10190891630948239
420	0	0	1	0.0	0	False	NA	NA	NA	70	NA	NA	NA	failed	early_stop_failed	4100	>46	46.72661712888055	-23	0.10486453410557901
421	0	0	1	0.0	0	False	NA	NA	NA	70	NA	NA	NA	failed	early_stop_failed	4600	>46	46.61854569248239	-24	0.11740276753444605
422	0	0	1	0.0	0	False	NA	NA	NA	70	NA	NA	NA	failed	early_stop_failed	4600	>46	46.485358792104215	-22	0.1432509320583625
423	0	0	1	0.0	0	False	NA	NA	NA	70	NA	NA	NA	failed	early_stop_failed	4550	>46	46.56483738402504	-23	0.12404533649471185
424	0	0	1	0.0	0	False	NA	NA	NA	70	NA	NA	NA	failed	early_stop_failed	4500	>46	46.57219799266043	-25	0.11231665205310001
425	0	0	1	0.0	0	False	NA	NA	NA	70	NA	NA	NA	failed	early_stop_failed	4250	>46	46.50786544473544	-22	0.133188188136209
426	0	0	1	0.0	0	False	NA	NA	NA	70	NA	NA	NA	failed	early_stop_failed	4500	>46	46.60696649474196	-23	0.12103546450066913
427	0	0	1	0.0	0	False	NA	NA	NA	70	NA	NA	NA	failed	early_stop_failed	4250	>46	46.85909280058834	-25	0.09151306529496286
428	0	0	1	0.0	0	False	NA	NA	NA	70	NA	NA	NA	failed	early_stop_failed	5000	>46	46.58676505447559	-21	0.11363150126747135
429	0	0	1	0.0	0	False	NA	NA	NA	70	NA	NA	NA	failed	early_stop_failed	4900	>46	46.583130155299834	-23	0.1614595916018534
430	0	0	1	0.0	0	False	NA	NA	NA	70	NA	NA	NA	failed	early_stop_failed	4200	>46	46.972109787252904	-23	0.10350153791002789
431	0	0	1	0.0	0	False	NA	NA	NA	70	NA	NA	NA	failed	early_stop_failed	4850	>46	46.89221431166203	-22	0.11247348638601234
432	0	0	1	0.0	0	False	NA	NA	NA	70	NA	NA	NA	failed	early_stop_failed	4500	>46	46.833927273616524	-23	0.09797114292338899
433	0	0	1	0.0	0	False	NA	NA	NA	70	NA	NA	NA	failed	early_stop_failed	4750	>46	46.774509046807694	-23	0.11754474308934329
434	0	0	1	0.0	0	False	NA	NA	NA	70	NA	NA	NA	failed	early_stop_failed	4650	>46	46.44194865539941	-21	0.1337129000965642
435	0	0	1	0.0	0	False	NA	NA	NA	70	NA	NA	NA	failed	early_stop_failed	4650	>46	46.568666383588614	-23	0.12802815984368685
436	0	0	1	0.0	0	False	NA	NA	NA	70	NA	NA	NA	failed	early_stop_failed	4350	>46	46.60630289997272	-25	0.11507133288045532
437	0	0	1	0.0	0	False	NA	NA	NA	70	NA	NA	NA	failed	early_stop_failed	4000	>46	46.57314554330437	-22	0.12912870108900207
438	0	0	1	0.0	0	False	NA	NA	NA	70	NA	NA	NA	failed	early_stop_failed	4450	>46	46.73099226919042	-25	0.11467263501133351
439	0	0	1	0.0	0	False	NA	NA	NA	70	NA	NA	NA	failed	early_stop_failed	4600	>46	46.46623698468752	-23	0.14716411805383317
440	0	0	1	0.0	0	False	NA	NA	NA	70	NA	NA	NA	failed	early_stop_failed	5400	>46	46.56594381086023	-23	0.135280566876583
441	0	0	1	0.0	0	False	NA	NA	NA	70	NA	NA	NA	failed	early_stop_failed	4350	>46	46.7793152796244	-22	0.11955023486897591
442	0	0	1	0.0	0	False	NA	NA	NA	70	NA	NA	NA	failed	early_stop_failed	4400	>46	46.80257817644789	-22	0.1341727610583141
443	0	0	1	0.0	0	False	NA	NA	NA	70	NA	NA	NA	failed	early_stop_failed	4300	>46	46.87499159941493	-24	0.12648655590873964
444	0	0	1	0.0	0	False	NA	NA	NA	70	NA	NA	NA	failed	early_stop_failed	5200	>46	46.472569052306746	-24	0.14168367002609916
445	0	0	1	0.0	0	False	NA	NA	NA	70	NA	NA	NA	failed	early_stop_failed	4600	>46	46.628815891247804	-23	0.13163831927242925
446	0	0	1	0.0	0	False	NA	NA	NA	70	NA	NA	NA	failed	early_stop_failed	3950	>46	47.04361817847985	-23	0.10278994181511963
447	0	0	1	0.0	0	False	NA	NA	NA	70	NA	NA	NA	failed	early_stop_failed	3900	>46	46.887784636679264	-19	0.11150337310427412
448	0	0	1	0.0	0	False	NA	NA	NA	70	NA	NA	NA	failed	early_stop_failed	4900	>46	46.68951995706686	-23	0.13741718731541117
449	0	0	1	0.0	0	False	NA	NA	NA	70	NA	NA	NA	failed	early_stop_failed	4350	>46	46.6594158245984	-23	0.11828590993556308
450	0	0	1	0.0	0	False	NA	NA	NA	70	NA	NA	NA	failed	early_stop_failed	5050	>46	46.56196609440853	-21	0.1495138069749866
451	0	0	1	0.0	0	False	NA	NA	NA	70	NA	NA	NA	failed	early_stop_failed	5400	>46	46.50063792233769	-22	0.1588708940873809
452	0	0	1	0.0	0	False	NA	NA	NA	70	NA	NA	NA	failed	early_stop_failed	4450	>46	46.77266701903863	-20	0.11436827095334202
453	0	0	1	0.0	0	False	NA	NA	NA	70	NA	NA	NA	failed	early_stop_failed	4650	>46	46.74643192097855	-25	0.11226618864781553
454	0	0	1	0.0	0	False	NA	NA	NA	70	NA	NA	NA	failed	early_stop_failed	4700	>46	46.857095174864774	-25	0.11268579919793029
455	0	0	1	0.0	0	False	NA	NA	NA	70	NA	NA	NA	failed	early_stop_failed	4250	>46	47.00374934287099	-23	0.10831879287302955
456	0	0	1	0.0	0	False	NA	NA	NA	70	NA	NA	NA	failed	early_stop_failed	4900	>46	46.50108421435483	-23	0.14557085962260977
457	0	0	1	0.0	0	False	NA	NA	NA	70	NA	NA	NA	failed	early_stop_failed	4250	>46	46.76488707701257	-20	0.11071308334679401
458	0	0	1	0.0	0	False	NA	NA	NA	70	NA	NA	NA	failed	early_stop_failed	4800	>46	46.647736359949384	-21	0.13160776345930533
459	0	0	1	0.0	0	False	NA	NA	NA	70	NA	NA	NA	failed	early_stop_failed	4250	>46	46.72271552917328	-19	0.10171598621354634
460	0	0	1	0.0	0	False	NA	NA	NA	70	NA	NA	NA	failed	early_stop_failed	4400	>46	46.80545091432602	-24	0.12223655653900975
461	0	0	1	0.0	0	False	NA	NA	NA	70	NA	NA	NA	failed	early_stop_failed	4250	>46	46.6261629489357	-22	0.11009880156382745
462	0	0	1	0.0	0	False	NA	NA	NA	70	NA	NA	NA	failed	early_stop_failed	4350	>46	46.484593721228656	-23	0.1370720606594948
463	0	0	1	0.0	0	False	NA	NA	NA	70	NA	NA	NA	failed	early_stop_failed	4400	>46	46.62481127290737	-24	0.12555482131207774
464	0	0	1	0.0	0	False	NA	NA	NA	70	NA	NA	NA	failed	early_stop_failed	4400	>46	46.67720317593921	-25	0.09682343832194663
465	0	0	1	0.0	0	False	NA	NA	NA	70	NA	NA	NA	failed	early_stop_failed	4600	>46	46.65724226524567	-23	0.11876243482821959
466	0	0	1	0.0	0	False	NA	NA	NA	70	NA	NA	NA	failed	early_stop_failed	4600	>46	46.58504255268059	-22	0.12804676123917777
467	0	0	1	0.0	0	False	NA	NA	NA	70	NA	NA	NA	failed	early_stop_failed	5200	>46	46.50057892359529	-24	0.13621311135250755
468	0	0	1	0.0	0	False	NA	NA	NA	70	NA	NA	NA	failed	early_stop_failed	4950	>46	46.43800610733683	-24	0.12444565256235796
469	0	0	1	0.0	0	False	NA	NA	NA	70	NA	NA	NA	failed	early_stop_failed	4950	>46	46.74875810607287	-22	0.10153288510720554
470	0	0	1	0.0	0	False	NA	NA	NA	70	NA	NA	NA	failed	early_stop_failed	4800	>46	46.516756838503184	-24	0.12042825676373281
471	0	0	1	0.0	0	False	NA	NA	NA	70	NA	NA	NA	failed	early_stop_failed	5000	>46	46.64813081032924	-23	0.13933162414359718
472	0	0	1	0.0	0	False	NA	NA	NA	70	NA	NA	NA	failed	early_stop_failed	4600	>46	46.80319008395163	-25	0.1060173087461271
473	0	0	1	0.0	0	False	NA	NA	NA	70	NA	NA	NA	failed	early_stop_failed	4300	>46	46.8764773514793	-25	0.10563434809958387
474	0	0	1	0.0	0	False	NA	NA	NA	70	NA	NA	NA	failed	early_stop_failed	4300	>46	46.67752373377408	-21	0.13239000578391416
475	0	0	1	0.0	0	False	NA	NA	NA	70	NA	NA	NA	failed	early_stop_failed	4250	>46	46.42837253498369	-23	0.13446056864379086
476	0	0	1	0.0	0	False	NA	NA	NA	70	NA	NA	NA	failed	early_stop_failed	4400	>46	46.91568596513846	-22	0.12218642428964518
477	0	0	1	0.0	0	False	NA	NA	NA	70	NA	NA	NA	failed	early_stop_failed	4550	>46	46.77485243598286	-23	0.12095483037911277
478	0	0	1	0.0	0	False	NA	NA	NA	70	NA	NA	NA	failed	early_stop_failed	4700	>46	46.6828864102153	-23	0.1295239094674347
479	0	0	1	0.0	0	False	NA	NA	NA	70	NA	NA	NA	failed	early_stop_failed	4650	>46	46.52847962876222	-23	0.11931555264181785
480	0	0	1	0.0	0	False	NA	NA	NA	70	NA	NA	NA	failed	early_stop_failed	4150	>46	46.63396116236891	-24	0.12214867950532585
481	0	0	1	0.0	0	False	NA	NA	NA	70	NA	NA	NA	failed	early_stop_failed	4800	>46	46.52189692731985	-21	0.13445875474442984
482	0	0	1	0.0	0	False	NA	NA	NA	70	NA	NA	NA	failed	early_stop_failed	4550	>46	46.68043198043242	-23	0.1415326466773255
483	0	0	1	0.0	0	False	NA	NA	NA	70	NA	NA	NA	failed	early_stop_failed	4900	>46	46.38175932792072	-24	0.14949702327094883
484	0	0	1	0.0	0	False	NA	NA	NA	70	NA	NA	NA	failed	early_stop_failed	4550	>46	46.69327795659502	-24	0.1239158199634621
485	0	0	1	0.0	0	False	NA	NA	NA	70	NA	NA	NA	failed	early_stop_failed	4400	>46	46.7389714148598	-22	0.12452656726103888
486	0	0	1	0.0	0	False	NA	NA	NA	70	NA	NA	NA	failed	early_stop_failed	4450	>46	46.593489768069034	-24	0.10485068790886745
487	0	0	1	0.0	0	False	NA	NA	NA	70	NA	NA	NA	failed	early_stop_failed	4350	>46	46.69525723930687	-24	0.11539596439401838
488	0	0	1	0.0	0	False	NA	NA	NA	70	NA	NA	NA	failed	early_stop_failed	4050	>46	46.871750646635704	-24	0.12005824146065222
489	0	0	1	0.0	0	False	NA	NA	NA	70	NA	NA	NA	failed	early_stop_failed	4750	>46	46.786351171691315	-24	0.12351564577575744
490	0	0	1	0.0	0	False	NA	NA	NA	70	NA	NA	NA	failed	early_stop_failed	4400	>46	46.79394789507024	-21	0.11455789934917895
491	0	0	1	0.0	0	False	NA	NA	NA	70	NA	NA	NA	failed	early_stop_failed	4350	>46	46.61526043663133	-23	0.10591918123688603
492	0	0	1	0.0	0	False	NA	NA	NA	70	NA	NA	NA	failed	early_stop_failed	4700	>46	46.49815798058085	-24	0.1352409883735215
493	0	0	1	0.0	0	False	NA	NA	NA	70	NA	NA	NA	failed	early_stop_failed	4450	>46	46.757197097833945	-21	0.12309083238067292
494	0	0	1	0.0	0	False	NA	NA	NA	70	NA	NA	NA	failed	early_stop_failed	4700	>46	46.57995894557039	-24	0.12119088304356997
495	0	0	1	0.0	0	False	NA	NA	NA	70	NA	NA	NA	failed	early_stop_failed	4800	>46	46.72938017928056	-21	0.11891385098411986
496	0	0	1	0.0	0	False	NA	NA	NA	70	NA	NA	NA	failed	early_stop_failed	4650	>46	46.53737280956013	-23	0.13064233782066156
497	0	0	1	0.0	0	False	NA	NA	NA	70	NA	NA	NA	failed	early_stop_failed	4650	>46	47.10753651376617	-22	0.10700164426552225
498	0	0	1	0.0	0	False	NA	NA	NA	70	NA	NA	NA	failed	early_stop_failed	4500	>46	46.5164070619531	-22	0.1860288326738493
499	0	0	1	0.0	0	False	NA	NA	NA	70	NA	NA	NA	failed	early_stop_failed	4150	>46	46.70862023792774	-22	0.11817813836712757
500	1	1	0	0.0	0	False	0.15	3.0	1.1	70	0.008	28.0	NA	succeed	early_stop_succeed	2800	40.621892028992164	40.61791778450923	-30	0.18204226038735896
501	1	1	0	0.0	0	False	0.15	3.0	1.5	70	0.008	28.0	NA	succeed	early_stop_succeed	2300	40.399572125859635	40.393403916089284	-30	0.22847455029332456
502	1	1	0	0.0	0	False	0.15	3.0	2.0	70	0.008	28.0	NA	succeed	early_stop_succeed	2200	40.302810895711644	40.30478315716759	-30	0.2139639177529754
503	1	1	0	0.0	0	False	0.15	3.0	3.0	70	0.008	28.0	NA	succeed	early_stop_succeed	2350	40.44076106179995	40.44616009723751	-30	0.2121270947708156
504	1	1	0	0.0	0	False	0.15	3.0	5.0	70	0.008	28.0	NA	succeed	early_stop_succeed	2550	40.43542167819671	40.457557471202655	-30	0.19232998510007818
505	1	1	0	0.0	0	False	0.15	3.5	1.1	70	0.008	28.0	NA	succeed	early_stop_succeed	3700	40.76140933515526	40.799650242341244	-30	0.14332579397683276
506	1	1	0	0.0	0	False	0.15	3.5	1.5	70	0.008	28.0	NA	succeed	early_stop_succeed	2300	40.40354626814764	40.414723269442405	-30	0.24108764951197453
507	1	1	0	0.0	0	False	0.15	3.5	2.0	70	0.008	28.0	NA	succeed	early_stop_succeed	5100	42.16033362163028	42.164096971022545	-28	0.13132746257510158
508	1	1	0	0.0	0	False	0.15	3.5	3.0	70	0.008	28.0	NA	succeed	early_stop_succeed	6600	42.33914775182233	42.378938892714466	-29	0.13160325144537566
509	1	1	0	0.0	0	False	0.15	3.5	5.0	70	0.008	28.0	NA	succeed	early_stop_succeed	5350	42.5735295498081	42.56297295158484	-28	0.15644525251849914
510	1	1	0	0.0	0	False	0.15	4.0	1.1	70	0.008	28.0	NA	succeed	early_stop_succeed	2000	40.35767136965817	40.34992927849594	-30	0.2527944214176112
511	1	1	0	0.0	0	False	0.15	4.0	1.5	70	0.008	28.0	NA	succeed	early_stop_succeed	7550	43.27734819580944	43.213291681656436	-26	0.10867760806722764
512	1	1	0	0.0	0	False	0.15	4.0	2.0	70	0.008	28.0	NA	succeed	early_stop_succeed	7050	43.08802552635358	43.082428645464574	-27	0.13818952830538062
513	1	1	0	0.0	0	False	0.15	4.0	3.0	70	0.008	28.0	NA	succeed	early_stop_succeed	6650	43.115764118194235	43.150707267455026	-25	0.11969239648425958
514	1	1	0	0.0	0	False	0.15	4.0	5.0	70	0.008	28.0	NA	succeed	early_stop_succeed	6250	43.428847928257966	43.455836747891205	-27	0.14018308797025672
515	1	1	0	0.0	0	False	0.15	4.5	1.1	70	0.008	28.0	NA	succeed	early_stop_succeed	6450	42.65619287964857	42.6637037424076	-28	0.1349158684356202
516	1	1	0	0.0	0	False	0.15	4.5	1.5	70	0.008	28.0	NA	succeed	early_stop_succeed	3600	41.17548759487232	41.20299079265344	-28	0.14623565970980926
517	1	1	0	0.0	0	False	0.15	4.5	2.0	70	0.008	28.0	NA	succeed	early_stop_succeed	3900	41.84262145055056	41.855215420369305	-28	0.17121498560430695
518	1	1	0	0.0	0	False	0.15	4.5	3.0	70	0.008	28.0	NA	succeed	early_stop_succeed	6800	43.40089539683601	43.40676607639407	-28	0.14122375634752624
519	1	1	0	0.0	0	False	0.15	4.5	5.0	70	0.008	28.0	NA	succeed	early_stop_succeed	7050	44.381423388053136	44.38547271828298	-25	0.12460311888954458
520	1	1	0	0.0	0	False	0.15	5.0	1.1	70	0.008	28.0	NA	succeed	early_stop_succeed	3250	41.013475447756335	41.00997794990697	-30	0.15381170851082326
521	1	1	0	0.0	0	False	0.15	5.0	1.5	70	0.008	28.0	NA	succeed	early_stop_succeed	7600	43.403330845347575	43.380935647158275	-26	0.12044510978194063
522	1	1	0	0.0	0	False	0.15	5.0	2.0	70	0.008	28.0	NA	succeed	early_stop_succeed	6800	43.98311282410996	43.99419550658914	-27	0.12129134454838582
523	1	1	0	0.0	0	False	0.15	5.0	3.0	70	0.008	28.0	NA	succeed	early_stop_succeed	8100	44.3160195676247	44.27857910536892	-25	0.12548050181754072
524	1	1	0	0.0	0	False	0.15	5.0	5.0	70	0.008	28.0	NA	succeed	early_stop_succeed	4100	41.983380171072625	41.974528469460054	-28	0.15809786509874063
525	1	1	0	0.0	0	False	0.2	3.0	1.1	70	0.008	28.0	NA	extinct	population_extinct	100000	NA	40.26268712407416	NA	NA
526	1	1	0	0.0	0	False	0.2	3.0	1.5	70	0.008	28.0	NA	succeed	early_stop_succeed	2400	40.14570232772643	40.15592729239258	-30	0.21409395308675103
527	1	1	0	0.0	0	False	0.2	3.0	2.0	70	0.008	28.0	NA	succeed	early_stop_succeed	5850	42.13338116490311	42.1444861493764	-29	0.11379746089070424
528	1	1	0	0.0	0	False	0.2	3.0	3.0	70	0.008	28.0	NA	succeed	early_stop_succeed	2250	40.2202932372753	40.216898665718766	-30	0.257388796897984
529	1	1	0	0.0	0	False	0.2	3.0	5.0	70	0.008	28.0	NA	succeed	early_stop_succeed	5150	41.44364623306763	41.47775573802485	-29	0.1311277036631855
530	1	1	0	0.0	0	False	0.2	3.5	1.1	70	0.008	28.0	NA	succeed	early_stop_succeed	2700	40.304777874191444	40.3041774047957	-30	0.17971554051017255
531	1	1	0	0.0	0	False	0.2	3.5	1.5	70	0.008	28.0	NA	succeed	early_stop_succeed	3000	40.64194619174651	40.64713954785345	-30	0.1642164285963146
532	1	1	0	0.0	0	False	0.2	3.5	2.0	70	0.008	28.0	NA	succeed	early_stop_succeed	4100	41.277017857154675	41.266885527916	-29	0.15028188146982782
533	1	1	0	0.0	0	False	0.2	3.5	3.0	70	0.008	28.0	NA	succeed	early_stop_succeed	2000	40.344368868491294	40.307252252595696	-30	0.28541484425896024
534	1	1	0	0.0	0	False	0.2	3.5	5.0	70	0.008	28.0	NA	succeed	early_stop_succeed	6000	42.24250433446334	42.27187078417583	-28	0.14099335512875366
535	1	1	0	0.0	0	False	0.2	4.0	1.1	70	0.008	28.0	NA	succeed	early_stop_succeed	3900	41.03338216835	41.017728488860406	-28	0.15528941812663083
536	1	1	0	0.0	0	False	0.2	4.0	1.5	70	0.008	28.0	NA	succeed	early_stop_succeed	2450	40.44651158284648	40.47756017674462	-30	0.20659157270892312
537	1	1	0	0.0	0	False	0.2	4.0	2.0	70	0.008	28.0	NA	succeed	early_stop_succeed	4300	41.63628235874316	41.662342789662	-29	0.1587535384785366
538	1	1	0	0.0	0	False	0.2	4.0	3.0	70	0.008	28.0	NA	succeed	early_stop_succeed	7850	44.104615066093146	44.15784825076809	-26	0.105934421446268
539	1	1	0	0.0	0	False	0.2	4.0	5.0	70	0.008	28.0	NA	succeed	early_stop_succeed	7500	43.76937128691737	43.74528226308144	-26	0.12373570224677467
540	1	1	0	0.0	0	False	0.2	4.5	1.1	70	0.008	28.0	NA	succeed	early_stop_succeed	2650	40.528289579540406	40.56569655757486	-30	0.21480774855724785
541	1	1	0	0.0	0	False	0.2	4.5	1.5	70	0.008	28.0	NA	succeed	early_stop_succeed	5050	41.7251751257928	41.75877045078535	-28	0.13814401332739298
542	1	1	0	0.0	0	False	0.2	4.5	2.0	70	0.008	28.0	NA	succeed	early_stop_succeed	5200	42.25406872908349	42.25852372794088	-29	0.1429410799350812
543	1	1	0	0.0	0	False	0.2	4.5	3.0	70	0.008	28.0	NA	succeed	early_stop_succeed	8600	44.15206459244891	44.1215688938442	-26	0.11078202613981024
544	1	1	0	0.0	0	False	0.2	4.5	5.0	70	0.008	28.0	NA	succeed	early_stop_succeed	8300	44.4103673403226	44.4292411571271	-26	0.10808128159410663
545	1	1	0	0.0	0	False	0.2	5.0	1.1	70	0.008	28.0	NA	succeed	early_stop_succeed	4950	41.82215815549129	41.8504347521057	-27	0.1426869476499464
546	1	1	0	0.0	0	False	0.2	5.0	1.5	70	0.008	28.0	NA	succeed	early_stop_succeed	7450	43.35880301020905	43.402235271304406	-27	0.11780678377625783
547	1	1	0	0.0	0	False	0.2	5.0	2.0	70	0.008	28.0	NA	succeed	early_stop_succeed	6200	43.032458601632705	43.03502062923726	-28	0.1274625349454676
548	1	1	0	0.0	0	False	0.2	5.0	3.0	70	0.008	28.0	NA	succeed	early_stop_succeed	5950	43.14741375380218	43.14992539067201	-28	0.12673828642280438
549	1	1	0	0.0	0	False	0.2	5.0	5.0	70	0.008	28.0	NA	succeed	early_stop_succeed	7100	44.0555244486277	44.037686526650155	-25	0.12204060701026796
550	1	1	0	0.0	0	False	0.25	3.0	1.1	70	0.008	28.0	NA	extinct	population_extinct	100000	NA	NA	NA	NA
551	1	1	0	0.0	0	False	0.25	3.0	1.5	70	0.008	28.0	NA	succeed	early_stop_succeed	3750	40.88938782097008	40.883083492155485	-30	0.1462230619535686
552	1	1	0	0.0	0	False	0.25	3.0	2.0	70	0.008	28.0	NA	succeed	early_stop_succeed	2050	40.0332286673034	40.04545824719986	-30	0.2617704671278194
553	1	1	0	0.0	0	False	0.25	3.0	3.0	70	0.008	28.0	NA	succeed	early_stop_succeed	3350	40.6053737513707	40.61199100838422	-29	0.14612023003966837
554	1	1	0	0.0	0	False	0.25	3.0	5.0	70	0.008	28.0	NA	succeed	early_stop_succeed	5550	41.41645770948506	41.43857708815538	-30	0.14869865141640468
555	1	1	0	0.0	0	False	0.25	3.5	1.1	70	0.008	28.0	NA	succeed	early_stop_succeed	2300	40.43099724479838	40.44075403675804	-30	0.20734230614804897
556	1	1	0	0.0	0	False	0.25	3.5	1.5	70	0.008	28.0	NA	succeed	early_stop_succeed	2350	40.447335988245776	40.456103187200135	-30	0.2216937272126318
557	1	1	0	0.0	0	False	0.25	3.5	2.0	70	0.008	28.0	NA	succeed	early_stop_succeed	2800	40.50677735298849	40.51231586144263	-30	0.1813494995574472
558	1	1	0	0.0	0	False	0.25	3.5	3.0	70	0.008	28.0	NA	succeed	early_stop_succeed	4900	41.653270891939094	41.67297580527037	-29	0.15150197615718702
559	1	1	0	0.0	0	False	0.25	3.5	5.0	70	0.008	28.0	NA	succeed	early_stop_succeed	5550	42.327220000996974	42.400647728466545	-29	0.11505445590652257
560	1	1	0	0.0	0	False	0.25	4.0	1.1	70	0.008	28.0	NA	succeed	early_stop_succeed	3550	40.58872281569458	40.59549482086538	-30	0.1458036464279821
561	1	1	0	0.0	0	False	0.25	4.0	1.5	70	0.008	28.0	NA	succeed	early_stop_succeed	2000	40.18416948569757	40.17108245844793	-30	0.2690786350757913
562	1	1	0	0.0	0	False	0.25	4.0	2.0	70	0.008	28.0	NA	succeed	early_stop_succeed	8400	43.30140343172672	43.269672877453615	-28	0.12539276824253182
563	1	1	0	0.0	0	False	0.25	4.0	3.0	70	0.008	28.0	NA	succeed	early_stop_succeed	3800	41.49717480030255	41.475159791756084	-28	0.17837965309604084
564	1	1	0	0.0	0	False	0.25	4.0	5.0	70	0.008	28.0	NA	succeed	early_stop_succeed	6850	43.40010790636209	43.386890712091045	-28	0.13736346506861044
565	1	1	0	0.0	0	False	0.25	4.5	1.1	70	0.008	28.0	NA	succeed	early_stop_succeed	3150	40.6024232886972	40.63440025242737	-30	0.1890308078239504
566	1	1	0	0.0	0	False	0.25	4.5	1.5	70	0.008	28.0	NA	succeed	early_stop_succeed	3000	40.58257339665958	40.588332524479725	-30	0.154899798522679
567	1	1	0	0.0	0	False	0.25	4.5	2.0	70	0.008	28.0	NA	succeed	early_stop_succeed	2500	40.539764869415656	40.5232089659202	-29	0.17782114679708744
568	1	1	0	0.0	0	False	0.25	4.5	3.0	70	0.008	28.0	NA	succeed	early_stop_succeed	9000	45.007939405370905	44.95590411263002	-27	0.12104549304720347
569	1	1	0	0.0	0	False	0.25	4.5	5.0	70	0.008	28.0	NA	succeed	early_stop_succeed	5950	43.48696839859267	43.4545214893606	-25	0.14127893363618307
570	1	1	0	0.0	0	False	0.25	5.0	1.1	70	0.008	28.0	NA	succeed	early_stop_succeed	3000	40.68156280223472	40.641031328228244	-30	0.17829130694508652
571	1	1	0	0.0	0	False	0.25	5.0	1.5	70	0.008	28.0	NA	succeed	early_stop_succeed	3950	41.10340030447858	41.11758088573565	-30	0.1505494679271597
572	1	1	0	0.0	0	False	0.25	5.0	2.0	70	0.008	28.0	NA	succeed	early_stop_succeed	6350	42.91518764615111	42.920037024553515	-26	0.13647599947955022
573	1	1	0	0.0	0	False	0.25	5.0	3.0	70	0.008	28.0	NA	succeed	early_stop_succeed	5750	43.17313158408394	43.17265275205383	-28	0.1482089535658764
574	1	1	0	0.0	0	False	0.25	5.0	5.0	70	0.008	28.0	NA	succeed	early_stop_succeed	8050	45.104406120522	45.10533162400092	-25	0.12254607941283377
575	1	1	0	0.0	0	False	0.3	3.0	1.1	70	0.008	28.0	NA	extinct	population_extinct	100000	NA	NA	NA	NA
576	1	1	0	0.0	0	False	0.3	3.0	1.5	70	0.008	28.0	NA	succeed	early_stop_succeed	2300	40.28252592626153	40.50150910837518	-30	0.3197237964419531
577	1	1	0	0.0	0	False	0.3	3.0	2.0	70	0.008	28.0	NA	succeed	early_stop_succeed	2600	40.43423187292988	40.4467731864884	-30	0.18255131357717222
578	1	1	0	0.0	0	False	0.3	3.0	3.0	70	0.008	28.0	NA	succeed	early_stop_succeed	5500	42.07314744613977	42.07207380387887	-28	0.13034715016092144
579	1	1	0	0.0	0	False	0.3	3.0	5.0	70	0.008	28.0	NA	succeed	early_stop_succeed	3400	40.73941494064534	40.71217698676355	-29	0.15619546478725702
580	1	1	0	0.0	0	False	0.3	3.5	1.1	70	0.008	28.0	NA	extinct	population_extinct	100000	NA	39.745018360622545	NA	NA
581	1	1	0	0.0	0	False	0.3	3.5	1.5	70	0.008	28.0	NA	succeed	early_stop_succeed	2150	40.20936074445408	40.21467377869847	-30	0.22928515340264483
582	1	1	0	0.0	0	False	0.3	3.5	2.0	70	0.008	28.0	NA	succeed	early_stop_succeed	2600	40.29179972530867	40.27847649274755	-30	0.21158564521231266
583	1	1	0	0.0	0	False	0.3	3.5	3.0	70	0.008	28.0	NA	succeed	early_stop_succeed	2450	40.39225645295615	40.394745267883756	-30	0.21846049871149378
584	1	1	0	0.0	0	False	0.3	3.5	5.0	70	0.008	28.0	NA	succeed	early_stop_succeed	2850	40.90613935343508	40.88147009335066	-30	0.1765934704652457
585	1	1	0	0.0	0	False	0.3	4.0	1.1	70	0.008	28.0	NA	succeed	early_stop_succeed	2950	40.39002248983935	40.432920102609216	-30	0.19140634654884367
586	1	1	0	0.0	0	False	0.3	4.0	1.5	70	0.008	28.0	NA	succeed	early_stop_succeed	5550	41.8576276902969	41.86673009722385	-28	0.15218989972198893
587	1	1	0	0.0	0	False	0.3	4.0	2.0	70	0.008	28.0	NA	succeed	early_stop_succeed	3450	41.11039149756032	41.10497784641513	-29	0.1489714404962594
588	1	1	0	0.0	0	False	0.3	4.0	3.0	70	0.008	28.0	NA	succeed	early_stop_succeed	4950	42.01540346353434	42.01818718744922	-29	0.1497440373900707
589	1	1	0	0.0	0	False	0.3	4.0	5.0	70	0.008	28.0	NA	succeed	early_stop_succeed	8050	44.38027833619675	44.37500847954488	-24	0.09862447896602836
590	1	1	0	0.0	0	False	0.3	4.5	1.1	70	0.008	28.0	NA	succeed	early_stop_succeed	2450	40.342510818236256	40.36042825018609	-30	0.193394746352196
591	1	1	0	0.0	0	False	0.3	4.5	1.5	70	0.008	28.0	NA	succeed	early_stop_succeed	2350	40.363016787046924	40.35023844615926	-30	0.21204299792957962
592	1	1	0	0.0	0	False	0.3	4.5	2.0	70	0.008	28.0	NA	succeed	early_stop_succeed	5500	41.95435671066652	41.94510793376238	-28	0.1440572918997561
593	1	1	0	0.0	0	False	0.3	4.5	3.0	70	0.008	28.0	NA	succeed	early_stop_succeed	6550	43.45266557657578	43.481870636917385	-27	0.12744059568182167
594	1	1	0	0.0	0	False	0.3	4.5	5.0	70	0.008	28.0	NA	succeed	early_stop_succeed	9200	44.943427774594355	44.936841517422366	-25	0.11939613218356811
595	1	1	0	0.0	0	False	0.3	5.0	1.1	70	0.008	28.0	NA	succeed	early_stop_succeed	2850	40.71810381202401	40.73786201165174	-30	0.1854293406714755
596	1	1	0	0.0	0	False	0.3	5.0	1.5	70	0.008	28.0	NA	succeed	early_stop_succeed	3000	40.94057944252963	40.936667536238105	-30	0.18524905867632008
597	1	1	0	0.0	0	False	0.3	5.0	2.0	70	0.008	28.0	NA	succeed	early_stop_succeed	8100	43.671820260539725	43.67220988472515	-27	0.11934070517645783
598	1	1	0	0.0	0	False	0.3	5.0	3.0	70	0.008	28.0	NA	succeed	early_stop_succeed	7600	43.825671259343935	43.823064386537084	-26	0.13153100867636716
599	1	1	0	0.0	0	False	0.3	5.0	5.0	70	0.008	28.0	NA	succeed	early_stop_succeed	7600	43.69447392061627	43.76722120174371	-26	0.12423994784899482
600	1	1	0	0.0	0	False	0.35	3.0	1.1	70	0.008	28.0	NA	extinct	population_extinct	100000	NA	NA	NA	NA
601	1	1	0	0.0	0	False	0.35	3.0	1.5	70	0.008	28.0	NA	extinct	population_extinct	100000	NA	39.674304063697946	NA	NA
602	1	1	0	0.0	0	False	0.35	3.0	2.0	70	0.008	28.0	NA	succeed	early_stop_succeed	2100	40.340176663680325	40.30803935236485	-30	0.2305982195850537
603	1	1	0	0.0	0	False	0.35	3.0	3.0	70	0.008	28.0	NA	succeed	early_stop_succeed	3600	40.7698569461091	40.7724960746204	-30	0.17369987656489702
604	1	1	0	0.0	0	False	0.35	3.0	5.0	70	0.008	28.0	NA	succeed	early_stop_succeed	2250	40.24528386203322	40.25481088182887	-30	0.24359780707968867
605	1	1	0	0.0	0	False	0.35	3.5	1.1	70	0.008	28.0	NA	extinct	population_extinct	100000	NA	NA	NA	NA
606	1	1	0	0.0	0	False	0.35	3.5	1.5	70	0.008	28.0	NA	succeed	early_stop_succeed	3750	40.75444484686588	40.75528730196227	-30	0.17567015366798278
607	1	1	0	0.0	0	False	0.35	3.5	2.0	70	0.008	28.0	NA	succeed	early_stop_succeed	2000	40.46344052964981	40.418304013079535	-30	0.25160120769144495
608	1	1	0	0.0	0	False	0.35	3.5	3.0	70	0.008	28.0	NA	succeed	early_stop_succeed	4400	41.52667486320129	41.50837012729369	-28	0.1483382504588591
609	1	1	0	0.0	0	False	0.35	3.5	5.0	70	0.008	28.0	NA	succeed	early_stop_succeed	2550	40.70426163812599	40.70400759118391	-30	0.18895092693332155
610	1	1	0	0.0	0	False	0.35	4.0	1.1	70	0.008	28.0	NA	succeed	early_stop_succeed	2200	40.22133115219748	40.2341445707924	-30	0.2046932313410714
611	1	1	0	0.0	0	False	0.35	4.0	1.5	70	0.008	28.0	NA	succeed	early_stop_succeed	2000	40.24596868590423	40.22486229883789	-30	0.24191435296085667
612	1	1	0	0.0	0	False	0.35	4.0	2.0	70	0.008	28.0	NA	succeed	early_stop_succeed	2300	40.53583971637938	40.50853324709217	-30	0.22461722895165984
613	1	1	0	0.0	0	False	0.35	4.0	3.0	70	0.008	28.0	NA	succeed	early_stop_succeed	7000	43.43876605385217	43.42756403399412	-26	0.13212838102884158
614	1	1	0	0.0	0	False	0.35	4.0	5.0	70	0.008	28.0	NA	succeed	early_stop_succeed	6400	43.40638550288526	43.44489703100675	-27	0.13975850230120082
615	1	1	0	0.0	0	False	0.35	4.5	1.1	70	0.008	28.0	NA	succeed	early_stop_succeed	2200	40.33889449269712	40.34058845116885	-30	0.21020748177150864
616	1	1	0	0.0	0	False	0.35	4.5	1.5	70	0.008	28.0	NA	succeed	early_stop_succeed	4650	41.54564364800186	41.5258489001141	-28	0.14125133256769262
617	1	1	0	0.0	0	False	0.35	4.5	2.0	70	0.008	28.0	NA	succeed	early_stop_succeed	6450	42.65811558995717	42.6431529314496	-27	0.1380003706836169
618	1	1	0	0.0	0	False	0.35	4.5	3.0	70	0.008	28.0	NA	succeed	early_stop_succeed	6200	43.51015678806838	43.53231113505017	-26	0.12407124967174794
619	1	1	0	0.0	0	False	0.35	4.5	5.0	70	0.008	28.0	NA	succeed	early_stop_succeed	8950	44.61525702390194	44.613534092380036	-26	0.12117140389329199
620	1	1	0	0.0	0	False	0.35	5.0	1.1	70	0.008	28.0	NA	succeed	early_stop_succeed	2250	40.279385575906346	40.265765679734876	-30	0.22230028021257545
621	1	1	0	0.0	0	False	0.35	5.0	1.5	70	0.008	28.0	NA	succeed	early_stop_succeed	2400	40.56348886694142	40.53457527125929	-30	0.20699993153211071
622	1	1	0	0.0	0	False	0.35	5.0	2.0	70	0.008	28.0	NA	succeed	early_stop_succeed	4950	42.499557084961445	42.489693496980195	-28	0.14178025249945347
623	1	1	0	0.0	0	False	0.35	5.0	3.0	70	0.008	28.0	NA	succeed	early_stop_succeed	5700	43.22794242199419	43.231919227843214	-27	0.13820384208605568
624	1	1	0	0.0	0	False	0.35	5.0	5.0	70	0.008	28.0	NA	succeed	early_stop_succeed	6450	44.19133136912848	44.230237057456684	-24	0.11279270991566688
625	1	0	1	0.0	0	False	0.15	3.0	1.1	70	NA	NA	NA	failed	early_stop_failed	4600	>46	46.70754568959734	-23	0.1256458627535352
626	1	0	1	0.0	0	False	0.15	3.0	1.5	70	NA	NA	NA	failed	early_stop_failed	4350	>46	46.68967636857736	-23	0.11470558707821582
627	1	0	1	0.0	0	False	0.15	3.0	2.0	70	NA	NA	NA	failed	early_stop_failed	4700	>46	46.79186602876104	-23	0.11123475662736754
628	1	0	1	0.0	0	False	0.15	3.0	3.0	70	NA	NA	NA	failed	early_stop_failed	4900	>46	46.593871081640394	-21	0.1187473242218286
629	1	0	1	0.0	0	False	0.15	3.0	5.0	70	NA	NA	NA	failed	early_stop_failed	5400	>46	46.632387780458	-22	0.11907212758813313
630	1	0	1	0.0	0	False	0.15	3.5	1.1	70	NA	NA	NA	failed	early_stop_failed	4950	>46	46.47433319832816	-23	0.12382305190349424
631	1	0	1	0.0	0	False	0.15	3.5	1.5	70	NA	NA	NA	failed	early_stop_failed	4700	>46	46.859382100801845	-24	0.12278237092910248
632	1	0	1	0.0	0	False	0.15	3.5	2.0	70	NA	NA	NA	failed	early_stop_failed	5050	>46	46.83173821561552	-24	0.10277292095561708
633	1	0	1	0.0	0	False	0.15	3.5	3.0	70	NA	NA	NA	failed	early_stop_failed	4750	>46	46.747997408461906	-21	0.11206621680363354
634	1	0	1	0.0	0	False	0.15	3.5	5.0	70	NA	NA	NA	failed	early_stop_failed	4800	>46	46.54292361160036	-25	0.11705326601618166
635	1	0	1	0.0	0	False	0.15	4.0	1.1	70	NA	NA	NA	failed	early_stop_failed	4850	>46	46.8198293482677	-24	0.12079050014075009
636	1	0	1	0.0	0	False	0.15	4.0	1.5	70	NA	NA	NA	failed	early_stop_failed	5150	>46	46.737244934039694	-22	0.11623070968800141
637	1	0	1	0.0	0	False	0.15	4.0	2.0	70	NA	NA	NA	failed	early_stop_failed	5000	>46	46.722533650444504	-23	0.10873485670639176
638	1	0	1	0.0	0	False	0.15	4.0	3.0	70	NA	NA	NA	failed	early_stop_failed	4650	>46	46.780307139910164	-24	0.11185780354893439
639	1	0	1	0.0	0	False	0.15	4.0	5.0	70	NA	NA	NA	failed	early_stop_failed	4550	>46	46.83905079754493	-22	0.11227084125267366
640	1	0	1	0.0	0	False	0.15	4.5	1.1	70	NA	NA	NA	failed	early_stop_failed	5050	>46	46.550352821050055	-24	0.13882018329566864
641	1	0	1	0.0	0	False	0.15	4.5	1.5	70	NA	NA	NA	failed	early_stop_failed	4950	>46	46.593089368842996	-21	0.12907179058820362
642	1	0	1	0.0	0	False	0.15	4.5	2.0	70	NA	NA	NA	failed	early_stop_failed	5000	>46	46.58437715845284	-25	0.12582014827609167
643	1	0	1	0.0	0	False	0.15	4.5	3.0	70	NA	NA	NA	failed	early_stop_failed	4200	>46	46.773200199958225	-26	0.10091998149966475
644	1	0	1	0.0	0	False	0.15	4.5	5.0	70	NA	NA	NA	failed	early_stop_failed	4500	>46	46.6991377720115	-22	0.10651857468681054
645	1	0	1	0.0	0	False	0.15	5.0	1.1	70	NA	NA	NA	failed	early_stop_failed	5000	>46	46.58895069560934	-22	0.12301190671106928
646	1	0	1	0.0	0	False	0.15	5.0	1.5	70	NA	NA	NA	failed	early_stop_failed	4800	>46	46.50328240553546	-23	0.14071542032351267
647	1	0	1	0.0	0	False	0.15	5.0	2.0	70	NA	NA	NA	failed	early_stop_failed	4650	>46	46.70860383057168	-21	0.09860149777486506
648	1	0	1	0.0	0	False	0.15	5.0	3.0	70	NA	NA	NA	failed	early_stop_failed	4300	>46	47.10968453942804	-23	0.08898405662895931
649	1	0	1	0.0	0	False	0.15	5.0	5.0	70	NA	NA	NA	failed	early_stop_failed	4950	>46	46.59427915746263	-20	0.11196236039338238
650	1	0	1	0.0	0	False	0.2	3.0	1.1	70	NA	NA	NA	failed	early_stop_failed	4350	>46	46.87636397160863	-21	0.13766824810161082
651	1	0	1	0.0	0	False	0.2	3.0	1.5	70	NA	NA	NA	failed	early_stop_failed	4850	>46	46.55910711241042	-22	0.10972911943374465
652	1	0	1	0.0	0	False	0.2	3.0	2.0	70	NA	NA	NA	failed	early_stop_failed	4700	>46	46.83558002827474	-22	0.10752772670565003
653	1	0	1	0.0	0	False	0.2	3.0	3.0	70	NA	NA	NA	failed	early_stop_failed	4800	>46	46.882240492967654	-22	0.13130915091673492
654	1	0	1	0.0	0	False	0.2	3.0	5.0	70	NA	NA	NA	failed	early_stop_failed	4650	>46	46.49880741812483	-23	0.1334225275095212
655	1	0	1	0.0	0	False	0.2	3.5	1.1	70	NA	NA	NA	failed	early_stop_failed	4550	>46	46.680789494687154	-21	0.12672131778579726
656	1	0	1	0.0	0	False	0.2	3.5	1.5	70	NA	NA	NA	failed	early_stop_failed	4250	>46	46.68217023648977	-25	0.0986287989465515
657	1	0	1	0.0	0	False	0.2	3.5	2.0	70	NA	NA	NA	failed	early_stop_failed	4900	>46	46.425801111025955	-24	0.13900801895418416
658	1	0	1	0.0	0	False	0.2	3.5	3.0	70	NA	NA	NA	failed	early_stop_failed	4900	>46	46.553631053924455	-24	0.12324835254227452
659	1	0	1	0.0	0	False	0.2	3.5	5.0	70	NA	NA	NA	failed	early_stop_failed	4950	>46	46.627955610385065	-24	0.0970153105761173
660	1	0	1	0.0	0	False	0.2	4.0	1.1	70	NA	NA	NA	failed	early_stop_failed	4700	>46	46.4963965760533	-23	0.1333295597625819
661	1	0	1	0.0	0	False	0.2	4.0	1.5	70	NA	NA	NA	failed	early_stop_failed	4900	>46	46.89743204234919	-23	0.10302283862509487
662	1	0	1	0.0	0	False	0.2	4.0	2.0	70	NA	NA	NA	failed	early_stop_failed	5050	>46	46.67167729774107	-23	0.1322148018225825
663	1	0	1	0.0	0	False	0.2	4.0	3.0	70	NA	NA	NA	failed	early_stop_failed	4500	>46	46.705057341332704	-21	0.10414601636373427
664	1	0	1	0.0	0	False	0.2	4.0	5.0	70	NA	NA	NA	failed	early_stop_failed	4800	>46	46.52168814027122	-25	0.13650909554154167
665	1	0	1	0.0	0	False	0.2	4.5	1.1	70	NA	NA	NA	failed	early_stop_failed	4650	>46	46.87121289186645	-24	0.09542140800342117
666	1	0	1	0.0	0	False	0.2	4.5	1.5	70	NA	NA	NA	failed	early_stop_failed	4800	>46	46.822092294342795	-25	0.10929961662286772
667	1	0	1	0.0	0	False	0.2	4.5	2.0	70	NA	NA	NA	failed	early_stop_failed	5050	>46	46.42674414152906	-23	0.14359350494163903
668	1	0	1	0.0	0	False	0.2	4.5	3.0	70	NA	NA	NA	failed	early_stop_failed	4550	>46	46.80803198021075	-21	0.11062163433270475
669	1	0	1	0.0	0	False	0.2	4.5	5.0	70	NA	NA	NA	failed	early_stop_failed	4600	>46	46.696658240389766	-23	0.12998643092030981
670	1	0	1	0.0	0	False	0.2	5.0	1.1	70	NA	NA	NA	failed	early_stop_failed	4900	>46	46.55920796905288	-24	0.13892152265893015
671	1	0	1	0.0	0	False	0.2	5.0	1.5	70	NA	NA	NA	failed	early_stop_failed	4850	>46	46.76366302507394	-23	0.10440983529035847
672	1	0	1	0.0	0	False	0.2	5.0	2.0	70	NA	NA	NA	failed	early_stop_failed	4550	>46	46.65481409935699	-22	0.1073932158684052
673	1	0	1	0.0	0	False	0.2	5.0	3.0	70	NA	NA	NA	failed	early_stop_failed	4600	>46	46.858736310858234	-22	0.12281647395661308
674	1	0	1	0.0	0	False	0.2	5.0	5.0	70	NA	NA	NA	failed	early_stop_failed	4450	>46	46.74109334654795	-24	0.10999759372732633
675	1	0	1	0.0	0	False	0.25	3.0	1.1	70	NA	NA	NA	failed	early_stop_failed	4700	>46	46.56475790995121	-24	0.11136488264549385
676	1	0	1	0.0	0	False	0.25	3.0	1.5	70	NA	NA	NA	failed	early_stop_failed	4800	>46	46.78792274001256	-21	0.1107804039205831
677	1	0	1	0.0	0	False	0.25	3.0	2.0	70	NA	NA	NA	failed	early_stop_failed	4950	>46	46.518591214503196	-22	0.12052608834160422
678	1	0	1	0.0	0	False	0.25	3.0	3.0	70	NA	NA	NA	failed	early_stop_failed	4650	>46	46.71337168915304	-22	0.09693148387167916
679	1	0	1	0.0	0	False	0.25	3.0	5.0	70	NA	NA	NA	failed	early_stop_failed	4850	>46	46.63667734970076	-23	0.13133013876491983
680	1	0	1	0.0	0	False	0.25	3.5	1.1	70	NA	NA	NA	failed	early_stop_failed	5000	>46	46.73294238873398	-23	0.15141505008361344
681	1	0	1	0.0	0	False	0.25	3.5	1.5	70	NA	NA	NA	failed	early_stop_failed	4950	>46	46.91238495946974	-25	0.10773942557180978
682	1	0	1	0.0	0	False	0.25	3.5	2.0	70	NA	NA	NA	failed	early_stop_failed	4950	>46	46.60894099783025	-22	0.12863300337083017
683	1	0	1	0.0	0	False	0.25	3.5	3.0	70	NA	NA	NA	failed	early_stop_failed	4650	>46	46.7565756607389	-22	0.1249929691366349
684	1	0	1	0.0	0	False	0.25	3.5	5.0	70	NA	NA	NA	failed	early_stop_failed	4200	>46	47.012992902075595	-23	0.09271007668905909
685	1	0	1	0.0	0	False	0.25	4.0	1.1	70	NA	NA	NA	failed	early_stop_failed	4800	>46	46.88277659599946	-25	0.10475311443283301
686	1	0	1	0.0	0	False	0.25	4.0	1.5	70	NA	NA	NA	failed	early_stop_failed	5150	>46	46.70888569371104	-22	0.10348402638583618
687	1	0	1	0.0	0	False	0.25	4.0	2.0	70	NA	NA	NA	failed	early_stop_failed	5150	>46	46.552715155920566	-24	0.12752478567585335
688	1	0	1	0.0	0	False	0.25	4.0	3.0	70	NA	NA	NA	failed	early_stop_failed	5650	>46	46.36292160564485	-24	0.1378761128346256
689	1	0	1	0.0	0	False	0.25	4.0	5.0	70	NA	NA	NA	failed	early_stop_failed	5000	>46	46.591399458392054	-22	0.13891281336980316
690	1	0	1	0.0	0	False	0.25	4.5	1.1	70	NA	NA	NA	failed	early_stop_failed	4700	>46	46.75091342957302	-23	0.13176639046389987
691	1	0	1	0.0	0	False	0.25	4.5	1.5	70	NA	NA	NA	failed	early_stop_failed	5300	>46	46.41701696650611	-23	0.1420230350026164
692	1	0	1	0.0	0	False	0.25	4.5	2.0	70	NA	NA	NA	failed	early_stop_failed	5300	>46	46.56574481265909	-24	0.11977793524268676
693	1	0	1	0.0	0	False	0.25	4.5	3.0	70	NA	NA	NA	failed	early_stop_failed	5000	>46	46.68292666139654	-24	0.12677517300136584
694	1	0	1	0.0	0	False	0.25	4.5	5.0	70	NA	NA	NA	failed	early_stop_failed	4550	>46	46.66733006570625	-24	0.1184282321239814
695	1	0	1	0.0	0	False	0.25	5.0	1.1	70	NA	NA	NA	failed	early_stop_failed	5000	>46	46.50758812265459	-23	0.13559296261071802
696	1	0	1	0.0	0	False	0.25	5.0	1.5	70	NA	NA	NA	failed	early_stop_failed	4600	>46	46.699204132591056	-22	0.13055057921530747
697	1	0	1	0.0	0	False	0.25	5.0	2.0	70	NA	NA	NA	failed	early_stop_failed	4650	>46	46.6765057572938	-22	0.11691368667664154
698	1	0	1	0.0	0	False	0.25	5.0	3.0	70	NA	NA	NA	failed	early_stop_failed	4250	>46	46.79130525063863	-22	0.09961228035967132
699	1	0	1	0.0	0	False	0.25	5.0	5.0	70	NA	NA	NA	failed	early_stop_failed	4200	>46	46.78830035629535	-22	0.12435005924630589
700	1	0	1	0.0	0	False	0.3	3.0	1.1	70	NA	NA	NA	extinct	population_extinct	100000	NA	NA	NA	NA
701	1	0	1	0.0	0	False	0.3	3.0	1.5	70	NA	NA	NA	failed	early_stop_failed	4450	>46	46.64899155750669	-22	0.11444031383439691
702	1	0	1	0.0	0	False	0.3	3.0	2.0	70	NA	NA	NA	failed	early_stop_failed	5050	>46	46.74268904219565	-23	0.11834262707468043
703	1	0	1	0.0	0	False	0.3	3.0	3.0	70	NA	NA	NA	failed	early_stop_failed	4900	>46	46.62437048670771	-22	0.13311016490836203
704	1	0	1	0.0	0	False	0.3	3.0	5.0	70	NA	NA	NA	failed	early_stop_failed	4750	>46	46.813459522872115	-22	0.15051370480842496
705	1	0	1	0.0	0	False	0.3	3.5	1.1	70	NA	NA	NA	failed	early_stop_failed	4750	>46	46.631801597174125	-24	0.12935930097338216
706	1	0	1	0.0	0	False	0.3	3.5	1.5	70	NA	NA	NA	failed	early_stop_failed	5000	>46	46.43872917284449	-24	0.12623945773441225
707	1	0	1	0.0	0	False	0.3	3.5	2.0	70	NA	NA	NA	failed	early_stop_failed	4750	>46	46.70488622051246	-24	0.11274464313697598
708	1	0	1	0.0	0	False	0.3	3.5	3.0	70	NA	NA	NA	failed	early_stop_failed	5150	>46	46.577451430471946	-21	0.1132144056494646
709	1	0	1	0.0	0	False	0.3	3.5	5.0	70	NA	NA	NA	failed	early_stop_failed	4650	>46	47.02923841705437	-25	0.079990595246954
710	1	0	1	0.0	0	False	0.3	4.0	1.1	70	NA	NA	NA	failed	early_stop_failed	4900	>46	46.64671015896238	-24	0.11083539090667667
711	1	0	1	0.0	0	False	0.3	4.0	1.5	70	NA	NA	NA	failed	early_stop_failed	4450	>46	46.845113786140146	-22	0.11287786825549281
712	1	0	1	0.0	0	False	0.3	4.0	2.0	70	NA	NA	NA	failed	early_stop_failed	5300	>46	46.754107043321724	-24	0.11509050970824732
713	1	0	1	0.0	0	False	0.3	4.0	3.0	70	NA	NA	NA	failed	early_stop_failed	5000	>46	46.76531136803108	-24	0.10786640357991414
714	1	0	1	0.0	0	False	0.3	4.0	5.0	70	NA	NA	NA	failed	early_stop_failed	4600	>46	46.7118057232669	-24	0.11699636310765146
715	1	0	1	0.0	0	False	0.3	4.5	1.1	70	NA	NA	NA	failed	early_stop_failed	5350	>46	46.550668045853385	-23	0.12948039668041972
716	1	0	1	0.0	0	False	0.3	4.5	1.5	70	NA	NA	NA	failed	early_stop_failed	5000	>46	46.570852012576054	-23	0.1408630119383596
717	1	0	1	0.0	0	False	0.3	4.5	2.0	70	NA	NA	NA	failed	early_stop_failed	5000	>46	46.75933738425065	-23	0.11377120361658392
718	1	0	1	0.0	0	False	0.3	4.5	3.0	70	NA	NA	NA	failed	early_stop_failed	5000	>46	46.724888220006456	-23	0.11979026732239914
719	1	0	1	0.0	0	False	0.3	4.5	5.0	70	NA	NA	NA	failed	early_stop_failed	4250	>46	46.98992940716427	-23	0.10557899819236495
720	1	0	1	0.0	0	False	0.3	5.0	1.1	70	NA	NA	NA	failed	early_stop_failed	5100	>46	46.55782776038039	-23	0.13291280631227909
721	1	0	1	0.0	0	False	0.3	5.0	1.5	70	NA	NA	NA	failed	early_stop_failed	4750	>46	46.583577880092825	-20	0.10586130635385124
722	1	0	1	0.0	0	False	0.3	5.0	2.0	70	NA	NA	NA	failed	early_stop_failed	4900	>46	46.49091366441306	-21	0.12709856771314823
723	1	0	1	0.0	0	False	0.3	5.0	3.0	70	NA	NA	NA	failed	early_stop_failed	4450	>46	46.854221809680055	-23	0.1300455265373158
724	1	0	1	0.0	0	False	0.3	5.0	5.0	70	NA	NA	NA	failed	early_stop_failed	4250	>46	46.78965489164638	-22	0.13380289971585974
725	1	0	1	0.0	0	False	0.35	3.0	1.1	70	NA	NA	NA	extinct	population_extinct	100000	NA	NA	NA	NA
726	1	0	1	0.0	0	False	0.35	3.0	1.5	70	NA	NA	NA	failed	early_stop_failed	4400	>46	46.654009095315196	-20	0.10370197066754162
727	1	0	1	0.0	0	False	0.35	3.0	2.0	70	NA	NA	NA	failed	early_stop_failed	5100	>46	46.54193214983623	-22	0.15342608663328008
728	1	0	1	0.0	0	False	0.35	3.0	3.0	70	NA	NA	NA	failed	early_stop_failed	4850	>46	46.72697107377306	-21	0.1297360677403718
729	1	0	1	0.0	0	False	0.35	3.0	5.0	70	NA	NA	NA	failed	early_stop_failed	5200	>46	46.679392513719506	-23	0.12063011805253655
730	1	0	1	0.0	0	False	0.35	3.5	1.1	70	NA	NA	NA	failed	early_stop_failed	4700	>46	46.62459773030323	-22	0.11529896612314774
731	1	0	1	0.0	0	False	0.35	3.5	1.5	70	NA	NA	NA	failed	early_stop_failed	4800	>46	46.66329991781689	-23	0.1468575808586816
732	1	0	1	0.0	0	False	0.35	3.5	2.0	70	NA	NA	NA	failed	early_stop_failed	5150	>46	46.38381802053073	-22	0.14435607790291385
733	1	0	1	0.0	0	False	0.35	3.5	3.0	70	NA	NA	NA	failed	early_stop_failed	4600	>46	46.53361631764252	-23	0.09952991103747748
734	1	0	1	0.0	0	False	0.35	3.5	5.0	70	NA	NA	NA	failed	early_stop_failed	4500	>46	46.78722499736209	-23	0.09191545213955855
735	1	0	1	0.0	0	False	0.35	4.0	1.1	70	NA	NA	NA	failed	early_stop_failed	4650	>46	46.590900095443665	-22	0.14473618530869323
736	1	0	1	0.0	0	False	0.35	4.0	1.5	70	NA	NA	NA	failed	early_stop_failed	4750	>46	46.46496335152061	-23	0.12352191732227054
737	1	0	1	0.0	0	False	0.35	4.0	2.0	70	NA	NA	NA	failed	early_stop_failed	4200	>46	46.65909871454127	-21	0.0978868335842232
738	1	0	1	0.0	0	False	0.35	4.0	3.0	70	NA	NA	NA	failed	early_stop_failed	5150	>46	46.55350227233348	-23	0.1310234107893523
739	1	0	1	0.0	0	False	0.35	4.0	5.0	70	NA	NA	NA	failed	early_stop_failed	4950	>46	46.52117139275764	-22	0.11350366698168621
740	1	0	1	0.0	0	False	0.35	4.5	1.1	70	NA	NA	NA	failed	early_stop_failed	4850	>46	46.556650686304835	-23	0.1289130504371388
741	1	0	1	0.0	0	False	0.35	4.5	1.5	70	NA	NA	NA	failed	early_stop_failed	4800	>46	47.12909016979997	-23	0.09995620060511057
742	1	0	1	0.0	0	False	0.35	4.5	2.0	70	NA	NA	NA	failed	early_stop_failed	4900	>46	46.8088314201245	-26	0.10247787810161914
743	1	0	1	0.0	0	False	0.35	4.5	3.0	70	NA	NA	NA	failed	early_stop_failed	4050	>46	46.92687602437763	-22	0.10834558428477079
744	1	0	1	0.0	0	False	0.35	4.5	5.0	70	NA	NA	NA	failed	early_stop_failed	4800	>46	46.56177899360584	-23	0.13852714945432304
745	1	0	1	0.0	0	False	0.35	5.0	1.1	70	NA	NA	NA	failed	early_stop_failed	5100	>46	46.59788685005238	-23	0.1350916909927048
746	1	0	1	0.0	0	False	0.35	5.0	1.5	70	NA	NA	NA	failed	early_stop_failed	4800	>46	46.89679722127944	-23	0.10891971028609149
747	1	0	1	0.0	0	False	0.35	5.0	2.0	70	NA	NA	NA	failed	early_stop_failed	5100	>46	46.68282656524791	-23	0.1080736424020139
748	1	0	1	0.0	0	False	0.35	5.0	3.0	70	NA	NA	NA	failed	early_stop_failed	4800	>46	46.713122248332596	-23	0.12528523211275058
749	1	0	1	0.0	0	False	0.35	5.0	5.0	70	NA	NA	NA	failed	early_stop_failed	4800	>46	46.589680581053706	-22	0.13036934174435738
750	1	0	0	0.0	1	False	0.15	3.0	1.1	70	NA	NA	0.1	failed	early_stop_failed	4850	>46	46.88235774026692	-24	0.13089858007130975
751	1	0	0	0.0	1	False	0.15	3.0	1.5	70	NA	NA	0.1	failed	early_stop_failed	4700	>46	46.7800697121274	-23	0.11606417243723213
752	1	0	0	0.0	1	False	0.15	3.0	2.0	70	NA	NA	0.1	failed	early_stop_failed	5000	>46	46.61524473368266	-23	0.1283451447663591
753	1	0	0	0.0	1	False	0.15	3.0	3.0	70	NA	NA	0.1	failed	early_stop_failed	5100	>46	46.88602381894301	-23	0.11115554126446466
754	1	0	0	0.0	1	False	0.15	3.0	5.0	70	NA	NA	0.1	failed	early_stop_failed	4900	>46	46.67137063753816	-23	0.10381134633753607
755	1	0	0	0.0	1	False	0.15	3.5	1.1	70	NA	NA	0.1	failed	early_stop_failed	5000	>46	46.72818740177185	-23	0.11912558248565752
756	1	0	0	0.0	1	False	0.15	3.5	1.5	70	NA	NA	0.1	failed	early_stop_failed	4800	>46	46.54942355097441	-24	0.11203475719072299
757	1	0	0	0.0	1	False	0.15	3.5	2.0	70	NA	NA	0.1	failed	early_stop_failed	4850	>46	46.57845200331606	-23	0.11858413840585307
758	1	0	0	0.0	1	False	0.15	3.5	3.0	70	NA	NA	0.1	failed	early_stop_failed	4950	>46	46.7298969722924	-25	0.1267161590910587
759	1	0	0	0.0	1	False	0.15	3.5	5.0	70	NA	NA	0.1	failed	early_stop_failed	4400	>46	47.05498750881954	-23	0.1342618047593657
760	1	0	0	0.0	1	False	0.15	4.0	1.1	70	NA	NA	0.1	failed	early_stop_failed	5100	>46	46.652429729677074	-23	0.12350557097807867
761	1	0	0	0.0	1	False	0.15	4.0	1.5	70	NA	NA	0.1	failed	early_stop_failed	4650	>46	46.912525282979274	-24	0.10852151543619472
762	1	0	0	0.0	1	False	0.15	4.0	2.0	70	NA	NA	0.1	failed	early_stop_failed	4550	>46	46.559592986821094	-22	0.11789349295562801
763	1	0	0	0.0	1	False	0.15	4.0	3.0	70	NA	NA	0.1	failed	early_stop_failed	5000	>46	46.59268501650171	-24	0.11950880624518793
764	1	0	0	0.0	1	False	0.15	4.0	5.0	70	NA	NA	0.1	failed	early_stop_failed	4850	>46	46.71953106492014	-23	0.11488937689795276
765	1	0	0	0.0	1	False	0.15	4.5	1.1	70	NA	NA	0.1	failed	early_stop_failed	3900	>46	47.26408838164689	-24	0.0782632420335233
766	1	0	0	0.0	1	False	0.15	4.5	1.5	70	NA	NA	0.1	failed	early_stop_failed	4800	>46	46.445717820030914	-23	0.13436080997230845
767	1	0	0	0.0	1	False	0.15	4.5	2.0	70	NA	NA	0.1	failed	early_stop_failed	5150	>46	46.586742211098795	-24	0.12540901724583325
768	1	0	0	0.0	1	False	0.15	4.5	3.0	70	NA	NA	0.1	failed	early_stop_failed	4400	>46	46.57492208365886	-23	0.11800427031651935
769	1	0	0	0.0	1	False	0.15	4.5	5.0	70	NA	NA	0.1	failed	early_stop_failed	4600	>46	46.768659933965765	-22	0.12736775887271995
770	1	0	0	0.0	1	False	0.15	5.0	1.1	70	NA	NA	0.1	failed	early_stop_failed	4250	>46	46.97468962141035	-21	0.09088837766383863
771	1	0	0	0.0	1	False	0.15	5.0	1.5	70	NA	NA	0.1	failed	early_stop_failed	4700	>46	46.69525217198206	-23	0.10786449273842325
772	1	0	0	0.0	1	False	0.15	5.0	2.0	70	NA	NA	0.1	failed	early_stop_failed	4650	>46	46.70401983818817	-23	0.11644409207846543
773	1	0	0	0.0	1	False	0.15	5.0	3.0	70	NA	NA	0.1	failed	early_stop_failed	4600	>46	46.52245044894286	-23	0.14607706101655854
774	1	0	0	0.0	1	False	0.15	5.0	5.0	70	NA	NA	0.1	failed	early_stop_failed	5150	>46	46.67419118539926	-22	0.12673126281624353
775	1	0	0	0.0	1	False	0.2	3.0	1.1	70	NA	NA	0.1	failed	early_stop_failed	4550	>46	46.72972549151145	-24	0.13069783727705558
776	1	0	0	0.0	1	False	0.2	3.0	1.5	70	NA	NA	0.1	failed	early_stop_failed	5100	>46	46.69612909492744	-22	0.1524225562653557
777	1	0	0	0.0	1	False	0.2	3.0	2.0	70	NA	NA	0.1	failed	early_stop_failed	4900	>46	46.69395089035916	-22	0.12056019559308367
778	1	0	0	0.0	1	False	0.2	3.0	3.0	70	NA	NA	0.1	failed	early_stop_failed	4500	>46	46.53472155266822	-23	0.12780039464252174
779	1	0	0	0.0	1	False	0.2	3.0	5.0	70	NA	NA	0.1	failed	early_stop_failed	4700	>46	46.72763626726062	-22	0.11385227012119968
780	1	0	0	0.0	1	False	0.2	3.5	1.1	70	NA	NA	0.1	failed	early_stop_failed	5500	>46	46.58024151501547	-22	0.13218437802736724
781	1	0	0	0.0	1	False	0.2	3.5	1.5	70	NA	NA	0.1	failed	early_stop_failed	3850	>46	46.848806978604216	-19	0.07851403878469188
782	1	0	0	0.0	1	False	0.2	3.5	2.0	70	NA	NA	0.1	failed	early_stop_failed	4650	>46	46.680979550033406	-21	0.10462427572191921
783	1	0	0	0.0	1	False	0.2	3.5	3.0	70	NA	NA	0.1	failed	early_stop_failed	4500	>46	46.577015216401314	-20	0.10518327037116221
784	1	0	0	0.0	1	False	0.2	3.5	5.0	70	NA	NA	0.1	failed	early_stop_failed	4650	>46	46.50406522682864	-22	0.1268798237836346
785	1	0	0	0.0	1	False	0.2	4.0	1.1	70	NA	NA	0.1	failed	early_stop_failed	5050	>46	46.70137058612794	-23	0.13636549677722676
786	1	0	0	0.0	1	False	0.2	4.0	1.5	70	NA	NA	0.1	failed	early_stop_failed	4800	>46	46.38832292504656	-23	0.1417262725024616
787	1	0	0	0.0	1	False	0.2	4.0	2.0	70	NA	NA	0.1	failed	early_stop_failed	4950	>46	46.64451020484087	-21	0.1054774208190114
788	1	0	0	0.0	1	False	0.2	4.0	3.0	70	NA	NA	0.1	failed	early_stop_failed	5000	>46	46.927071878357324	-25	0.10546660116758262
789	1	0	0	0.0	1	False	0.2	4.0	5.0	70	NA	NA	0.1	failed	early_stop_failed	4700	>46	46.77510589677262	-22	0.12089602973557882
790	1	0	0	0.0	1	False	0.2	4.5	1.1	70	NA	NA	0.1	failed	early_stop_failed	4650	>46	46.70978479554049	-25	0.09396584325950631
791	1	0	0	0.0	1	False	0.2	4.5	1.5	70	NA	NA	0.1	failed	early_stop_failed	4750	>46	46.69755350015461	-22	0.13282642521279697
792	1	0	0	0.0	1	False	0.2	4.5	2.0	70	NA	NA	0.1	failed	early_stop_failed	4500	>46	46.530527752109734	-25	0.11811415740737934
793	1	0	0	0.0	1	False	0.2	4.5	3.0	70	NA	NA	0.1	failed	early_stop_failed	4600	>46	46.78194752116881	-21	0.12031886178038129
794	1	0	0	0.0	1	False	0.2	4.5	5.0	70	NA	NA	0.1	failed	early_stop_failed	4550	>46	46.569109287929166	-23	0.1118887552943671
795	1	0	0	0.0	1	False	0.2	5.0	1.1	70	NA	NA	0.1	failed	early_stop_failed	4700	>46	46.65206020317443	-21	0.12350922765778932
796	1	0	0	0.0	1	False	0.2	5.0	1.5	70	NA	NA	0.1	failed	early_stop_failed	4500	>46	46.59935832659369	-23	0.11039754295456701
797	1	0	0	0.0	1	False	0.2	5.0	2.0	70	NA	NA	0.1	failed	early_stop_failed	4750	>46	46.49235177884359	-23	0.16661224433165367
798	1	0	0	0.0	1	False	0.2	5.0	3.0	70	NA	NA	0.1	failed	early_stop_failed	4700	>46	46.546457978704645	-24	0.13255561860080506
799	1	0	0	0.0	1	False	0.2	5.0	5.0	70	NA	NA	0.1	failed	early_stop_failed	4850	>46	46.66940290677275	-24	0.14530596643257096
800	1	0	0	0.0	1	False	0.25	3.0	1.1	70	NA	NA	0.1	failed	early_stop_failed	4650	>46	46.65340823567877	-21	0.12838070126632878
801	1	0	0	0.0	1	False	0.25	3.0	1.5	70	NA	NA	0.1	failed	early_stop_failed	4500	>46	46.640328752083626	-23	0.11385265141361335
802	1	0	0	0.0	1	False	0.25	3.0	2.0	70	NA	NA	0.1	failed	early_stop_failed	4400	>46	46.823192259591636	-21	0.1242619648708845
803	1	0	0	0.0	1	False	0.25	3.0	3.0	70	NA	NA	0.1	failed	early_stop_failed	5350	>46	46.46039145485405	-21	0.12181883865518206
804	1	0	0	0.0	1	False	0.25	3.0	5.0	70	NA	NA	0.1	failed	early_stop_failed	4900	>46	46.6652801147057	-24	0.13112806005551872
805	1	0	0	0.0	1	False	0.25	3.5	1.1	70	NA	NA	0.1	failed	early_stop_failed	4400	>46	46.869664434189126	-21	0.10993368500690272
806	1	0	0	0.0	1	False	0.25	3.5	1.5	70	NA	NA	0.1	failed	early_stop_failed	5200	>46	46.776128525664205	-20	0.11037249779541393
807	1	0	0	0.0	1	False	0.25	3.5	2.0	70	NA	NA	0.1	failed	early_stop_failed	4450	>46	46.718743247171545	-20	0.11460870825264317
808	1	0	0	0.0	1	False	0.25	3.5	3.0	70	NA	NA	0.1	failed	early_stop_failed	4550	>46	46.51904122332629	-24	0.13395775403716947
809	1	0	0	0.0	1	False	0.25	3.5	5.0	70	NA	NA	0.1	failed	early_stop_failed	4800	>46	46.68592361873316	-25	0.10707215402686841
810	1	0	0	0.0	1	False	0.25	4.0	1.1	70	NA	NA	0.1	failed	early_stop_failed	4850	>46	46.505867336727256	-23	0.15734128529016417
811	1	0	0	0.0	1	False	0.25	4.0	1.5	70	NA	NA	0.1	failed	early_stop_failed	4800	>46	46.908770639573326	-22	0.1075230103301805
812	1	0	0	0.0	1	False	0.25	4.0	2.0	70	NA	NA	0.1	failed	early_stop_failed	4600	>46	46.778779001534865	-24	0.11415662371648624
813	1	0	0	0.0	1	False	0.25	4.0	3.0	70	NA	NA	0.1	failed	early_stop_failed	5150	>46	46.690955499448215	-23	0.11730381420685472
814	1	0	0	0.0	1	False	0.25	4.0	5.0	70	NA	NA	0.1	failed	early_stop_failed	4600	>46	46.68676179503794	-21	0.10833605384824313
815	1	0	0	0.0	1	False	0.25	4.5	1.1	70	NA	NA	0.1	failed	early_stop_failed	4350	>46	46.63206943449995	-20	0.11891459074997109
816	1	0	0	0.0	1	False	0.25	4.5	1.5	70	NA	NA	0.1	failed	early_stop_failed	5000	>46	46.7131129885738	-23	0.12072109164440852
817	1	0	0	0.0	1	False	0.25	4.5	2.0	70	NA	NA	0.1	failed	early_stop_failed	4600	>46	46.69135052978125	-23	0.127000285265075
818	1	0	0	0.0	1	False	0.25	4.5	3.0	70	NA	NA	0.1	failed	early_stop_failed	4750	>46	46.690027178145975	-23	0.1087424042860064
819	1	0	0	0.0	1	False	0.25	4.5	5.0	70	NA	NA	0.1	failed	early_stop_failed	4350	>46	46.634957157957274	-23	0.13723186902299017
820	1	0	0	0.0	1	False	0.25	5.0	1.1	70	NA	NA	0.1	failed	early_stop_failed	4600	>46	46.70209067238525	-23	0.10606915985699322
821	1	0	0	0.0	1	False	0.25	5.0	1.5	70	NA	NA	0.1	failed	early_stop_failed	4850	>46	46.55492313179923	-23	0.12090778146007448
822	1	0	0	0.0	1	False	0.25	5.0	2.0	70	NA	NA	0.1	failed	early_stop_failed	4850	>46	46.601975747569014	-22	0.1333248815487872
823	1	0	0	0.0	1	False	0.25	5.0	3.0	70	NA	NA	0.1	failed	early_stop_failed	4900	>46	46.605339700258874	-22	0.12022910762565928
824	1	0	0	0.0	1	False	0.25	5.0	5.0	70	NA	NA	0.1	failed	early_stop_failed	4650	>46	46.614014920620725	-22	0.1273107325018112
825	1	0	0	0.0	1	False	0.3	3.0	1.1	70	NA	NA	0.1	extinct	population_extinct	100000	NA	39.93546511627907	NA	NA
826	1	0	0	0.0	1	False	0.3	3.0	1.5	70	NA	NA	0.1	failed	early_stop_failed	4900	>46	46.59612208870334	-24	0.13534695746619685
827	1	0	0	0.0	1	False	0.3	3.0	2.0	70	NA	NA	0.1	failed	early_stop_failed	5050	>46	46.84123674693675	-24	0.11319561535566253
828	1	0	0	0.0	1	False	0.3	3.0	3.0	70	NA	NA	0.1	failed	early_stop_failed	4500	>46	46.72844378516204	-22	0.10129675187732486
829	1	0	0	0.0	1	False	0.3	3.0	5.0	70	NA	NA	0.1	failed	early_stop_failed	4950	>46	46.61123162439538	-23	0.12831811508566573
830	1	0	0	0.0	1	False	0.3	3.5	1.1	70	NA	NA	0.1	failed	early_stop_failed	4950	>46	46.711027908509145	-23	0.1163322728603773
831	1	0	0	0.0	1	False	0.3	3.5	1.5	70	NA	NA	0.1	failed	early_stop_failed	4750	>46	46.71918460586481	-23	0.12135024859420966
832	1	0	0	0.0	1	False	0.3	3.5	2.0	70	NA	NA	0.1	failed	early_stop_failed	4950	>46	46.5576647032357	-22	0.13039813771650402
833	1	0	0	0.0	1	False	0.3	3.5	3.0	70	NA	NA	0.1	failed	early_stop_failed	5250	>46	46.562541693277815	-23	0.14180256125655594
834	1	0	0	0.0	1	False	0.3	3.5	5.0	70	NA	NA	0.1	failed	early_stop_failed	5000	>46	46.56158882608855	-25	0.11502801550192016
835	1	0	0	0.0	1	False	0.3	4.0	1.1	70	NA	NA	0.1	failed	early_stop_failed	4950	>46	46.46128751617686	-23	0.13325574296495143
836	1	0	0	0.0	1	False	0.3	4.0	1.5	70	NA	NA	0.1	failed	early_stop_failed	4650	>46	46.77779720606472	-23	0.11073100923328712
837	1	0	0	0.0	1	False	0.3	4.0	2.0	70	NA	NA	0.1	failed	early_stop_failed	4150	>46	47.31816155023641	-26	0.08833864989953494
838	1	0	0	0.0	1	False	0.3	4.0	3.0	70	NA	NA	0.1	failed	early_stop_failed	5300	>46	46.64898631471888	-24	0.1047633482800923
839	1	0	0	0.0	1	False	0.3	4.0	5.0	70	NA	NA	0.1	failed	early_stop_failed	4050	>46	46.99158684183626	-21	0.09569101503297839
840	1	0	0	0.0	1	False	0.3	4.5	1.1	70	NA	NA	0.1	failed	early_stop_failed	4250	>46	46.952402485305534	-24	0.08502901536340382
841	1	0	0	0.0	1	False	0.3	4.5	1.5	70	NA	NA	0.1	failed	early_stop_failed	4700	>46	46.725794354714324	-22	0.10909326549743058
842	1	0	0	0.0	1	False	0.3	4.5	2.0	70	NA	NA	0.1	failed	early_stop_failed	4700	>46	46.5486289355748	-22	0.1255106631301289
843	1	0	0	0.0	1	False	0.3	4.5	3.0	70	NA	NA	0.1	failed	early_stop_failed	4850	>46	46.683939635762215	-24	0.12155965602211573
844	1	0	0	0.0	1	False	0.3	4.5	5.0	70	NA	NA	0.1	failed	early_stop_failed	4800	>46	46.60675592248705	-23	0.12200118976540007
845	1	0	0	0.0	1	False	0.3	5.0	1.1	70	NA	NA	0.1	failed	early_stop_failed	4600	>46	46.68875314363422	-21	0.09616102010514799
846	1	0	0	0.0	1	False	0.3	5.0	1.5	70	NA	NA	0.1	failed	early_stop_failed	4900	>46	46.7538712687599	-20	0.11858573462779408
847	1	0	0	0.0	1	False	0.3	5.0	2.0	70	NA	NA	0.1	failed	early_stop_failed	4450	>46	46.59781810454541	-23	0.14210350670042804
848	1	0	0	0.0	1	False	0.3	5.0	3.0	70	NA	NA	0.1	failed	early_stop_failed	4400	>46	46.6854594908337	-21	0.1380453801016264
849	1	0	0	0.0	1	False	0.3	5.0	5.0	70	NA	NA	0.1	failed	early_stop_failed	4150	>46	46.6232327393834	-22	0.1430234021229631
850	1	0	0	0.0	1	False	0.35	3.0	1.1	70	NA	NA	0.1	extinct	population_extinct	100000	NA	NA	NA	NA
851	1	0	0	0.0	1	False	0.35	3.0	1.5	70	NA	NA	0.1	failed	early_stop_failed	3900	>46	46.82233718939709	-21	0.10724134470355827
852	1	0	0	0.0	1	False	0.35	3.0	2.0	70	NA	NA	0.1	failed	early_stop_failed	4900	>46	46.82631722444974	-23	0.11782293267358535
853	1	0	0	0.0	1	False	0.35	3.0	3.0	70	NA	NA	0.1	failed	early_stop_failed	4850	>46	46.766412739578904	-24	0.12919268528121777
854	1	0	0	0.0	1	False	0.35	3.0	5.0	70	NA	NA	0.1	failed	early_stop_failed	4950	>46	46.39536701360143	-21	0.11833527692145339
855	1	0	0	0.0	1	False	0.35	3.5	1.1	70	NA	NA	0.1	failed	early_stop_failed	4650	>46	46.57815693032945	-21	0.1081276851164795
856	1	0	0	0.0	1	False	0.35	3.5	1.5	70	NA	NA	0.1	failed	early_stop_failed	4050	>46	46.795841305263146	-23	0.11198662661025555
857	1	0	0	0.0	1	False	0.35	3.5	2.0	70	NA	NA	0.1	failed	early_stop_failed	4650	>46	46.763035665372556	-25	0.10002023808024642
858	1	0	0	0.0	1	False	0.35	3.5	3.0	70	NA	NA	0.1	failed	early_stop_failed	4900	>46	46.72103126835593	-23	0.1081788460070595
859	1	0	0	0.0	1	False	0.35	3.5	5.0	70	NA	NA	0.1	failed	early_stop_failed	4850	>46	46.61438506885906	-21	0.14920208117746422
860	1	0	0	0.0	1	False	0.35	4.0	1.1	70	NA	NA	0.1	failed	early_stop_failed	5300	>46	46.456790356747895	-24	0.13841277333405125
861	1	0	0	0.0	1	False	0.35	4.0	1.5	70	NA	NA	0.1	failed	early_stop_failed	4500	>46	47.147317280540335	-22	0.09696860243127807
862	1	0	0	0.0	1	False	0.35	4.0	2.0	70	NA	NA	0.1	failed	early_stop_failed	4950	>46	46.830447900833704	-22	0.11442247178394922
863	1	0	0	0.0	1	False	0.35	4.0	3.0	70	NA	NA	0.1	failed	early_stop_failed	4950	>46	46.56780955087105	-23	0.1339648728035135
864	1	0	0	0.0	1	False	0.35	4.0	5.0	70	NA	NA	0.1	failed	early_stop_failed	5100	>46	46.54870487049357	-22	0.11487160633792894
865	1	0	0	0.0	1	False	0.35	4.5	1.1	70	NA	NA	0.1	failed	early_stop_failed	3950	>46	47.2273465155922	-22	0.08815135021788391
866	1	0	0	0.0	1	False	0.35	4.5	1.5	70	NA	NA	0.1	failed	early_stop_failed	4850	>46	46.50197464600869	-24	0.12917799832094437
867	1	0	0	0.0	1	False	0.35	4.5	2.0	70	NA	NA	0.1	failed	early_stop_failed	4950	>46	46.762230554602574	-24	0.11906728517103878
868	1	0	0	0.0	1	False	0.35	4.5	3.0	70	NA	NA	0.1	failed	early_stop_failed	4400	>46	46.64964671548469	-25	0.09218332984355705
869	1	0	0	0.0	1	False	0.35	4.5	5.0	70	NA	NA	0.1	failed	early_stop_failed	4300	>46	46.929991443333286	-22	0.11202943793479413
870	1	0	0	0.0	1	False	0.35	5.0	1.1	70	NA	NA	0.1	failed	early_stop_failed	5000	>46	46.64691405543101	-23	0.13278361232096458
871	1	0	0	0.0	1	False	0.35	5.0	1.5	70	NA	NA	0.1	failed	early_stop_failed	5050	>46	46.62999079961542	-22	0.13853558038206007
872	1	0	0	0.0	1	False	0.35	5.0	2.0	70	NA	NA	0.1	failed	early_stop_failed	5000	>46	46.675972087969534	-24	0.1205630347663462
873	1	0	0	0.0	1	False	0.35	5.0	3.0	70	NA	NA	0.1	failed	early_stop_failed	4750	>46	46.828276427103646	-22	0.11117272915220566
874	1	0	0	0.0	1	False	0.35	5.0	5.0	70	NA	NA	0.1	failed	early_stop_failed	4000	>46	46.46872193112479	-24	0.1144605781204087
875	1	1	1	0.0	0	False	0.15	3.0	1.1	70	0.008	28.0	NA	succeed	early_stop_succeed	4400	41.14591643345875	41.13909514964245	-30	0.12692597264221944
876	1	1	1	0.0	0	False	0.15	3.0	1.5	70	0.008	28.0	NA	succeed	early_stop_succeed	2100	40.17497529465214	40.165133195029995	-30	0.20273771392157522
877	1	1	1	0.0	0	False	0.15	3.0	2.0	70	0.008	28.0	NA	succeed	early_stop_succeed	2350	40.55784505942005	40.56706218824578	-30	0.1959414685896873
878	1	1	1	0.0	0	False	0.15	3.0	3.0	70	0.008	28.0	NA	succeed	early_stop_succeed	2150	40.34181359535855	40.36509796777421	-30	0.2397313409186343
879	1	1	1	0.0	0	False	0.15	3.0	5.0	70	0.008	28.0	NA	succeed	early_stop_succeed	4200	41.30152346677747	41.32598701624233	-28	0.16748879497577535
880	1	1	1	0.0	0	False	0.15	3.5	1.1	70	0.008	28.0	NA	succeed	early_stop_succeed	2200	40.269858628566446	40.29039540978155	-30	0.22081688467844948
881	1	1	1	0.0	0	False	0.15	3.5	1.5	70	0.008	28.0	NA	succeed	early_stop_succeed	5300	41.52456117966338	41.526503527665234	-30	0.1354674875042629
882	1	1	1	0.0	0	False	0.15	3.5	2.0	70	0.008	28.0	NA	succeed	early_stop_succeed	3500	41.03999082324373	41.04865525003872	-29	0.14752679051094136
883	1	1	1	0.0	0	False	0.15	3.5	3.0	70	0.008	28.0	NA	succeed	early_stop_succeed	2200	40.550766931018956	40.53298454908586	-30	0.19915592585610217
884	1	1	1	0.0	0	False	0.15	3.5	5.0	70	0.008	28.0	NA	succeed	early_stop_succeed	6400	42.55605016868092	42.56449351073338	-28	0.15409952643484764
885	1	1	1	0.0	0	False	0.15	4.0	1.1	70	0.008	28.0	NA	succeed	early_stop_succeed	2450	40.65591497861645	40.64622463049743	-30	0.2120596659677024
886	1	1	1	0.0	0	False	0.15	4.0	1.5	70	0.008	28.0	NA	succeed	early_stop_succeed	2900	40.79300309427951	40.77251986549253	-30	0.16225634123535404
887	1	1	1	0.0	0	False	0.15	4.0	2.0	70	0.008	28.0	NA	succeed	early_stop_succeed	2600	40.60826278857022	40.583102736877834	-30	0.24533372612946228
888	1	1	1	0.0	0	False	0.15	4.0	3.0	70	0.008	28.0	NA	succeed	early_stop_succeed	5850	43.15862918595656	43.151213130833334	-28	0.121993764350016
889	1	1	1	0.0	0	False	0.15	4.0	5.0	70	0.008	28.0	NA	succeed	early_stop_succeed	5700	42.954849589310676	42.96768625508101	-28	0.13414352593484025
890	1	1	1	0.0	0	False	0.15	4.5	1.1	70	0.008	28.0	NA	succeed	early_stop_succeed	4500	41.31972377881717	41.30621083318104	-30	0.1260948416634225
891	1	1	1	0.0	0	False	0.15	4.5	1.5	70	0.008	28.0	NA	succeed	early_stop_succeed	7200	43.131104830863244	43.1455828957098	-26	0.1203936519941283
892	1	1	1	0.0	0	False	0.15	4.5	2.0	70	0.008	28.0	NA	succeed	early_stop_succeed	10500	44.59343967972869	44.54415819476537	-24	0.10647762047395246
893	1	1	1	0.0	0	False	0.15	4.5	3.0	70	0.008	28.0	NA	succeed	early_stop_succeed	4800	42.54791668097667	42.55039838826669	-28	0.1345228417170815
894	1	1	1	0.0	0	False	0.15	4.5	5.0	70	0.008	28.0	NA	succeed	early_stop_succeed	6250	43.29277573443255	43.251276835520635	-27	0.1424921347204217
895	1	1	1	0.0	0	False	0.15	5.0	1.1	70	0.008	28.0	NA	succeed	early_stop_succeed	3000	40.866129392242534	40.87353159712277	-30	0.16489036958955247
896	1	1	1	0.0	0	False	0.15	5.0	1.5	70	0.008	28.0	NA	succeed	early_stop_succeed	4400	41.58487944310803	41.600573939002494	-29	0.16147275877534187
897	1	1	1	0.0	0	False	0.15	5.0	2.0	70	0.008	28.0	NA	succeed	early_stop_succeed	6350	43.08785892981721	43.12985946108461	-26	0.11213424439019702
898	1	1	1	0.0	0	False	0.15	5.0	3.0	70	0.008	28.0	NA	succeed	early_stop_succeed	5800	43.40886406440281	43.406362315696796	-26	0.14498230883681587
899	1	1	1	0.0	0	False	0.15	5.0	5.0	70	0.008	28.0	NA	failed	early_stop_failed	9400	>46	46.160975309760836	-26	0.09170503040981667
900	1	1	1	0.0	0	False	0.2	3.0	1.1	70	0.008	28.0	NA	extinct	population_extinct	100000	NA	41.16743394759686	NA	NA
901	1	1	1	0.0	0	False	0.2	3.0	1.5	70	0.008	28.0	NA	succeed	early_stop_succeed	2000	40.323107704393664	40.28609186202324	-30	0.2422262425656697
902	1	1	1	0.0	0	False	0.2	3.0	2.0	70	0.008	28.0	NA	succeed	early_stop_succeed	3650	40.74080458328036	40.71853127244656	-29	0.14532877147359818
903	1	1	1	0.0	0	False	0.2	3.0	3.0	70	0.008	28.0	NA	succeed	early_stop_succeed	3850	40.8832597494626	40.864199697454026	-29	0.14707303659058518
904	1	1	1	0.0	0	False	0.2	3.0	5.0	70	0.008	28.0	NA	succeed	early_stop_succeed	3450	40.78582130920603	40.8187269449569	-30	0.16342552699659751
905	1	1	1	0.0	0	False	0.2	3.5	1.1	70	0.008	28.0	NA	succeed	early_stop_succeed	2700	40.38052228031749	40.38639730103148	-30	0.17507954036861367
906	1	1	1	0.0	0	False	0.2	3.5	1.5	70	0.008	28.0	NA	succeed	early_stop_succeed	2300	40.32038174049177	40.3420638124083	-30	0.269220200764527
907	1	1	1	0.0	0	False	0.2	3.5	2.0	70	0.008	28.0	NA	succeed	early_stop_succeed	4050	41.140915611526516	41.15928320865363	-28	0.15386673828721378
908	1	1	1	0.0	0	False	0.2	3.5	3.0	70	0.008	28.0	NA	succeed	early_stop_succeed	3650	41.26091913298567	41.251284612424584	-28	0.16793600548926246
909	1	1	1	0.0	0	False	0.2	3.5	5.0	70	0.008	28.0	NA	succeed	early_stop_succeed	4050	41.04309485696117	41.058463640839115	-30	0.16817099275941483
910	1	1	1	0.0	0	False	0.2	4.0	1.1	70	0.008	28.0	NA	succeed	early_stop_succeed	4200	40.928931273063036	40.94823066249664	-28	0.14459773494336764
911	1	1	1	0.0	0	False	0.2	4.0	1.5	70	0.008	28.0	NA	succeed	early_stop_succeed	2650	40.44504123549937	40.43444234495797	-30	0.20411836745305575
912	1	1	1	0.0	0	False	0.2	4.0	2.0	70	0.008	28.0	NA	succeed	early_stop_succeed	3700	41.20246641805735	41.207603304019464	-29	0.18201008891053466
913	1	1	1	0.0	0	False	0.2	4.0	3.0	70	0.008	28.0	NA	succeed	early_stop_succeed	2100	40.326570426276085	40.32968499500043	-30	0.2194625594052061
914	1	1	1	0.0	0	False	0.2	4.0	5.0	70	0.008	28.0	NA	succeed	early_stop_succeed	6200	42.62851533698856	42.69558503258167	-27	0.1489293390416703
915	1	1	1	0.0	0	False	0.2	4.5	1.1	70	0.008	28.0	NA	succeed	early_stop_succeed	3400	40.80472834499242	40.78966349996926	-28	0.1514663012168198
916	1	1	1	0.0	0	False	0.2	4.5	1.5	70	0.008	28.0	NA	succeed	early_stop_succeed	5000	42.020123829047705	42.031023738510285	-28	0.13057168693612142
917	1	1	1	0.0	0	False	0.2	4.5	2.0	70	0.008	28.0	NA	succeed	early_stop_succeed	5000	42.00900504832486	42.053057380912655	-28	0.14123410204715095
918	1	1	1	0.0	0	False	0.2	4.5	3.0	70	0.008	28.0	NA	failed	early_stop_failed	9900	46.05908449959608	46.161098495142795	-27	0.0884808851112609
919	1	1	1	0.0	0	False	0.2	4.5	5.0	70	0.008	28.0	NA	succeed	early_stop_succeed	6750	43.8682883740864	43.92919743474397	-25	0.12204511388864685
920	1	1	1	0.0	0	False	0.2	5.0	1.1	70	0.008	28.0	NA	succeed	early_stop_succeed	4150	41.32373001103511	41.34032010392602	-29	0.14300073361277493
921	1	1	1	0.0	0	False	0.2	5.0	1.5	70	0.008	28.0	NA	succeed	early_stop_succeed	3300	40.78428141983499	40.770214111574006	-29	0.1628749748863833
922	1	1	1	0.0	0	False	0.2	5.0	2.0	70	0.008	28.0	NA	succeed	early_stop_succeed	4400	41.752979981332174	41.73845031234644	-28	0.13955431600618715
923	1	1	1	0.0	0	False	0.2	5.0	3.0	70	0.008	28.0	NA	succeed	early_stop_succeed	2850	41.36574648455135	41.34815618013934	-30	0.14583153502765767
924	1	1	1	0.0	0	False	0.2	5.0	5.0	70	0.008	28.0	NA	succeed	early_stop_succeed	7050	44.08247546551407	44.11423108641907	-26	0.13740256643907098
925	1	1	1	0.0	0	False	0.25	3.0	1.1	70	0.008	28.0	NA	extinct	population_extinct	100000	NA	NA	NA	NA
926	1	1	1	0.0	0	False	0.25	3.0	1.5	70	0.008	28.0	NA	succeed	early_stop_succeed	2000	40.00715280226073	40.02558116542395	-30	0.2599174586377262
927	1	1	1	0.0	0	False	0.25	3.0	2.0	70	0.008	28.0	NA	succeed	early_stop_succeed	2550	40.304361619344654	40.30042976869887	-30	0.16952534951885137
928	1	1	1	0.0	0	False	0.25	3.0	3.0	70	0.008	28.0	NA	succeed	early_stop_succeed	2950	40.71081922630269	40.70492241317931	-30	0.17147655670870945
929	1	1	1	0.0	0	False	0.25	3.0	5.0	70	0.008	28.0	NA	succeed	early_stop_succeed	5100	41.40420810316979	41.404853097997474	-28	0.13376261295698
930	1	1	1	0.0	0	False	0.25	3.5	1.1	70	0.008	28.0	NA	extinct	population_extinct	100000	NA	39.62368910592332	NA	NA
931	1	1	1	0.0	0	False	0.25	3.5	1.5	70	0.008	28.0	NA	succeed	early_stop_succeed	2200	40.16302283923477	40.16123860682578	-30	0.24329955137306306
932	1	1	1	0.0	0	False	0.25	3.5	2.0	70	0.008	28.0	NA	succeed	early_stop_succeed	3650	40.861541345803005	40.87966668777038	-30	0.16801648385109985
933	1	1	1	0.0	0	False	0.25	3.5	3.0	70	0.008	28.0	NA	succeed	early_stop_succeed	3650	40.904220840565756	40.91417148093903	-29	0.1531057515415561
934	1	1	1	0.0	0	False	0.25	3.5	5.0	70	0.008	28.0	NA	succeed	early_stop_succeed	4800	41.373891176398814	41.371320023377294	-28	0.1407672017353715
935	1	1	1	0.0	0	False	0.25	4.0	1.1	70	0.008	28.0	NA	succeed	early_stop_succeed	4550	41.28036147279673	41.358330692379994	-29	0.14412711111953938
936	1	1	1	0.0	0	False	0.25	4.0	1.5	70	0.008	28.0	NA	succeed	early_stop_succeed	2000	40.299031632037874	40.33764730301154	-30	0.2724316532100912
937	1	1	1	0.0	0	False	0.25	4.0	2.0	70	0.008	28.0	NA	succeed	early_stop_succeed	4100	41.494240766598686	41.5082763795342	-30	0.15838594395801722
938	1	1	1	0.0	0	False	0.25	4.0	3.0	70	0.008	28.0	NA	succeed	early_stop_succeed	6600	43.045953456952155	43.09493807761842	-28	0.11537280752566131
939	1	1	1	0.0	0	False	0.25	4.0	5.0	70	0.008	28.0	NA	succeed	early_stop_succeed	4700	42.34370506957394	42.35159999316918	-28	0.14150136513705716
940	1	1	1	0.0	0	False	0.25	4.5	1.1	70	0.008	28.0	NA	succeed	early_stop_succeed	2000	40.290576393811655	40.300330334107706	-30	0.2607924470723311
941	1	1	1	0.0	0	False	0.25	4.5	1.5	70	0.008	28.0	NA	succeed	early_stop_succeed	4550	41.7755538684903	41.79847280502521	-28	0.15851538352813568
942	1	1	1	0.0	0	False	0.25	4.5	2.0	70	0.008	28.0	NA	succeed	early_stop_succeed	4950	41.89818590605764	41.90431133791545	-28	0.1499869132538409
943	1	1	1	0.0	0	False	0.25	4.5	3.0	70	0.008	28.0	NA	succeed	early_stop_succeed	8300	44.17994168673457	44.17655235123752	-26	0.12096409945696843
944	1	1	1	0.0	0	False	0.25	4.5	5.0	70	0.008	28.0	NA	succeed	early_stop_succeed	6000	43.32328608412854	43.30941822216191	-26	0.12412311231333413
945	1	1	1	0.0	0	False	0.25	5.0	1.1	70	0.008	28.0	NA	succeed	early_stop_succeed	3000	40.61839627092779	40.60370298995197	-30	0.16488699184389483
946	1	1	1	0.0	0	False	0.25	5.0	1.5	70	0.008	28.0	NA	succeed	early_stop_succeed	2400	40.48081205368717	40.49206583308514	-30	0.20165600951486365
947	1	1	1	0.0	0	False	0.25	5.0	2.0	70	0.008	28.0	NA	succeed	early_stop_succeed	5050	42.359963064083566	42.37370159406961	-28	0.1445355585247629
948	1	1	1	0.0	0	False	0.25	5.0	3.0	70	0.008	28.0	NA	succeed	early_stop_succeed	4750	42.73455380559761	42.75942224246391	-28	0.14144904690913415
949	1	1	1	0.0	0	False	0.25	5.0	5.0	70	0.008	28.0	NA	succeed	early_stop_succeed	8600	44.34155537478009	44.35378259549236	-26	0.1264364340669173
950	1	1	1	0.0	0	False	0.3	3.0	1.1	70	0.008	28.0	NA	extinct	population_extinct	100000	NA	NA	NA	NA
951	1	1	1	0.0	0	False	0.3	3.0	1.5	70	0.008	28.0	NA	extinct	population_extinct	100000	NA	42.830080441504556	NA	NA
952	1	1	1	0.0	0	False	0.3	3.0	2.0	70	0.008	28.0	NA	succeed	early_stop_succeed	2000	40.198396646307735	40.19886145753626	-30	0.2681085181004102
953	1	1	1	0.0	0	False	0.3	3.0	3.0	70	0.008	28.0	NA	succeed	early_stop_succeed	2250	40.3490486310196	40.37110028463159	-30	0.19751834739974058
954	1	1	1	0.0	0	False	0.3	3.0	5.0	70	0.008	28.0	NA	succeed	early_stop_succeed	2850	40.634565134499425	40.63567345098786	-30	0.15311150652917335
955	1	1	1	0.0	0	False	0.3	3.5	1.1	70	0.008	28.0	NA	extinct	population_extinct	100000	NA	NA	NA	NA
956	1	1	1	0.0	0	False	0.3	3.5	1.5	70	0.008	28.0	NA	succeed	early_stop_succeed	2650	40.55244698596865	40.55824134812224	-30	0.17928670506457073
957	1	1	1	0.0	0	False	0.3	3.5	2.0	70	0.008	28.0	NA	succeed	early_stop_succeed	3000	40.42921407475508	40.47515587820367	-30	0.1651692005773652
958	1	1	1	0.0	0	False	0.3	3.5	3.0	70	0.008	28.0	NA	succeed	early_stop_succeed	2050	40.242188336225574	40.19981020634484	-30	0.24046974994737177
959	1	1	1	0.0	0	False	0.3	3.5	5.0	70	0.008	28.0	NA	succeed	early_stop_succeed	5650	42.40113198029497	42.439359969789145	-27	0.11902315725035877
960	1	1	1	0.0	0	False	0.3	4.0	1.1	70	0.008	28.0	NA	succeed	early_stop_succeed	2000	40.115222686192375	40.08376480006137	-30	0.253157472622509
961	1	1	1	0.0	0	False	0.3	4.0	1.5	70	0.008	28.0	NA	succeed	early_stop_succeed	2150	40.28981412932164	40.27830596602581	-30	0.2238715934454116
962	1	1	1	0.0	0	False	0.3	4.0	2.0	70	0.008	28.0	NA	succeed	early_stop_succeed	3400	40.81130703563522	40.80242912537832	-30	0.18720711717696936
963	1	1	1	0.0	0	False	0.3	4.0	3.0	70	0.008	28.0	NA	succeed	early_stop_succeed	4100	41.171469166700255	41.20394806353425	-30	0.14508551888576804
964	1	1	1	0.0	0	False	0.3	4.0	5.0	70	0.008	28.0	NA	succeed	early_stop_succeed	4650	42.19051068857545	42.18031825799061	-28	0.14563458582593405
965	1	1	1	0.0	0	False	0.3	4.5	1.1	70	0.008	28.0	NA	succeed	early_stop_succeed	2300	40.24517404653373	40.23818365398084	-30	0.21429286693948174
966	1	1	1	0.0	0	False	0.3	4.5	1.5	70	0.008	28.0	NA	succeed	early_stop_succeed	2350	40.298811862724534	40.289978805843496	-30	0.19746609906221518
967	1	1	1	0.0	0	False	0.3	4.5	2.0	70	0.008	28.0	NA	succeed	early_stop_succeed	4400	41.389023529239815	41.38359331942732	-29	0.148191655286319
968	1	1	1	0.0	0	False	0.3	4.5	3.0	70	0.008	28.0	NA	succeed	early_stop_succeed	5400	42.77173874169395	42.81323065906885	-28	0.14862132851512144
969	1	1	1	0.0	0	False	0.3	4.5	5.0	70	0.008	28.0	NA	succeed	early_stop_succeed	5100	42.92940531428372	42.92672732003433	-27	0.1415846152772607
970	1	1	1	0.0	0	False	0.3	5.0	1.1	70	0.008	28.0	NA	succeed	early_stop_succeed	2300	40.221814675457324	40.23160214941112	-30	0.21247237321529147
971	1	1	1	0.0	0	False	0.3	5.0	1.5	70	0.008	28.0	NA	succeed	early_stop_succeed	4100	41.61522403573868	41.60884149301	-29	0.13368913774356306
972	1	1	1	0.0	0	False	0.3	5.0	2.0	70	0.008	28.0	NA	succeed	early_stop_succeed	7650	43.79222965502549	43.81375416991283	-28	0.11801986828359472
973	1	1	1	0.0	0	False	0.3	5.0	3.0	70	0.008	28.0	NA	succeed	early_stop_succeed	7000	43.821577994556584	43.817456585138544	-27	0.132671134035908
974	1	1	1	0.0	0	False	0.3	5.0	5.0	70	0.008	28.0	NA	succeed	early_stop_succeed	7450	44.335199202658416	44.358427601040155	-26	0.11601444504478652
975	1	1	1	0.0	0	False	0.35	3.0	1.1	70	0.008	28.0	NA	extinct	population_extinct	100000	NA	NA	NA	NA
976	1	1	1	0.0	0	False	0.35	3.0	1.5	70	0.008	28.0	NA	extinct	population_extinct	100000	NA	NA	NA	NA
977	1	1	1	0.0	0	False	0.35	3.0	2.0	70	0.008	28.0	NA	succeed	early_stop_succeed	2000	40.11755482651637	40.11829358732706	-30	0.22008621175467524
978	1	1	1	0.0	0	False	0.35	3.0	3.0	70	0.008	28.0	NA	succeed	early_stop_succeed	3750	40.92263559315538	40.92431685421285	-28	0.1385692963182335
979	1	1	1	0.0	0	False	0.35	3.0	5.0	70	0.008	28.0	NA	succeed	early_stop_succeed	4500	41.33372019199695	41.359167695271	-28	0.13302316649691648
980	1	1	1	0.0	0	False	0.35	3.5	1.1	70	0.008	28.0	NA	extinct	population_extinct	100000	NA	NA	NA	NA
981	1	1	1	0.0	0	False	0.35	3.5	1.5	70	0.008	28.0	NA	succeed	early_stop_succeed	2000	40.271075348420496	40.248805829658714	-30	0.21049867744976067
982	1	1	1	0.0	0	False	0.35	3.5	2.0	70	0.008	28.0	NA	succeed	early_stop_succeed	2100	40.140729370457805	40.115588479951484	-30	0.27572207624292777
983	1	1	1	0.0	0	False	0.35	3.5	3.0	70	0.008	28.0	NA	succeed	early_stop_succeed	2000	40.28235443947203	40.280832784944856	-30	0.24362741204064103
984	1	1	1	0.0	0	False	0.35	3.5	5.0	70	0.008	28.0	NA	succeed	early_stop_succeed	3200	40.7031008074027	40.70684500857538	-29	0.16342770231206954
985	1	1	1	0.0	0	False	0.35	4.0	1.1	70	0.008	28.0	NA	extinct	population_extinct	100000	NA	39.526876654064225	NA	NA
986	1	1	1	0.0	0	False	0.35	4.0	1.5	70	0.008	28.0	NA	succeed	early_stop_succeed	2350	40.20260504316826	40.197543083013244	-30	0.24647156976436613
987	1	1	1	0.0	0	False	0.35	4.0	2.0	70	0.008	28.0	NA	succeed	early_stop_succeed	2200	40.21006576805229	40.23925965557128	-30	0.20694078689655032
988	1	1	1	0.0	0	False	0.35	4.0	3.0	70	0.008	28.0	NA	succeed	early_stop_succeed	2400	40.61638466113689	40.63344430653926	-30	0.1725561938494178
989	1	1	1	0.0	0	False	0.35	4.0	5.0	70	0.008	28.0	NA	succeed	early_stop_succeed	6400	43.08214435503923	43.15729000116153	-28	0.12807675561642268
990	1	1	1	0.0	0	False	0.35	4.5	1.1	70	0.008	28.0	NA	succeed	early_stop_succeed	2750	40.398903532370724	40.41768241014909	-30	0.19817891526956857
991	1	1	1	0.0	0	False	0.35	4.5	1.5	70	0.008	28.0	NA	succeed	early_stop_succeed	4700	41.865133407723285	41.9546066721167	-28	0.13499647750741514
992	1	1	1	0.0	0	False	0.35	4.5	2.0	70	0.008	28.0	NA	succeed	early_stop_succeed	3150	40.881038859361304	40.88248095946874	-30	0.177555538471426
993	1	1	1	0.0	0	False	0.35	4.5	3.0	70	0.008	28.0	NA	succeed	early_stop_succeed	4800	42.29076804704103	42.29983382217215	-29	0.137673873299796
994	1	1	1	0.0	0	False	0.35	4.5	5.0	70	0.008	28.0	NA	succeed	early_stop_succeed	7050	43.403495547366745	43.385262836959114	-25	0.12487329432907995
995	1	1	1	0.0	0	False	0.35	5.0	1.1	70	0.008	28.0	NA	succeed	early_stop_succeed	3450	40.662085321800895	40.64946151148074	-30	0.16544008594946885
996	1	1	1	0.0	0	False	0.35	5.0	1.5	70	0.008	28.0	NA	succeed	early_stop_succeed	2300	40.3230490684982	40.32032382731244	-30	0.23870518554842995
997	1	1	1	0.0	0	False	0.35	5.0	2.0	70	0.008	28.0	NA	succeed	early_stop_succeed	4350	41.93604766525319	41.95364148562157	-29	0.16390540705916842
998	1	1	1	0.0	0	False	0.35	5.0	3.0	70	0.008	28.0	NA	succeed	early_stop_succeed	7650	43.78585385346715	43.782426679179665	-27	0.11640496646596928
999	1	1	1	0.0	0	False	0.35	5.0	5.0	70	0.008	28.0	NA	succeed	early_stop_succeed	6800	44.14167390584384	44.20683414813797	-27	0.1305539499632248
1000	1	1	0	0.0	1	False	0.15	3.0	1.1	70	0.008	28.0	0.1	succeed	early_stop_succeed	2750	40.214093334615995	40.23469422225013	-30	0.19424912311788245
1001	1	1	0	0.0	1	False	0.15	3.0	1.5	70	0.008	28.0	0.1	succeed	early_stop_succeed	4450	40.96994080153263	40.97652964291406	-30	0.14105072366483098
1002	1	1	0	0.0	1	False	0.15	3.0	2.0	70	0.008	28.0	0.1	succeed	early_stop_succeed	2100	40.23260110667623	40.21603463797468	-30	0.2416850687062947
1003	1	1	0	0.0	1	False	0.15	3.0	3.0	70	0.008	28.0	0.1	succeed	early_stop_succeed	2000	40.280516395515676	40.26871863181262	-30	0.23766100328135864
1004	1	1	0	0.0	1	False	0.15	3.0	5.0	70	0.008	28.0	0.1	succeed	early_stop_succeed	2250	40.47471006198212	40.495614631626104	-30	0.24380790642396366
1005	1	1	0	0.0	1	False	0.15	3.5	1.1	70	0.008	28.0	0.1	succeed	early_stop_succeed	3650	40.605605656636754	40.58922800928581	-30	0.1581031644056303
1006	1	1	0	0.0	1	False	0.15	3.5	1.5	70	0.008	28.0	0.1	succeed	early_stop_succeed	3250	40.75465479734363	40.72758809702521	-30	0.17500883064097486
1007	1	1	0	0.0	1	False	0.15	3.5	2.0	70	0.008	28.0	0.1	succeed	early_stop_succeed	3950	41.469151020696216	41.43704479320883	-29	0.16498001811035945
1008	1	1	0	0.0	1	False	0.15	3.5	3.0	70	0.008	28.0	0.1	succeed	early_stop_succeed	6350	43.067288467132336	43.118783238830126	-28	0.10652967086548915
1009	1	1	0	0.0	1	False	0.15	3.5	5.0	70	0.008	28.0	0.1	succeed	early_stop_succeed	5500	42.742343311581465	42.78082335765063	-26	0.12449309234597765
1010	1	1	0	0.0	1	False	0.15	4.0	1.1	70	0.008	28.0	0.1	succeed	early_stop_succeed	2850	40.491025049708284	40.49875100190102	-30	0.20991664314407424
1011	1	1	0	0.0	1	False	0.15	4.0	1.5	70	0.008	28.0	0.1	succeed	early_stop_succeed	4650	41.4822760474936	41.51646516445268	-29	0.13571571309467767
1012	1	1	0	0.0	1	False	0.15	4.0	2.0	70	0.008	28.0	0.1	succeed	early_stop_succeed	3500	41.16133804309139	41.150784735992644	-28	0.16566450602928842
1013	1	1	0	0.0	1	False	0.15	4.0	3.0	70	0.008	28.0	0.1	succeed	early_stop_succeed	5500	42.7298160183063	42.77541755267715	-28	0.14795207849722528
1014	1	1	0	0.0	1	False	0.15	4.0	5.0	70	0.008	28.0	0.1	succeed	early_stop_succeed	9000	44.82191709808672	44.82722997979431	-25	0.12222598180635844
1015	1	1	0	0.0	1	False	0.15	4.5	1.1	70	0.008	28.0	0.1	succeed	early_stop_succeed	3250	40.837963378270544	40.87296856556453	-30	0.1611695732185812
1016	1	1	0	0.0	1	False	0.15	4.5	1.5	70	0.008	28.0	0.1	succeed	early_stop_succeed	2100	40.42986848219011	40.44071817773119	-30	0.25529885593598695
1017	1	1	0	0.0	1	False	0.15	4.5	2.0	70	0.008	28.0	0.1	succeed	early_stop_succeed	6100	42.979168743376384	42.97667053898964	-28	0.12809106654592037
1018	1	1	0	0.0	1	False	0.15	4.5	3.0	70	0.008	28.0	0.1	succeed	early_stop_succeed	7400	44.322763767676264	44.32570223939293	-26	0.1275449195919022
1019	1	1	0	0.0	1	False	0.15	4.5	5.0	70	0.008	28.0	0.1	succeed	early_stop_succeed	2650	41.05803960194967	41.00985323248707	-30	0.17367767820713578
1020	1	1	0	0.0	1	False	0.15	5.0	1.1	70	0.008	28.0	0.1	succeed	early_stop_succeed	2750	40.6457092223083	40.69582772583283	-30	0.17575725395474526
1021	1	1	0	0.0	1	False	0.15	5.0	1.5	70	0.008	28.0	0.1	succeed	early_stop_succeed	4600	42.16510684089981	42.17930675390411	-28	0.1364166336885428
1022	1	1	0	0.0	1	False	0.15	5.0	2.0	70	0.008	28.0	0.1	succeed	early_stop_succeed	2000	40.41733510915771	40.367657031529866	-30	0.23882028378424144
1023	1	1	0	0.0	1	False	0.15	5.0	3.0	70	0.008	28.0	0.1	succeed	early_stop_succeed	6050	44.00077798065046	44.040068136674975	-26	0.10427684743763493
1024	1	1	0	0.0	1	False	0.15	5.0	5.0	70	0.008	28.0	0.1	succeed	early_stop_succeed	7100	43.939752591546046	43.95330798316461	-26	0.11507370705726716
1025	1	1	0	0.0	1	False	0.2	3.0	1.1	70	0.008	28.0	0.1	extinct	population_extinct	100000	NA	NA	NA	NA
1026	1	1	0	0.0	1	False	0.2	3.0	1.5	70	0.008	28.0	0.1	succeed	early_stop_succeed	2850	40.30443043335438	40.3201168116208	-30	0.15810753415420312
1027	1	1	0	0.0	1	False	0.2	3.0	2.0	70	0.008	28.0	0.1	succeed	early_stop_succeed	2350	40.259273505782474	40.26175959699637	-30	0.20928966041081287
1028	1	1	0	0.0	1	False	0.2	3.0	3.0	70	0.008	28.0	0.1	succeed	early_stop_succeed	2450	40.47821517341704	40.5009327524558	-30	0.2062921883531851
1029	1	1	0	0.0	1	False	0.2	3.0	5.0	70	0.008	28.0	0.1	succeed	early_stop_succeed	5550	42.207819052778895	42.21198871803578	-29	0.10355669968217135
1030	1	1	0	0.0	1	False	0.2	3.5	1.1	70	0.008	28.0	0.1	succeed	early_stop_succeed	3150	40.3018483356346	40.33048685381142	-30	0.16438722583155943
1031	1	1	0	0.0	1	False	0.2	3.5	1.5	70	0.008	28.0	0.1	succeed	early_stop_succeed	2650	40.191943409630355	40.23064559390484	-30	0.1861527532301195
1032	1	1	0	0.0	1	False	0.2	3.5	2.0	70	0.008	28.0	0.1	succeed	early_stop_succeed	3350	40.9646878328026	40.93227747338344	-28	0.16509851366517744
1033	1	1	0	0.0	1	False	0.2	3.5	3.0	70	0.008	28.0	0.1	succeed	early_stop_succeed	2150	40.389107930878794	40.38979328985361	-30	0.19547951363579802
1034	1	1	0	0.0	1	False	0.2	3.5	5.0	70	0.008	28.0	0.1	succeed	early_stop_succeed	5600	42.38599299977779	42.38986722080496	-29	0.138362709760409
1035	1	1	0	0.0	1	False	0.2	4.0	1.1	70	0.008	28.0	0.1	succeed	early_stop_succeed	2000	40.2529775353266	40.22087474436656	-30	0.25087333237588233
1036	1	1	0	0.0	1	False	0.2	4.0	1.5	70	0.008	28.0	0.1	succeed	early_stop_succeed	2000	40.4703196854999	40.44207252995459	-30	0.2596179681510859
1037	1	1	0	0.0	1	False	0.2	4.0	2.0	70	0.008	28.0	0.1	succeed	early_stop_succeed	2450	40.476682615341055	40.465680052711086	-30	0.1992008529412125
1038	1	1	0	0.0	1	False	0.2	4.0	3.0	70	0.008	28.0	0.1	succeed	early_stop_succeed	6300	42.888653729307634	42.87362741994167	-27	0.12720327955635283
1039	1	1	0	0.0	1	False	0.2	4.0	5.0	70	0.008	28.0	0.1	succeed	early_stop_succeed	6400	43.12776824567504	43.16605247653696	-27	0.12595820797795435
1040	1	1	0	0.0	1	False	0.2	4.5	1.1	70	0.008	28.0	0.1	succeed	early_stop_succeed	2000	40.24218894195282	40.268582946317885	-30	0.237726996278378
1041	1	1	0	0.0	1	False	0.2	4.5	1.5	70	0.008	28.0	0.1	succeed	early_stop_succeed	3550	41.31466516706162	41.333766006394555	-30	0.15345296569475533
1042	1	1	0	0.0	1	False	0.2	4.5	2.0	70	0.008	28.0	0.1	succeed	early_stop_succeed	5400	42.68301947073086	42.69784091733226	-26	0.13406959419523298
1043	1	1	0	0.0	1	False	0.2	4.5	3.0	70	0.008	28.0	0.1	succeed	early_stop_succeed	5900	43.17149152069766	43.13730338748797	-28	0.1390322489232493
1044	1	1	0	0.0	1	False	0.2	4.5	5.0	70	0.008	28.0	0.1	succeed	early_stop_succeed	6550	44.33947135859342	44.384566141186426	-26	0.12335546265490059
1045	1	1	0	0.0	1	False	0.2	5.0	1.1	70	0.008	28.0	0.1	succeed	early_stop_succeed	3150	40.91033887255376	40.917580459340996	-30	0.16633708691421295
1046	1	1	0	0.0	1	False	0.2	5.0	1.5	70	0.008	28.0	0.1	succeed	early_stop_succeed	4400	41.57807361733466	41.60068442611036	-29	0.12736479462125713
1047	1	1	0	0.0	1	False	0.2	5.0	2.0	70	0.008	28.0	0.1	succeed	early_stop_succeed	4050	42.20032637315515	42.196648806284266	-27	0.133894674835795
1048	1	1	0	0.0	1	False	0.2	5.0	3.0	70	0.008	28.0	0.1	succeed	early_stop_succeed	4850	42.927783192434575	42.94545248112829	-28	0.15794140369084336
1049	1	1	0	0.0	1	False	0.2	5.0	5.0	70	0.008	28.0	0.1	succeed	early_stop_succeed	7350	44.53127298749674	44.52974592265232	-27	0.13467158692873876
1050	1	1	0	0.0	1	False	0.25	3.0	1.1	70	0.008	28.0	0.1	extinct	population_extinct	100000	NA	NA	NA	NA
1051	1	1	0	0.0	1	False	0.25	3.0	1.5	70	0.008	28.0	0.1	succeed	early_stop_succeed	2000	40.06145705577861	40.11072865733788	-30	0.2530427946704886
1052	1	1	0	0.0	1	False	0.25	3.0	2.0	70	0.008	28.0	0.1	succeed	early_stop_succeed	2600	40.36477863011546	40.35172191031571	-30	0.17309174842830846
1053	1	1	0	0.0	1	False	0.25	3.0	3.0	70	0.008	28.0	0.1	succeed	early_stop_succeed	2150	40.36868246924252	40.34893646763888	-30	0.24653627855394994
1054	1	1	0	0.0	1	False	0.25	3.0	5.0	70	0.008	28.0	0.1	succeed	early_stop_succeed	2000	40.26626456073815	40.24102646669531	-30	0.22838331906055742
1055	1	1	0	0.0	1	False	0.25	3.5	1.1	70	0.008	28.0	0.1	succeed	early_stop_succeed	2300	39.975153443186734	40.02883722729495	-30	0.23476638522650056
1056	1	1	0	0.0	1	False	0.25	3.5	1.5	70	0.008	28.0	0.1	succeed	early_stop_succeed	2150	40.309615487093296	40.32017233678054	-30	0.1950994047966909
1057	1	1	0	0.0	1	False	0.25	3.5	2.0	70	0.008	28.0	0.1	succeed	early_stop_succeed	2350	40.293065985709084	40.29210379252922	-30	0.1789307339790392
1058	1	1	0	0.0	1	False	0.25	3.5	3.0	70	0.008	28.0	0.1	succeed	early_stop_succeed	3900	41.182449006628566	41.18298410006652	-30	0.14643426680438007
1059	1	1	0	0.0	1	False	0.25	3.5	5.0	70	0.008	28.0	0.1	succeed	early_stop_succeed	2450	40.49008291124222	40.49832947948166	-30	0.21026687498178975
1060	1	1	0	0.0	1	False	0.25	4.0	1.1	70	0.008	28.0	0.1	succeed	early_stop_succeed	2000	40.0800776311139	40.07856767998806	-30	0.23903462459877914
1061	1	1	0	0.0	1	False	0.25	4.0	1.5	70	0.008	28.0	0.1	succeed	early_stop_succeed	2850	40.48186676303246	40.482672635585175	-30	0.17085754239198156
1062	1	1	0	0.0	1	False	0.25	4.0	2.0	70	0.008	28.0	0.1	succeed	early_stop_succeed	2900	40.54932050100237	40.538914332625836	-30	0.17981669029522002
1063	1	1	0	0.0	1	False	0.25	4.0	3.0	70	0.008	28.0	0.1	succeed	early_stop_succeed	5400	42.42534842040615	42.43490541554206	-27	0.1319195263505744
1064	1	1	0	0.0	1	False	0.25	4.0	5.0	70	0.008	28.0	0.1	succeed	early_stop_succeed	2000	40.449690399071635	40.441543674511664	-30	0.21761369088080723
1065	1	1	0	0.0	1	False	0.25	4.5	1.1	70	0.008	28.0	0.1	succeed	early_stop_succeed	5250	41.431190595069175	41.52188684064006	-28	0.123655231762516
1066	1	1	0	0.0	1	False	0.25	4.5	1.5	70	0.008	28.0	0.1	succeed	early_stop_succeed	2100	40.30996379682867	40.305201693966985	-30	0.2322929940784025
1067	1	1	0	0.0	1	False	0.25	4.5	2.0	70	0.008	28.0	0.1	succeed	early_stop_succeed	3750	41.31321034291531	41.355256539414306	-29	0.16928468495077922
1068	1	1	0	0.0	1	False	0.25	4.5	3.0	70	0.008	28.0	0.1	succeed	early_stop_succeed	8450	44.19680658546982	44.19928206876894	-26	0.1322438070506472
1069	1	1	0	0.0	1	False	0.25	4.5	5.0	70	0.008	28.0	0.1	succeed	early_stop_succeed	6100	42.810798590494585	42.80253511977862	-27	0.14702217494228528
1070	1	1	0	0.0	1	False	0.25	5.0	1.1	70	0.008	28.0	0.1	succeed	early_stop_succeed	2000	40.26213175868583	40.27053938602883	-30	0.22487542215649917
1071	1	1	0	0.0	1	False	0.25	5.0	1.5	70	0.008	28.0	0.1	succeed	early_stop_succeed	8400	43.37919967242287	43.40635189293782	-26	0.10303341879381811
1072	1	1	0	0.0	1	False	0.25	5.0	2.0	70	0.008	28.0	0.1	succeed	early_stop_succeed	4700	42.185661318860646	42.206159510106026	-28	0.15331670476193024
1073	1	1	0	0.0	1	False	0.25	5.0	3.0	70	0.008	28.0	0.1	succeed	early_stop_succeed	5750	43.218558107246324	43.23997610305725	-27	0.14721131961442177
1074	1	1	0	0.0	1	False	0.25	5.0	5.0	70	0.008	28.0	0.1	succeed	early_stop_succeed	8050	45.20128932814766	45.25599083058667	-26	0.11899099481794619
1075	1	1	0	0.0	1	False	0.3	3.0	1.1	70	0.008	28.0	0.1	extinct	population_extinct	100000	NA	NA	NA	NA
1076	1	1	0	0.0	1	False	0.3	3.0	1.5	70	0.008	28.0	0.1	extinct	population_extinct	100000	NA	NA	NA	NA
1077	1	1	0	0.0	1	False	0.3	3.0	2.0	70	0.008	28.0	0.1	succeed	early_stop_succeed	2000	40.070078484207485	40.0349644567119	-30	0.2490839043105761
1078	1	1	0	0.0	1	False	0.3	3.0	3.0	70	0.008	28.0	0.1	succeed	early_stop_succeed	2100	40.137097162172594	40.14180183019852	-30	0.2378942101655622
1079	1	1	0	0.0	1	False	0.3	3.0	5.0	70	0.008	28.0	0.1	succeed	early_stop_succeed	2800	40.508805356074625	40.521007405462356	-30	0.1868404019056257
1080	1	1	0	0.0	1	False	0.3	3.5	1.1	70	0.008	28.0	0.1	extinct	population_extinct	100000	NA	NA	NA	NA
1081	1	1	0	0.0	1	False	0.3	3.5	1.5	70	0.008	28.0	0.1	succeed	early_stop_succeed	2100	40.0667827488461	40.0657011760586	-30	0.2739554517924507
1082	1	1	0	0.0	1	False	0.3	3.5	2.0	70	0.008	28.0	0.1	succeed	early_stop_succeed	3900	40.68937448545564	40.72118177391864	-30	0.14795786114054196
1083	1	1	0	0.0	1	False	0.3	3.5	3.0	70	0.008	28.0	0.1	succeed	early_stop_succeed	3900	41.2701620104543	41.30778837484929	-30	0.15489940074881942
1084	1	1	0	0.0	1	False	0.3	3.5	5.0	70	0.008	28.0	0.1	succeed	early_stop_succeed	5200	42.14637037615034	42.20801810360038	-29	0.1371575554903452
1085	1	1	0	0.0	1	False	0.3	4.0	1.1	70	0.008	28.0	0.1	succeed	early_stop_succeed	4450	41.05389087135479	41.03074429383697	-29	0.1453279829138634
1086	1	1	0	0.0	1	False	0.3	4.0	1.5	70	0.008	28.0	0.1	succeed	early_stop_succeed	2000	40.230605530978764	40.22801316760239	-30	0.24980373597849914
1087	1	1	0	0.0	1	False	0.3	4.0	2.0	70	0.008	28.0	0.1	succeed	early_stop_succeed	4800	41.915628575671064	41.91343502701494	-28	0.14154136675104229
1088	1	1	0	0.0	1	False	0.3	4.0	3.0	70	0.008	28.0	0.1	succeed	early_stop_succeed	4900	41.89780683954518	41.87596443333442	-27	0.13401657418834623
1089	1	1	0	0.0	1	False	0.3	4.0	5.0	70	0.008	28.0	0.1	succeed	early_stop_succeed	6950	43.65335309620611	43.69604899241459	-27	0.1087204903122799
1090	1	1	0	0.0	1	False	0.3	4.5	1.1	70	0.008	28.0	0.1	succeed	early_stop_succeed	2000	40.21908299914044	40.185367803868445	-30	0.25248451438680247
1091	1	1	0	0.0	1	False	0.3	4.5	1.5	70	0.008	28.0	0.1	succeed	early_stop_succeed	2700	40.63726748985473	40.6502056037597	-30	0.18218531879643926
1092	1	1	0	0.0	1	False	0.3	4.5	2.0	70	0.008	28.0	0.1	succeed	early_stop_succeed	6550	42.716864839572544	42.74417568904276	-27	0.13874907982178122
1093	1	1	0	0.0	1	False	0.3	4.5	3.0	70	0.008	28.0	0.1	succeed	early_stop_succeed	6800	43.65881405631038	43.6659863422903	-27	0.12439896325323616
1094	1	1	0	0.0	1	False	0.3	4.5	5.0	70	0.008	28.0	0.1	succeed	early_stop_succeed	7850	44.28610529926655	44.25337028024277	-27	0.10656123709699364
1095	1	1	0	0.0	1	False	0.3	5.0	1.1	70	0.008	28.0	0.1	succeed	early_stop_succeed	2950	40.63788414866112	40.63471120195031	-30	0.16961536218445808
1096	1	1	0	0.0	1	False	0.3	5.0	1.5	70	0.008	28.0	0.1	succeed	early_stop_succeed	3150	40.94286718133246	40.987940594119856	-30	0.16874018009714642
1097	1	1	0	0.0	1	False	0.3	5.0	2.0	70	0.008	28.0	0.1	succeed	early_stop_succeed	8550	44.592859862621026	44.58371540196431	-27	0.12620939968868602
1098	1	1	0	0.0	1	False	0.3	5.0	3.0	70	0.008	28.0	0.1	succeed	early_stop_succeed	8500	44.206379024630344	44.261533063741695	-26	0.1383505262294257
1099	1	1	0	0.0	1	False	0.3	5.0	5.0	70	0.008	28.0	0.1	failed	early_stop_failed	10150	>46	46.30152172919127	-23	0.11110572104717745
1100	1	1	0	0.0	1	False	0.35	3.0	1.1	70	0.008	28.0	0.1	extinct	population_extinct	100000	NA	NA	NA	NA
1101	1	1	0	0.0	1	False	0.35	3.0	1.5	70	0.008	28.0	0.1	extinct	population_extinct	100000	NA	NA	NA	NA
1102	1	1	0	0.0	1	False	0.35	3.0	2.0	70	0.008	28.0	0.1	succeed	early_stop_succeed	3400	40.55857779273172	40.553533363500726	-30	0.17927939108864574
1103	1	1	0	0.0	1	False	0.35	3.0	3.0	70	0.008	28.0	0.1	succeed	early_stop_succeed	2500	40.34334123554192	40.37467061487834	-30	0.18657866651920568
1104	1	1	0	0.0	1	False	0.35	3.0	5.0	70	0.008	28.0	0.1	succeed	early_stop_succeed	2950	40.619930744922165	40.648400079718	-28	0.16156563197351698
1105	1	1	0	0.0	1	False	0.35	3.5	1.1	70	0.008	28.0	0.1	extinct	population_extinct	100000	NA	NA	NA	NA
1106	1	1	0	0.0	1	False	0.35	3.5	1.5	70	0.008	28.0	0.1	succeed	early_stop_succeed	4350	40.85074540208223	40.875421512093375	-29	0.16717128119091842
1107	1	1	0	0.0	1	False	0.35	3.5	2.0	70	0.008	28.0	0.1	succeed	early_stop_succeed	3200	40.499745945230266	40.49641847063816	-28	0.1405564838229848
1108	1	1	0	0.0	1	False	0.35	3.5	3.0	70	0.008	28.0	0.1	succeed	early_stop_succeed	2000	40.102918010596724	40.071504727554384	-30	0.2624372779158901
1109	1	1	0	0.0	1	False	0.35	3.5	5.0	70	0.008	28.0	0.1	succeed	early_stop_succeed	5900	42.52004368455363	42.52440013408569	-27	0.12916229980604194
1110	1	1	0	0.0	1	False	0.35	4.0	1.1	70	0.008	28.0	0.1	extinct	population_extinct	100000	NA	40.59581134492141	NA	NA
1111	1	1	0	0.0	1	False	0.35	4.0	1.5	70	0.008	28.0	0.1	succeed	early_stop_succeed	3450	40.87507461969425	40.86282568242926	-30	0.15243108218468726
1112	1	1	0	0.0	1	False	0.35	4.0	2.0	70	0.008	28.0	0.1	succeed	early_stop_succeed	2000	40.18741683140338	40.211222082543564	-30	0.23959911563466568
1113	1	1	0	0.0	1	False	0.35	4.0	3.0	70	0.008	28.0	0.1	succeed	early_stop_succeed	5950	42.24180419692456	42.24999344831935	-29	0.12137459382854468
1114	1	1	0	0.0	1	False	0.35	4.0	5.0	70	0.008	28.0	0.1	succeed	early_stop_succeed	6450	43.441903051636416	43.436341901404944	-28	0.13028848404463758
1115	1	1	0	0.0	1	False	0.35	4.5	1.1	70	0.008	28.0	0.1	succeed	early_stop_succeed	2900	40.48939560048875	40.5040893149671	-30	0.17095461437747364
1116	1	1	0	0.0	1	False	0.35	4.5	1.5	70	0.008	28.0	0.1	succeed	early_stop_succeed	2000	40.23757600203751	40.240114096586694	-30	0.25955599385150374
1117	1	1	0	0.0	1	False	0.35	4.5	2.0	70	0.008	28.0	0.1	succeed	early_stop_succeed	7050	43.07189405701117	43.095975138298556	-28	0.11224160689759369
1118	1	1	0	0.0	1	False	0.35	4.5	3.0	70	0.008	28.0	0.1	succeed	early_stop_succeed	4750	42.183502586284476	42.187738840131765	-28	0.13286721535193324
1119	1	1	0	0.0	1	False	0.35	4.5	5.0	70	0.008	28.0	0.1	succeed	early_stop_succeed	9850	44.708968343305806	44.70870869580483	-25	0.12230997614096596
1120	1	1	0	0.0	1	False	0.35	5.0	1.1	70	0.008	28.0	0.1	succeed	early_stop_succeed	2000	40.3594216070334	40.336822045617005	-30	0.2234999735187647
1121	1	1	0	0.0	1	False	0.35	5.0	1.5	70	0.008	28.0	0.1	succeed	early_stop_succeed	2550	40.51130723987639	40.50643827101391	-30	0.216145736393634
1122	1	1	0	0.0	1	False	0.35	5.0	2.0	70	0.008	28.0	0.1	succeed	early_stop_succeed	7250	43.53353231924376	43.56926508126777	-27	0.11694490544351538
1123	1	1	0	0.0	1	False	0.35	5.0	3.0	70	0.008	28.0	0.1	succeed	early_stop_succeed	6500	43.39974279362244	43.36776305611033	-26	0.12806524582509884
1124	1	1	0	0.0	1	False	0.35	5.0	5.0	70	0.008	28.0	0.1	succeed	early_stop_succeed	7000	43.91025374679904	43.935925782961526	-26	0.16677383335164675
1125	1	0	1	0.0	1	False	0.15	3.0	1.1	70	NA	NA	0.1	failed	early_stop_failed	4800	>46	46.58777739353439	-22	0.13222556358518514
1126	1	0	1	0.0	1	False	0.15	3.0	1.5	70	NA	NA	0.1	failed	early_stop_failed	4850	>46	46.72897285044796	-23	0.11035386939595838
1127	1	0	1	0.0	1	False	0.15	3.0	2.0	70	NA	NA	0.1	failed	early_stop_failed	4950	>46	46.50673611470866	-24	0.1048458889834173
1128	1	0	1	0.0	1	False	0.15	3.0	3.0	70	NA	NA	0.1	failed	early_stop_failed	4750	>46	46.82263230679106	-22	0.12118384751520357
1129	1	0	1	0.0	1	False	0.15	3.0	5.0	70	NA	NA	0.1	failed	early_stop_failed	4900	>46	46.69643173840025	-26	0.10494910438010314
1130	1	0	1	0.0	1	False	0.15	3.5	1.1	70	NA	NA	0.1	failed	early_stop_failed	5000	>46	46.51892432662731	-23	0.12285819806286176
1131	1	0	1	0.0	1	False	0.15	3.5	1.5	70	NA	NA	0.1	failed	early_stop_failed	4600	>46	46.72764295208028	-22	0.09847733474334859
1132	1	0	1	0.0	1	False	0.15	3.5	2.0	70	NA	NA	0.1	failed	early_stop_failed	5250	>46	46.5121591160055	-25	0.12144711867769768
1133	1	0	1	0.0	1	False	0.15	3.5	3.0	70	NA	NA	0.1	failed	early_stop_failed	4900	>46	46.94493350539805	-23	0.11135353807658191
1134	1	0	1	0.0	1	False	0.15	3.5	5.0	70	NA	NA	0.1	failed	early_stop_failed	4400	>46	47.04044656881262	-25	0.07700404334860908
1135	1	0	1	0.0	1	False	0.15	4.0	1.1	70	NA	NA	0.1	failed	early_stop_failed	4650	>46	46.72989987897316	-25	0.11671264752922418
1136	1	0	1	0.0	1	False	0.15	4.0	1.5	70	NA	NA	0.1	failed	early_stop_failed	5200	>46	46.62290332562059	-23	0.12054834676097805
1137	1	0	1	0.0	1	False	0.15	4.0	2.0	70	NA	NA	0.1	failed	early_stop_failed	4300	>46	46.769895713891295	-21	0.10956469589080152
1138	1	0	1	0.0	1	False	0.15	4.0	3.0	70	NA	NA	0.1	failed	early_stop_failed	5150	>46	46.56179301105226	-24	0.13199958568761436
1139	1	0	1	0.0	1	False	0.15	4.0	5.0	70	NA	NA	0.1	failed	early_stop_failed	4700	>46	46.717484661672195	-24	0.10760574840197894
1140	1	0	1	0.0	1	False	0.15	4.5	1.1	70	NA	NA	0.1	failed	early_stop_failed	4700	>46	46.62735250557452	-24	0.13992956055823216
1141	1	0	1	0.0	1	False	0.15	4.5	1.5	70	NA	NA	0.1	failed	early_stop_failed	4450	>46	47.23577002641061	-25	0.08718254734521542
1142	1	0	1	0.0	1	False	0.15	4.5	2.0	70	NA	NA	0.1	failed	early_stop_failed	4750	>46	46.492882163966264	-22	0.12340512101319055
1143	1	0	1	0.0	1	False	0.15	4.5	3.0	70	NA	NA	0.1	failed	early_stop_failed	4950	>46	46.44362055798826	-23	0.13040738582788336
1144	1	0	1	0.0	1	False	0.15	4.5	5.0	70	NA	NA	0.1	failed	early_stop_failed	4500	>46	46.770383169935926	-23	0.10945971833460993
1145	1	0	1	0.0	1	False	0.15	5.0	1.1	70	NA	NA	0.1	failed	early_stop_failed	4550	>46	46.56153369457542	-21	0.13214441802189228
1146	1	0	1	0.0	1	False	0.15	5.0	1.5	70	NA	NA	0.1	failed	early_stop_failed	4650	>46	46.74342584141794	-24	0.1077272663443625
1147	1	0	1	0.0	1	False	0.15	5.0	2.0	70	NA	NA	0.1	failed	early_stop_failed	5350	>46	46.7198722293744	-25	0.11338463009395927
1148	1	0	1	0.0	1	False	0.15	5.0	3.0	70	NA	NA	0.1	failed	early_stop_failed	4600	>46	46.54583436815318	-23	0.12684969267841542
1149	1	0	1	0.0	1	False	0.15	5.0	5.0	70	NA	NA	0.1	failed	early_stop_failed	4400	>46	46.79025211751233	-23	0.10773665027815005
1150	1	0	1	0.0	1	False	0.2	3.0	1.1	70	NA	NA	0.1	failed	early_stop_failed	4800	>46	46.58798492478714	-24	0.1461391201125371
1151	1	0	1	0.0	1	False	0.2	3.0	1.5	70	NA	NA	0.1	failed	early_stop_failed	5050	>46	46.6383030713906	-24	0.13198386354442693
1152	1	0	1	0.0	1	False	0.2	3.0	2.0	70	NA	NA	0.1	failed	early_stop_failed	4950	>46	46.43940766219619	-22	0.11209653145048817
1153	1	0	1	0.0	1	False	0.2	3.0	3.0	70	NA	NA	0.1	failed	early_stop_failed	4900	>46	46.68654629924609	-23	0.11196845317461594
1154	1	0	1	0.0	1	False	0.2	3.0	5.0	70	NA	NA	0.1	failed	early_stop_failed	5350	>46	46.710583592371684	-22	0.12314090992449818
1155	1	0	1	0.0	1	False	0.2	3.5	1.1	70	NA	NA	0.1	failed	early_stop_failed	4450	>46	46.84089454356952	-23	0.10310444076707731
1156	1	0	1	0.0	1	False	0.2	3.5	1.5	70	NA	NA	0.1	failed	early_stop_failed	5000	>46	46.632795412938506	-23	0.11607270096071307
1157	1	0	1	0.0	1	False	0.2	3.5	2.0	70	NA	NA	0.1	failed	early_stop_failed	5000	>46	46.53994987040404	-24	0.11325402216820787
1158	1	0	1	0.0	1	False	0.2	3.5	3.0	70	NA	NA	0.1	failed	early_stop_failed	4700	>46	46.89662700834236	-23	0.1032514267523269
1159	1	0	1	0.0	1	False	0.2	3.5	5.0	70	NA	NA	0.1	failed	early_stop_failed	5200	>46	46.84308013553951	-22	0.11367010375733487
1160	1	0	1	0.0	1	False	0.2	4.0	1.1	70	NA	NA	0.1	failed	early_stop_failed	5050	>46	46.63140580353132	-24	0.12435700406102469
1161	1	0	1	0.0	1	False	0.2	4.0	1.5	70	NA	NA	0.1	failed	early_stop_failed	4800	>46	46.54804341799789	-25	0.11431024699131909
1162	1	0	1	0.0	1	False	0.2	4.0	2.0	70	NA	NA	0.1	failed	early_stop_failed	5400	>46	46.771889883409955	-25	0.10728470024993916
1163	1	0	1	0.0	1	False	0.2	4.0	3.0	70	NA	NA	0.1	failed	early_stop_failed	5050	>46	46.54446901930452	-24	0.1570819113451596
1164	1	0	1	0.0	1	False	0.2	4.0	5.0	70	NA	NA	0.1	failed	early_stop_failed	4900	>46	46.54195801075637	-22	0.12059474855079351
1165	1	0	1	0.0	1	False	0.2	4.5	1.1	70	NA	NA	0.1	failed	early_stop_failed	5050	>46	46.744672508020436	-22	0.12251969375349353
1166	1	0	1	0.0	1	False	0.2	4.5	1.5	70	NA	NA	0.1	failed	early_stop_failed	4250	>46	46.883279843082725	-21	0.14562152284075666
1167	1	0	1	0.0	1	False	0.2	4.5	2.0	70	NA	NA	0.1	failed	early_stop_failed	5600	>46	46.61615595162798	-22	0.13118383598687486
1168	1	0	1	0.0	1	False	0.2	4.5	3.0	70	NA	NA	0.1	failed	early_stop_failed	4600	>46	46.787243981103	-23	0.11092925472661878
1169	1	0	1	0.0	1	False	0.2	4.5	5.0	70	NA	NA	0.1	failed	early_stop_failed	4550	>46	46.524446047946995	-22	0.12853056602735585
1170	1	0	1	0.0	1	False	0.2	5.0	1.1	70	NA	NA	0.1	failed	early_stop_failed	4850	>46	46.57307023961997	-24	0.11606715912163232
1171	1	0	1	0.0	1	False	0.2	5.0	1.5	70	NA	NA	0.1	failed	early_stop_failed	4600	>46	46.774470351048684	-21	0.1317384219597489
1172	1	0	1	0.0	1	False	0.2	5.0	2.0	70	NA	NA	0.1	failed	early_stop_failed	4350	>46	46.70456902458033	-24	0.11196023100940936
1173	1	0	1	0.0	1	False	0.2	5.0	3.0	70	NA	NA	0.1	failed	early_stop_failed	4700	>46	46.76852875342633	-22	0.11445155046499743
1174	1	0	1	0.0	1	False	0.2	5.0	5.0	70	NA	NA	0.1	failed	early_stop_failed	4050	>46	46.965749373144604	-20	0.12852121481977588
1175	1	0	1	0.0	1	False	0.25	3.0	1.1	70	NA	NA	0.1	succeed	early_stop_succeed	2700	41.277839222714064	41.47461467511834	-31	0.2436609724906037
1176	1	0	1	0.0	1	False	0.25	3.0	1.5	70	NA	NA	0.1	failed	early_stop_failed	5200	>46	46.552433696900934	-22	0.12347422624498572
1177	1	0	1	0.0	1	False	0.25	3.0	2.0	70	NA	NA	0.1	failed	early_stop_failed	4950	>46	46.543371796370714	-25	0.10855526951129216
1178	1	0	1	0.0	1	False	0.25	3.0	3.0	70	NA	NA	0.1	failed	early_stop_failed	4900	>46	46.4145398146761	-22	0.1390013425371084
1179	1	0	1	0.0	1	False	0.25	3.0	5.0	70	NA	NA	0.1	failed	early_stop_failed	5500	>46	46.7398617973962	-23	0.13117551979087425
1180	1	0	1	0.0	1	False	0.25	3.5	1.1	70	NA	NA	0.1	failed	early_stop_failed	4850	>46	46.639527765207845	-22	0.1440626605914369
1181	1	0	1	0.0	1	False	0.25	3.5	1.5	70	NA	NA	0.1	failed	early_stop_failed	4700	>46	46.83937526435936	-23	0.12158639018641364
1182	1	0	1	0.0	1	False	0.25	3.5	2.0	70	NA	NA	0.1	failed	early_stop_failed	4350	>46	46.89656469958861	-21	0.10648798857996883
1183	1	0	1	0.0	1	False	0.25	3.5	3.0	70	NA	NA	0.1	failed	early_stop_failed	5000	>46	46.75564712600835	-22	0.10950156945291521
1184	1	0	1	0.0	1	False	0.25	3.5	5.0	70	NA	NA	0.1	failed	early_stop_failed	5400	>46	46.49546414592011	-22	0.13926263079750556
1185	1	0	1	0.0	1	False	0.25	4.0	1.1	70	NA	NA	0.1	failed	early_stop_failed	5000	>46	46.666797845220074	-24	0.10595152339287268
1186	1	0	1	0.0	1	False	0.25	4.0	1.5	70	NA	NA	0.1	failed	early_stop_failed	4700	>46	46.5881780593938	-22	0.13210941223551095
1187	1	0	1	0.0	1	False	0.25	4.0	2.0	70	NA	NA	0.1	failed	early_stop_failed	5000	>46	46.62593685776173	-23	0.12942316305651747
1188	1	0	1	0.0	1	False	0.25	4.0	3.0	70	NA	NA	0.1	failed	early_stop_failed	5450	>46	46.471505715338076	-23	0.1240092971931304
1189	1	0	1	0.0	1	False	0.25	4.0	5.0	70	NA	NA	0.1	failed	early_stop_failed	5150	>46	46.395188037809696	-24	0.14206583880984194
1190	1	0	1	0.0	1	False	0.25	4.5	1.1	70	NA	NA	0.1	failed	early_stop_failed	5100	>46	46.69683467788927	-21	0.12036455093533699
1191	1	0	1	0.0	1	False	0.25	4.5	1.5	70	NA	NA	0.1	failed	early_stop_failed	5150	>46	46.53368550881253	-23	0.10071053548320183
1192	1	0	1	0.0	1	False	0.25	4.5	2.0	70	NA	NA	0.1	failed	early_stop_failed	5100	>46	46.82163553692747	-24	0.09791650031630733
1193	1	0	1	0.0	1	False	0.25	4.5	3.0	70	NA	NA	0.1	failed	early_stop_failed	4550	>46	46.73930131332972	-21	0.11933037039414832
1194	1	0	1	0.0	1	False	0.25	4.5	5.0	70	NA	NA	0.1	failed	early_stop_failed	4750	>46	46.76681127994624	-23	0.10842094455824755
1195	1	0	1	0.0	1	False	0.25	5.0	1.1	70	NA	NA	0.1	failed	early_stop_failed	4250	>46	46.93400551883889	-21	0.09928553147530986
1196	1	0	1	0.0	1	False	0.25	5.0	1.5	70	NA	NA	0.1	failed	early_stop_failed	4900	>46	46.7130033564928	-22	0.1413029842508082
1197	1	0	1	0.0	1	False	0.25	5.0	2.0	70	NA	NA	0.1	failed	early_stop_failed	4650	>46	46.49472204711443	-24	0.12736700938543355
1198	1	0	1	0.0	1	False	0.25	5.0	3.0	70	NA	NA	0.1	failed	early_stop_failed	4750	>46	46.55908321196458	-23	0.1266326249975711
1199	1	0	1	0.0	1	False	0.25	5.0	5.0	70	NA	NA	0.1	failed	early_stop_failed	4800	>46	46.58596880764779	-24	0.1062967641395981
1200	1	0	1	0.0	1	False	0.3	3.0	1.1	70	NA	NA	0.1	extinct	population_extinct	100000	NA	NA	NA	NA
1201	1	0	1	0.0	1	False	0.3	3.0	1.5	70	NA	NA	0.1	failed	early_stop_failed	4450	>46	46.69774035954244	-23	0.10507981063351539
1202	1	0	1	0.0	1	False	0.3	3.0	2.0	70	NA	NA	0.1	failed	early_stop_failed	4600	>46	46.69009762637067	-24	0.11369392616114973
1203	1	0	1	0.0	1	False	0.3	3.0	3.0	70	NA	NA	0.1	failed	early_stop_failed	4600	>46	46.82118454358802	-22	0.10780315391644567
1204	1	0	1	0.0	1	False	0.3	3.0	5.0	70	NA	NA	0.1	failed	early_stop_failed	4450	>46	46.76231690851087	-21	0.09761105964592236
1205	1	0	1	0.0	1	False	0.3	3.5	1.1	70	NA	NA	0.1	failed	early_stop_failed	5000	>46	46.4408476252507	-22	0.1359370819530995
1206	1	0	1	0.0	1	False	0.3	3.5	1.5	70	NA	NA	0.1	failed	early_stop_failed	5150	>46	46.74720305040443	-24	0.11066813041572654
1207	1	0	1	0.0	1	False	0.3	3.5	2.0	70	NA	NA	0.1	failed	early_stop_failed	4550	>46	46.96649724478471	-25	0.09668875588055177
1208	1	0	1	0.0	1	False	0.3	3.5	3.0	70	NA	NA	0.1	failed	early_stop_failed	4800	>46	46.84771365089716	-23	0.10983548250963664
1209	1	0	1	0.0	1	False	0.3	3.5	5.0	70	NA	NA	0.1	failed	early_stop_failed	4950	>46	46.56831978555885	-22	0.1428903040140985
1210	1	0	1	0.0	1	False	0.3	4.0	1.1	70	NA	NA	0.1	failed	early_stop_failed	4400	>46	46.82035133510764	-22	0.1531643807484006
1211	1	0	1	0.0	1	False	0.3	4.0	1.5	70	NA	NA	0.1	failed	early_stop_failed	5200	>46	46.69355952994239	-24	0.12228007736141346
1212	1	0	1	0.0	1	False	0.3	4.0	2.0	70	NA	NA	0.1	failed	early_stop_failed	5300	>46	46.6352713668544	-21	0.1275346316591735
1213	1	0	1	0.0	1	False	0.3	4.0	3.0	70	NA	NA	0.1	failed	early_stop_failed	4450	>46	47.03360079062909	-26	0.08302748209481685
1214	1	0	1	0.0	1	False	0.3	4.0	5.0	70	NA	NA	0.1	failed	early_stop_failed	4300	>46	46.87015235306573	-20	0.10989020855004063
1215	1	0	1	0.0	1	False	0.3	4.5	1.1	70	NA	NA	0.1	failed	early_stop_failed	4200	>46	46.906817396923955	-25	0.1141197933011535
1216	1	0	1	0.0	1	False	0.3	4.5	1.5	70	NA	NA	0.1	failed	early_stop_failed	4950	>46	46.67967124064675	-21	0.11931244463423091
1217	1	0	1	0.0	1	False	0.3	4.5	2.0	70	NA	NA	0.1	failed	early_stop_failed	5300	>46	46.6853078353813	-24	0.10929852633550238
1218	1	0	1	0.0	1	False	0.3	4.5	3.0	70	NA	NA	0.1	failed	early_stop_failed	4350	>46	47.02873337612155	-24	0.10622927514192142
1219	1	0	1	0.0	1	False	0.3	4.5	5.0	70	NA	NA	0.1	failed	early_stop_failed	4600	>46	46.63836272326531	-24	0.13227243252721516
1220	1	0	1	0.0	1	False	0.3	5.0	1.1	70	NA	NA	0.1	failed	early_stop_failed	4900	>46	46.69448733790273	-24	0.12054633620419995
1221	1	0	1	0.0	1	False	0.3	5.0	1.5	70	NA	NA	0.1	failed	early_stop_failed	4850	>46	46.751385528274035	-22	0.11188721589706095
1222	1	0	1	0.0	1	False	0.3	5.0	2.0	70	NA	NA	0.1	failed	early_stop_failed	4450	>46	46.63282058157563	-21	0.11425258220897767
1223	1	0	1	0.0	1	False	0.3	5.0	3.0	70	NA	NA	0.1	failed	early_stop_failed	4750	>46	46.79553528817682	-21	0.11714761174685372
1224	1	0	1	0.0	1	False	0.3	5.0	5.0	70	NA	NA	0.1	failed	early_stop_failed	4850	>46	46.81699268237806	-25	0.12049087041066088
1225	1	0	1	0.0	1	False	0.35	3.0	1.1	70	NA	NA	0.1	extinct	population_extinct	100000	NA	NA	NA	NA
1226	1	0	1	0.0	1	False	0.35	3.0	1.5	70	NA	NA	0.1	failed	early_stop_failed	4450	>46	46.83981645025651	-24	0.10260317922139095
1227	1	0	1	0.0	1	False	0.35	3.0	2.0	70	NA	NA	0.1	failed	early_stop_failed	4100	>46	46.883499837721814	-20	0.09845764313871086
1228	1	0	1	0.0	1	False	0.35	3.0	3.0	70	NA	NA	0.1	failed	early_stop_failed	5450	>46	46.5227928325287	-23	0.13407659586718076
1229	1	0	1	0.0	1	False	0.35	3.0	5.0	70	NA	NA	0.1	failed	early_stop_failed	4950	>46	46.75833423042843	-22	0.11932915168742796
1230	1	0	1	0.0	1	False	0.35	3.5	1.1	70	NA	NA	0.1	failed	early_stop_failed	4850	>46	46.484388045248615	-21	0.12674825429058378
1231	1	0	1	0.0	1	False	0.35	3.5	1.5	70	NA	NA	0.1	failed	early_stop_failed	4750	>46	46.633439744014	-23	0.12483085967130426
1232	1	0	1	0.0	1	False	0.35	3.5	2.0	70	NA	NA	0.1	failed	early_stop_failed	3800	>46	47.09388062199243	-18	0.10644783026691938
1233	1	0	1	0.0	1	False	0.35	3.5	3.0	70	NA	NA	0.1	failed	early_stop_failed	4950	>46	46.58280292433141	-22	0.1187651216232945
1234	1	0	1	0.0	1	False	0.35	3.5	5.0	70	NA	NA	0.1	failed	early_stop_failed	4850	>46	46.66980679826109	-21	0.10774707555185355
1235	1	0	1	0.0	1	False	0.35	4.0	1.1	70	NA	NA	0.1	failed	early_stop_failed	5000	>46	46.59814411090139	-23	0.13346534411447267
1236	1	0	1	0.0	1	False	0.35	4.0	1.5	70	NA	NA	0.1	failed	early_stop_failed	4650	>46	46.72673530867662	-24	0.11766057746204002
1237	1	0	1	0.0	1	False	0.35	4.0	2.0	70	NA	NA	0.1	failed	early_stop_failed	5000	>46	46.49696867810953	-24	0.11912533791497308
1238	1	0	1	0.0	1	False	0.35	4.0	3.0	70	NA	NA	0.1	failed	early_stop_failed	5100	>46	46.82599890949961	-23	0.10037246519412323
1239	1	0	1	0.0	1	False	0.35	4.0	5.0	70	NA	NA	0.1	failed	early_stop_failed	4850	>46	46.62243251093886	-22	0.11472790337377171
1240	1	0	1	0.0	1	False	0.35	4.5	1.1	70	NA	NA	0.1	failed	early_stop_failed	4850	>46	46.61269705909038	-23	0.13088179349160917
1241	1	0	1	0.0	1	False	0.35	4.5	1.5	70	NA	NA	0.1	failed	early_stop_failed	4750	>46	46.60547036190168	-22	0.12631200690310387
1242	1	0	1	0.0	1	False	0.35	4.5	2.0	70	NA	NA	0.1	failed	early_stop_failed	4800	>46	46.46398588800242	-23	0.12408800853302088
1243	1	0	1	0.0	1	False	0.35	4.5	3.0	70	NA	NA	0.1	failed	early_stop_failed	4900	>46	46.652750054435195	-23	0.12683798320007394
1244	1	0	1	0.0	1	False	0.35	4.5	5.0	70	NA	NA	0.1	failed	early_stop_failed	4800	>46	46.77689562431752	-24	0.10365635608626789
1245	1	0	1	0.0	1	False	0.35	5.0	1.1	70	NA	NA	0.1	failed	early_stop_failed	4800	>46	46.599230112467794	-23	0.11215533309168656
1246	1	0	1	0.0	1	False	0.35	5.0	1.5	70	NA	NA	0.1	failed	early_stop_failed	5450	>46	46.568441620049185	-22	0.13090585909234326
1247	1	0	1	0.0	1	False	0.35	5.0	2.0	70	NA	NA	0.1	failed	early_stop_failed	4250	>46	46.97069631523769	-25	0.12845613649823603
1248	1	0	1	0.0	1	False	0.35	5.0	3.0	70	NA	NA	0.1	failed	early_stop_failed	4150	>46	46.66624710050764	-23	0.10409241256616834
1249	1	0	1	0.0	1	False	0.35	5.0	5.0	70	NA	NA	0.1	failed	early_stop_failed	4700	>46	46.56204107688509	-23	0.15385386900599005
1250	1	1	1	0.0	1	False	0.15	3.0	1.1	70	0.008	28.0	0.1	succeed	early_stop_succeed	2000	40.043251169412855	40.04393754855324	-30	0.2294533018464953
1251	1	1	1	0.0	1	False	0.15	3.0	1.5	70	0.008	28.0	0.1	succeed	early_stop_succeed	2650	40.350120059327764	40.370035755793594	-30	0.19391852845806695
1252	1	1	1	0.0	1	False	0.15	3.0	2.0	70	0.008	28.0	0.1	succeed	early_stop_succeed	3850	41.173556121017334	41.14342391948304	-30	0.1495753569662843
1253	1	1	1	0.0	1	False	0.15	3.0	3.0	70	0.008	28.0	0.1	succeed	early_stop_succeed	5450	41.45871779647241	41.438419699239255	-28	0.13129119473351653
1254	1	1	1	0.0	1	False	0.15	3.0	5.0	70	0.008	28.0	0.1	succeed	early_stop_succeed	5000	41.77082799895938	41.82115053367651	-30	0.11866076205068009
1255	1	1	1	0.0	1	False	0.15	3.5	1.1	70	0.008	28.0	0.1	succeed	early_stop_succeed	2000	40.110294878698944	40.121951023125554	-30	0.24321316900082646
1256	1	1	1	0.0	1	False	0.15	3.5	1.5	70	0.008	28.0	0.1	succeed	early_stop_succeed	2500	40.25413774940142	40.25306213072003	-30	0.2017319281137757
1257	1	1	1	0.0	1	False	0.15	3.5	2.0	70	0.008	28.0	0.1	succeed	early_stop_succeed	3200	40.99278650282527	40.97304474333719	-28	0.17118971953591505
1258	1	1	1	0.0	1	False	0.15	3.5	3.0	70	0.008	28.0	0.1	succeed	early_stop_succeed	4050	41.385002706926485	41.371969436711154	-28	0.1611801518198654
1259	1	1	1	0.0	1	False	0.15	3.5	5.0	70	0.008	28.0	0.1	succeed	early_stop_succeed	4100	41.548864505567856	41.54731249891578	-28	0.14376695421653932
1260	1	1	1	0.0	1	False	0.15	4.0	1.1	70	0.008	28.0	0.1	succeed	early_stop_succeed	2250	40.35493351381133	40.35169947585636	-30	0.22152726978850493
1261	1	1	1	0.0	1	False	0.15	4.0	1.5	70	0.008	28.0	0.1	succeed	early_stop_succeed	2450	40.46208658457159	40.44121864455321	-30	0.20671047026818573
1262	1	1	1	0.0	1	False	0.15	4.0	2.0	70	0.008	28.0	0.1	succeed	early_stop_succeed	5050	41.932472945467715	41.916962100110204	-29	0.13078470207936385
1263	1	1	1	0.0	1	False	0.15	4.0	3.0	70	0.008	28.0	0.1	succeed	early_stop_succeed	6350	42.98488483642785	42.988004050296766	-27	0.14151468250711075
1264	1	1	1	0.0	1	False	0.15	4.0	5.0	70	0.008	28.0	0.1	succeed	early_stop_succeed	5850	43.21737553027473	43.206703080569895	-28	0.12690661264365427
1265	1	1	1	0.0	1	False	0.15	4.5	1.1	70	0.008	28.0	0.1	succeed	early_stop_succeed	3350	40.69206272844087	40.743264442696486	-29	0.1635005808788187
1266	1	1	1	0.0	1	False	0.15	4.5	1.5	70	0.008	28.0	0.1	succeed	early_stop_succeed	3150	40.85465004349456	40.88619726863403	-30	0.15617259612447612
1267	1	1	1	0.0	1	False	0.15	4.5	2.0	70	0.008	28.0	0.1	succeed	early_stop_succeed	6450	42.88933145613835	42.91036231993637	-26	0.1351106981850934
1268	1	1	1	0.0	1	False	0.15	4.5	3.0	70	0.008	28.0	0.1	succeed	early_stop_succeed	6500	43.3075047491687	43.32985849283229	-27	0.13412267585731327
1269	1	1	1	0.0	1	False	0.15	4.5	5.0	70	0.008	28.0	0.1	succeed	early_stop_succeed	6850	43.69822636032608	43.72949426265889	-27	0.11711593352493718
1270	1	1	1	0.0	1	False	0.15	5.0	1.1	70	0.008	28.0	0.1	succeed	early_stop_succeed	3700	41.2379971677977	41.2229057594895	-30	0.13765691660219806
1271	1	1	1	0.0	1	False	0.15	5.0	1.5	70	0.008	28.0	0.1	succeed	early_stop_succeed	5600	42.45335026515744	42.520000414117256	-28	0.12232035734449927
1272	1	1	1	0.0	1	False	0.15	5.0	2.0	70	0.008	28.0	0.1	succeed	early_stop_succeed	3750	41.501134080930385	41.46141789063994	-28	0.1611667622726825
1273	1	1	1	0.0	1	False	0.15	5.0	3.0	70	0.008	28.0	0.1	succeed	early_stop_succeed	4650	42.30269177838047	42.31442436353954	-26	0.1454522872920448
1274	1	1	1	0.0	1	False	0.15	5.0	5.0	70	0.008	28.0	0.1	succeed	early_stop_succeed	7100	43.92891448159266	43.931941476819425	-24	0.1104070561738515
1275	1	1	1	0.0	1	False	0.2	3.0	1.1	70	0.008	28.0	0.1	extinct	population_extinct	100000	NA	NA	NA	NA
1276	1	1	1	0.0	1	False	0.2	3.0	1.5	70	0.008	28.0	0.1	succeed	early_stop_succeed	2000	40.153039581167306	40.144035107271854	-30	0.20453483190927788
1277	1	1	1	0.0	1	False	0.2	3.0	2.0	70	0.008	28.0	0.1	succeed	early_stop_succeed	2400	40.593247053521196	40.60239288350169	-30	0.21969773099533768
1278	1	1	1	0.0	1	False	0.2	3.0	3.0	70	0.008	28.0	0.1	succeed	early_stop_succeed	2000	40.103485180264975	40.11953612111312	-30	0.26110581887973117
1279	1	1	1	0.0	1	False	0.2	3.0	5.0	70	0.008	28.0	0.1	succeed	early_stop_succeed	2000	40.22110064057375	40.224852515636044	-30	0.24058708801022913
1280	1	1	1	0.0	1	False	0.2	3.5	1.1	70	0.008	28.0	0.1	succeed	early_stop_succeed	2750	40.32784922836828	40.39562176342827	-30	0.2302192543269102
1281	1	1	1	0.0	1	False	0.2	3.5	1.5	70	0.008	28.0	0.1	succeed	early_stop_succeed	2650	40.386790962785625	40.426125013412765	-30	0.17795235446992477
1282	1	1	1	0.0	1	False	0.2	3.5	2.0	70	0.008	28.0	0.1	succeed	early_stop_succeed	2300	40.221058697350095	40.26008941897374	-30	0.21634931302468957
1283	1	1	1	0.0	1	False	0.2	3.5	3.0	70	0.008	28.0	0.1	succeed	early_stop_succeed	2600	40.78445887638165	40.783937822989685	-30	0.17004962166145912
1284	1	1	1	0.0	1	False	0.2	3.5	5.0	70	0.008	28.0	0.1	succeed	early_stop_succeed	4250	41.69634844608484	41.73422839081816	-28	0.16630891808644613
1285	1	1	1	0.0	1	False	0.2	4.0	1.1	70	0.008	28.0	0.1	succeed	early_stop_succeed	2000	40.15561805136227	40.14569573586523	-30	0.2303399622680094
1286	1	1	1	0.0	1	False	0.2	4.0	1.5	70	0.008	28.0	0.1	succeed	early_stop_succeed	3800	41.0570983092329	41.073748892376415	-29	0.15137544560325789
1287	1	1	1	0.0	1	False	0.2	4.0	2.0	70	0.008	28.0	0.1	succeed	early_stop_succeed	5200	42.12450281938591	42.11964026941543	-27	0.11814860657527271
1288	1	1	1	0.0	1	False	0.2	4.0	3.0	70	0.008	28.0	0.1	succeed	early_stop_succeed	5000	42.05759863605299	42.03415763012937	-27	0.12812068910081403
1289	1	1	1	0.0	1	False	0.2	4.0	5.0	70	0.008	28.0	0.1	succeed	early_stop_succeed	5800	42.44107874086581	42.42921267475958	-26	0.1369927213080801
1290	1	1	1	0.0	1	False	0.2	4.5	1.1	70	0.008	28.0	0.1	succeed	early_stop_succeed	3250	40.811732558403094	40.809822073674894	-30	0.15644519385077285
1291	1	1	1	0.0	1	False	0.2	4.5	1.5	70	0.008	28.0	0.1	succeed	early_stop_succeed	6400	42.32860283851577	42.3335395746173	-27	0.12899858711347967
1292	1	1	1	0.0	1	False	0.2	4.5	2.0	70	0.008	28.0	0.1	succeed	early_stop_succeed	2900	40.678089436796	40.67636408487768	-30	0.16859393279520232
1293	1	1	1	0.0	1	False	0.2	4.5	3.0	70	0.008	28.0	0.1	succeed	early_stop_succeed	6550	42.827437106622874	42.806128085738166	-28	0.1647816768141992
1294	1	1	1	0.0	1	False	0.2	4.5	5.0	70	0.008	28.0	0.1	succeed	early_stop_succeed	3800	41.72377555038063	41.73135820622941	-30	0.15577418824644565
1295	1	1	1	0.0	1	False	0.2	5.0	1.1	70	0.008	28.0	0.1	succeed	early_stop_succeed	3400	40.84145737671915	40.83476563099894	-30	0.18090867880834005
1296	1	1	1	0.0	1	False	0.2	5.0	1.5	70	0.008	28.0	0.1	succeed	early_stop_succeed	3400	41.2231899935077	41.22468648281848	-28	0.15087823998673913
1297	1	1	1	0.0	1	False	0.2	5.0	2.0	70	0.008	28.0	0.1	succeed	early_stop_succeed	4850	42.1561378099565	42.15825150246156	-27	0.12853918366958297
1298	1	1	1	0.0	1	False	0.2	5.0	3.0	70	0.008	28.0	0.1	succeed	early_stop_succeed	7050	43.9194867267001	43.99123350228447	-26	0.11023638343866755
1299	1	1	1	0.0	1	False	0.2	5.0	5.0	70	0.008	28.0	0.1	succeed	early_stop_succeed	4600	42.18558084619843	42.242484596150625	-27	0.16560631083462002
1300	1	1	1	0.0	1	False	0.25	3.0	1.1	70	0.008	28.0	0.1	extinct	population_extinct	100000	NA	NA	NA	NA
1301	1	1	1	0.0	1	False	0.25	3.0	1.5	70	0.008	28.0	0.1	extinct	population_extinct	100000	NA	42.07919622275155	NA	NA
1302	1	1	1	0.0	1	False	0.25	3.0	2.0	70	0.008	28.0	0.1	succeed	early_stop_succeed	2300	40.391258805522725	40.398472079658035	-30	0.2179547132066365
1303	1	1	1	0.0	1	False	0.25	3.0	3.0	70	0.008	28.0	0.1	succeed	early_stop_succeed	2150	40.447722037649505	40.45959241138819	-30	0.22745133417357466
1304	1	1	1	0.0	1	False	0.25	3.0	5.0	70	0.008	28.0	0.1	succeed	early_stop_succeed	2050	40.267718535020606	40.23376078000318	-30	0.2708640757715075
1305	1	1	1	0.0	1	False	0.25	3.5	1.1	70	0.008	28.0	0.1	extinct	population_extinct	100000	NA	NA	NA	NA
1306	1	1	1	0.0	1	False	0.25	3.5	1.5	70	0.008	28.0	0.1	succeed	early_stop_succeed	2050	40.24056826216341	40.21766982587699	-30	0.24942927891752842
1307	1	1	1	0.0	1	False	0.25	3.5	2.0	70	0.008	28.0	0.1	succeed	early_stop_succeed	2300	40.25657210158073	40.27667652518957	-30	0.2290352364125825
1308	1	1	1	0.0	1	False	0.25	3.5	3.0	70	0.008	28.0	0.1	succeed	early_stop_succeed	3800	40.88430003720906	40.90020595972813	-29	0.1498451443655822
1309	1	1	1	0.0	1	False	0.25	3.5	5.0	70	0.008	28.0	0.1	succeed	early_stop_succeed	2300	40.42963600736511	40.429768424805964	-30	0.23025921599296278
1310	1	1	1	0.0	1	False	0.25	4.0	1.1	70	0.008	28.0	0.1	succeed	early_stop_succeed	2900	40.289277333094034	40.31138499243498	-29	0.18839985565897485
1311	1	1	1	0.0	1	False	0.25	4.0	1.5	70	0.008	28.0	0.1	succeed	early_stop_succeed	3450	40.816227316154524	40.81612743203975	-30	0.16394145228680237
1312	1	1	1	0.0	1	False	0.25	4.0	2.0	70	0.008	28.0	0.1	succeed	early_stop_succeed	4000	41.1328331378729	41.117427610046654	-28	0.1364619141252798
1313	1	1	1	0.0	1	False	0.25	4.0	3.0	70	0.008	28.0	0.1	succeed	early_stop_succeed	5800	42.68589862108868	42.670951021281	-30	0.11935848225307413
1314	1	1	1	0.0	1	False	0.25	4.0	5.0	70	0.008	28.0	0.1	succeed	early_stop_succeed	6750	43.09528234144857	43.12793822743981	-27	0.1291876459361166
1315	1	1	1	0.0	1	False	0.25	4.5	1.1	70	0.008	28.0	0.1	succeed	early_stop_succeed	2200	40.19912346156623	40.19782948713998	-30	0.22950552847955083
1316	1	1	1	0.0	1	False	0.25	4.5	1.5	70	0.008	28.0	0.1	succeed	early_stop_succeed	4300	41.28200855012911	41.29276658022625	-28	0.14023824464230625
1317	1	1	1	0.0	1	False	0.25	4.5	2.0	70	0.008	28.0	0.1	succeed	early_stop_succeed	2550	40.49788339127042	40.492007917000784	-30	0.1744004048637781
1318	1	1	1	0.0	1	False	0.25	4.5	3.0	70	0.008	28.0	0.1	succeed	early_stop_succeed	6750	43.232838769203006	43.21406574088189	-27	0.12078711422942064
1319	1	1	1	0.0	1	False	0.25	4.5	5.0	70	0.008	28.0	0.1	succeed	early_stop_succeed	8150	44.317704778162636	44.36376428345388	-26	0.1312018422711292
1320	1	1	1	0.0	1	False	0.25	5.0	1.1	70	0.008	28.0	0.1	succeed	early_stop_succeed	2550	40.50035293235962	40.52306489284197	-30	0.18506080628854696
1321	1	1	1	0.0	1	False	0.25	5.0	1.5	70	0.008	28.0	0.1	succeed	early_stop_succeed	6950	42.88061173234996	42.881737696918094	-28	0.12241452407438069
1322	1	1	1	0.0	1	False	0.25	5.0	2.0	70	0.008	28.0	0.1	succeed	early_stop_succeed	9150	44.11425558052558	44.10358538569878	-25	0.12229357028687371
1323	1	1	1	0.0	1	False	0.25	5.0	3.0	70	0.008	28.0	0.1	succeed	early_stop_succeed	7000	44.11854698218537	44.12591303102624	-27	0.11554790322864744
1324	1	1	1	0.0	1	False	0.25	5.0	5.0	70	0.008	28.0	0.1	succeed	early_stop_succeed	8100	44.88009714638052	44.8040013556543	-25	0.11319528250399076
1325	1	1	1	0.0	1	False	0.3	3.0	1.1	70	0.008	28.0	0.1	extinct	population_extinct	100000	NA	NA	NA	NA
1326	1	1	1	0.0	1	False	0.3	3.0	1.5	70	0.008	28.0	0.1	extinct	population_extinct	100000	NA	NA	NA	NA
1327	1	1	1	0.0	1	False	0.3	3.0	2.0	70	0.008	28.0	0.1	succeed	early_stop_succeed	2100	40.310683149358375	40.312628344691646	-30	0.22609859126843024
1328	1	1	1	0.0	1	False	0.3	3.0	3.0	70	0.008	28.0	0.1	succeed	early_stop_succeed	2050	40.15564173483355	40.172724191902994	-30	0.25631254642286844
1329	1	1	1	0.0	1	False	0.3	3.0	5.0	70	0.008	28.0	0.1	succeed	early_stop_succeed	3450	40.76125246897597	40.80176220238285	-29	0.14337448098616773
1330	1	1	1	0.0	1	False	0.3	3.5	1.1	70	0.008	28.0	0.1	extinct	population_extinct	100000	NA	NA	NA	NA
1331	1	1	1	0.0	1	False	0.3	3.5	1.5	70	0.008	28.0	0.1	succeed	early_stop_succeed	3100	40.4377323328379	40.470935451617564	-30	0.16554985558265423
1332	1	1	1	0.0	1	False	0.3	3.5	2.0	70	0.008	28.0	0.1	succeed	early_stop_succeed	2200	40.18103832512366	40.1668103848789	-30	0.20703571004837815
1333	1	1	1	0.0	1	False	0.3	3.5	3.0	70	0.008	28.0	0.1	succeed	early_stop_succeed	2000	40.15223356694377	40.147617366636986	-30	0.23576517187739032
1334	1	1	1	0.0	1	False	0.3	3.5	5.0	70	0.008	28.0	0.1	succeed	early_stop_succeed	3600	41.2758557358736	41.31134275622062	-29	0.13737231876701547
1335	1	1	1	0.0	1	False	0.3	4.0	1.1	70	0.008	28.0	0.1	succeed	early_stop_succeed	2450	40.195744870487886	40.28972551598977	-30	0.19756319219946175
1336	1	1	1	0.0	1	False	0.3	4.0	1.5	70	0.008	28.0	0.1	succeed	early_stop_succeed	2000	40.206595611995574	40.195139875661404	-30	0.24055836887123758
1337	1	1	1	0.0	1	False	0.3	4.0	2.0	70	0.008	28.0	0.1	succeed	early_stop_succeed	4250	41.3946335442883	41.40989466374201	-29	0.14128724902343556
1338	1	1	1	0.0	1	False	0.3	4.0	3.0	70	0.008	28.0	0.1	succeed	early_stop_succeed	4000	41.364073492960344	41.3842655662747	-28	0.15370378415196514
1339	1	1	1	0.0	1	False	0.3	4.0	5.0	70	0.008	28.0	0.1	succeed	early_stop_succeed	2150	40.52467821443057	40.53382173034499	-30	0.21166486930203832
1340	1	1	1	0.0	1	False	0.3	4.5	1.1	70	0.008	28.0	0.1	succeed	early_stop_succeed	2250	40.25840760041402	40.25150967932991	-30	0.2099822850463489
1341	1	1	1	0.0	1	False	0.3	4.5	1.5	70	0.008	28.0	0.1	succeed	early_stop_succeed	6100	42.11472329893038	42.10137789171678	-27	0.13207042475353298
1342	1	1	1	0.0	1	False	0.3	4.5	2.0	70	0.008	28.0	0.1	succeed	early_stop_succeed	2350	40.5309901323694	40.52803120603252	-30	0.20382490734887415
1343	1	1	1	0.0	1	False	0.3	4.5	3.0	70	0.008	28.0	0.1	succeed	early_stop_succeed	3250	41.20640780932501	41.23661205661222	-30	0.17113197249047465
1344	1	1	1	0.0	1	False	0.3	4.5	5.0	70	0.008	28.0	0.1	succeed	early_stop_succeed	5350	42.74713864504327	42.71743612926228	-26	0.13514056371376035
1345	1	1	1	0.0	1	False	0.3	5.0	1.1	70	0.008	28.0	0.1	succeed	early_stop_succeed	2000	40.2251786192603	40.188578720202074	-30	0.2407096363868727
1346	1	1	1	0.0	1	False	0.3	5.0	1.5	70	0.008	28.0	0.1	succeed	early_stop_succeed	2900	40.72188666716991	40.705680461672934	-29	0.18213513929974362
1347	1	1	1	0.0	1	False	0.3	5.0	2.0	70	0.008	28.0	0.1	succeed	early_stop_succeed	3350	41.268261358730605	41.27100872634996	-30	0.16129062333525837
1348	1	1	1	0.0	1	False	0.3	5.0	3.0	70	0.008	28.0	0.1	succeed	early_stop_succeed	6500	44.13868779506969	44.15409016527128	-27	0.11860901525310913
1349	1	1	1	0.0	1	False	0.3	5.0	5.0	70	0.008	28.0	0.1	succeed	early_stop_succeed	6400	44.31332547212774	44.27163577276024	-27	0.12512355056354255
1350	1	1	1	0.0	1	False	0.35	3.0	1.1	70	0.008	28.0	0.1	extinct	population_extinct	100000	NA	NA	NA	NA
1351	1	1	1	0.0	1	False	0.35	3.0	1.5	70	0.008	28.0	0.1	extinct	population_extinct	100000	NA	NA	NA	NA
1352	1	1	1	0.0	1	False	0.35	3.0	2.0	70	0.008	28.0	0.1	succeed	early_stop_succeed	2000	40.14212103164462	40.0935212874597	-30	0.2874928938631275
1353	1	1	1	0.0	1	False	0.35	3.0	3.0	70	0.008	28.0	0.1	succeed	early_stop_succeed	2000	40.28126531581862	40.254439991431646	-30	0.27580137788077175
1354	1	1	1	0.0	1	False	0.35	3.0	5.0	70	0.008	28.0	0.1	succeed	early_stop_succeed	2150	40.35628403052808	40.368804273298444	-30	0.21067072079248203
1355	1	1	1	0.0	1	False	0.35	3.5	1.1	70	0.008	28.0	0.1	extinct	population_extinct	100000	NA	NA	NA	NA
1356	1	1	1	0.0	1	False	0.35	3.5	1.5	70	0.008	28.0	0.1	succeed	early_stop_succeed	2000	40.32655819772776	40.39843576750394	-30	0.22999484113682084
1357	1	1	1	0.0	1	False	0.35	3.5	2.0	70	0.008	28.0	0.1	succeed	early_stop_succeed	2000	40.27441115480629	40.27049949004889	-30	0.23477685860676767
1358	1	1	1	0.0	1	False	0.35	3.5	3.0	70	0.008	28.0	0.1	succeed	early_stop_succeed	3950	41.07968451595473	41.08963592928442	-30	0.14278209258633853
1359	1	1	1	0.0	1	False	0.35	3.5	5.0	70	0.008	28.0	0.1	succeed	early_stop_succeed	5200	41.930077791294515	41.97614541258461	-27	0.1420549818711072
1360	1	1	1	0.0	1	False	0.35	4.0	1.1	70	0.008	28.0	0.1	extinct	population_extinct	100000	NA	NA	NA	NA
1361	1	1	1	0.0	1	False	0.35	4.0	1.5	70	0.008	28.0	0.1	succeed	early_stop_succeed	2150	40.15894668120763	40.15622934520271	-30	0.21400356181885732
1362	1	1	1	0.0	1	False	0.35	4.0	2.0	70	0.008	28.0	0.1	succeed	early_stop_succeed	3600	40.809007071242924	40.813580255511525	-30	0.16275644927617186
1363	1	1	1	0.0	1	False	0.35	4.0	3.0	70	0.008	28.0	0.1	succeed	early_stop_succeed	4500	41.05853744968417	41.06790408267477	-29	0.15154102490338356
1364	1	1	1	0.0	1	False	0.35	4.0	5.0	70	0.008	28.0	0.1	succeed	early_stop_succeed	6100	43.182785296670446	43.15208087737239	-27	0.11168141589939497
1365	1	1	1	0.0	1	False	0.35	4.5	1.1	70	0.008	28.0	0.1	succeed	early_stop_succeed	2000	40.13687961115931	40.14128026791215	-30	0.26030474345248084
1366	1	1	1	0.0	1	False	0.35	4.5	1.5	70	0.008	28.0	0.1	succeed	early_stop_succeed	2450	40.50975204728917	40.55082787401378	-30	0.1703805301088348
1367	1	1	1	0.0	1	False	0.35	4.5	2.0	70	0.008	28.0	0.1	succeed	early_stop_succeed	4350	41.55194373520556	41.5185768258016	-29	0.14616079406419552
1368	1	1	1	0.0	1	False	0.35	4.5	3.0	70	0.008	28.0	0.1	succeed	early_stop_succeed	7450	43.923020368582286	43.906569584091876	-27	0.12917297500452285
1369	1	1	1	0.0	1	False	0.35	4.5	5.0	70	0.008	28.0	0.1	succeed	early_stop_succeed	3600	41.96429640812368	41.945900307294366	-28	0.16070662045935913
1370	1	1	1	0.0	1	False	0.35	5.0	1.1	70	0.008	28.0	0.1	succeed	early_stop_succeed	2000	40.24251987204545	40.255271145568734	-30	0.22020831850437222
1371	1	1	1	0.0	1	False	0.35	5.0	1.5	70	0.008	28.0	0.1	succeed	early_stop_succeed	2000	40.22925988873558	40.22761382876337	-30	0.24418676608250972
1372	1	1	1	0.0	1	False	0.35	5.0	2.0	70	0.008	28.0	0.1	succeed	early_stop_succeed	3900	41.5522796715211	41.57307812609676	-29	0.14052412799754052
1373	1	1	1	0.0	1	False	0.35	5.0	3.0	70	0.008	28.0	0.1	succeed	early_stop_succeed	6500	43.23881710790552	43.263562722411024	-27	0.12737775987303906
1374	1	1	1	0.0	1	False	0.35	5.0	5.0	70	0.008	28.0	0.1	succeed	early_stop_succeed	6450	43.65632007565876	43.68120719502367	-26	0.11879970330254494
1375	0	0	0	NA	0	False	NA	NA	NA	70	NA	NA	NA	failed	early_stop_failed	3850	>46	47.09190476745201	-24	0.08881529060694023
1376	0	0	0	NA	0	False	NA	NA	NA	70	NA	NA	NA	failed	early_stop_failed	4600	>46	46.87219967370175	-25	0.08844302923192242
1377	0	0	0	NA	0	False	NA	NA	NA	70	NA	NA	NA	failed	early_stop_failed	4700	>46	46.86432911843431	-23	0.1250214653386431
1378	0	0	0	NA	0	False	NA	NA	NA	70	NA	NA	NA	failed	early_stop_failed	4100	>46	46.89645599022176	-22	0.09712374419561139
1379	0	0	0	NA	0	False	NA	NA	NA	70	NA	NA	NA	failed	early_stop_failed	4400	>46	46.72181840939309	-24	0.13095575761766376
1380	0	0	0	NA	0	False	NA	NA	NA	70	NA	NA	NA	failed	early_stop_failed	5000	>46	46.532459643760916	-22	0.1400231069018078
1381	0	0	0	NA	0	False	NA	NA	NA	70	NA	NA	NA	failed	early_stop_failed	4600	>46	46.49356186026994	-22	0.12211929952376423
1382	0	0	0	NA	0	False	NA	NA	NA	70	NA	NA	NA	failed	early_stop_failed	4200	>46	46.758042059330904	-21	0.11354783954661742
1383	0	0	0	NA	0	False	NA	NA	NA	70	NA	NA	NA	failed	early_stop_failed	4550	>46	46.33797117516486	-22	0.14105658152622444
1384	0	0	0	NA	0	False	NA	NA	NA	70	NA	NA	NA	failed	early_stop_failed	4400	>46	46.68645530074113	-22	0.1311155860396928
1385	0	0	0	NA	0	False	NA	NA	NA	70	NA	NA	NA	failed	early_stop_failed	4300	>46	46.5920434032252	-23	0.10880284889183382
1386	0	0	0	NA	0	False	NA	NA	NA	70	NA	NA	NA	failed	early_stop_failed	4950	>46	46.60910757042254	-22	0.12208741123406769
1387	0	0	0	NA	0	False	NA	NA	NA	70	NA	NA	NA	failed	early_stop_failed	4200	>46	46.86446041440253	-26	0.08538903559528227
1388	0	0	0	NA	0	False	NA	NA	NA	70	NA	NA	NA	failed	early_stop_failed	4400	>46	46.61191605053329	-21	0.1191155487429175
1389	0	0	0	NA	0	False	NA	NA	NA	70	NA	NA	NA	failed	early_stop_failed	4150	>46	46.987636385558496	-24	0.08592906313013077
1390	0	0	0	NA	0	False	NA	NA	NA	70	NA	NA	NA	failed	early_stop_failed	4400	>46	46.47562982025454	-24	0.09915432118268526
1391	0	0	0	NA	0	False	NA	NA	NA	70	NA	NA	NA	failed	early_stop_failed	4800	>46	46.73738025806247	-24	0.13279281187779468
1392	0	0	0	NA	0	False	NA	NA	NA	70	NA	NA	NA	failed	early_stop_failed	4400	>46	46.532492037793084	-23	0.15756491566009778
1393	0	0	0	NA	0	False	NA	NA	NA	70	NA	NA	NA	failed	early_stop_failed	4500	>46	46.77365504681194	-23	0.12369840800206992
1394	0	0	0	NA	0	False	NA	NA	NA	70	NA	NA	NA	failed	early_stop_failed	4300	>46	46.72844197313906	-21	0.1269338598784783
1395	0	0	0	NA	0	False	NA	NA	NA	70	NA	NA	NA	failed	early_stop_failed	4050	>46	46.741767934304285	-21	0.13416286419253387
1396	0	0	0	NA	0	False	NA	NA	NA	70	NA	NA	NA	failed	early_stop_failed	4700	>46	46.8225436552677	-24	0.11658466544053755
1397	0	0	0	NA	0	False	NA	NA	NA	70	NA	NA	NA	failed	early_stop_failed	4250	>46	46.428517720149145	-21	0.13896071121560835
1398	0	0	0	NA	0	False	NA	NA	NA	70	NA	NA	NA	failed	early_stop_failed	4250	>46	47.04449224236256	-23	0.10284605939655361
1399	0	0	0	NA	0	False	NA	NA	NA	70	NA	NA	NA	failed	early_stop_failed	5050	>46	46.790833566497106	-22	0.13826284817050344
1400	0	0	0	NA	0	False	NA	NA	NA	70	NA	NA	NA	failed	early_stop_failed	4500	>46	46.806854583932505	-23	0.12342350063359636
1401	0	0	0	NA	0	False	NA	NA	NA	70	NA	NA	NA	failed	early_stop_failed	4600	>46	46.49919966988733	-23	0.12165250724750663
1402	0	0	0	NA	0	False	NA	NA	NA	70	NA	NA	NA	failed	early_stop_failed	4350	>46	46.78355676944113	-20	0.10392165117964046
1403	0	0	0	NA	0	False	NA	NA	NA	70	NA	NA	NA	failed	early_stop_failed	4700	>46	46.57174104288855	-23	0.1454811913472584
1404	0	0	0	NA	0	False	NA	NA	NA	70	NA	NA	NA	failed	early_stop_failed	4200	>46	46.74339044766613	-21	0.11354408208671334
1405	0	0	0	NA	0	False	NA	NA	NA	70	NA	NA	NA	failed	early_stop_failed	4450	>46	46.731629151376296	-22	0.16028883466721386
1406	0	0	0	NA	0	False	NA	NA	NA	70	NA	NA	NA	failed	early_stop_failed	4650	>46	46.52769523673792	-23	0.12717530501262758
1407	0	0	0	NA	0	False	NA	NA	NA	70	NA	NA	NA	failed	early_stop_failed	4900	>46	46.96595839427218	-22	0.10906877088282683
1408	0	0	0	NA	0	False	NA	NA	NA	70	NA	NA	NA	failed	early_stop_failed	4550	>46	46.739383966567125	-26	0.10651168966920618
1409	0	0	0	NA	0	False	NA	NA	NA	70	NA	NA	NA	failed	early_stop_failed	4400	>46	46.76630045413959	-24	0.10457405859027963
1410	0	0	0	NA	0	False	NA	NA	NA	70	NA	NA	NA	failed	early_stop_failed	4300	>46	46.69632011499392	-24	0.11448726178509915
1411	0	0	0	NA	0	False	NA	NA	NA	70	NA	NA	NA	failed	early_stop_failed	4250	>46	46.676370941840084	-21	0.1056976456746867
1412	0	0	0	NA	0	False	NA	NA	NA	70	NA	NA	NA	failed	early_stop_failed	4450	>46	46.492488567536284	-23	0.13399127302659006
1413	0	0	0	NA	0	False	NA	NA	NA	70	NA	NA	NA	failed	early_stop_failed	4350	>46	46.79038587718491	-25	0.10790457878035681
1414	0	0	0	NA	0	False	NA	NA	NA	70	NA	NA	NA	failed	early_stop_failed	4950	>46	46.62032371780634	-24	0.13068148183175068
1415	0	0	0	NA	0	False	NA	NA	NA	70	NA	NA	NA	failed	early_stop_failed	4500	>46	46.868107793485805	-24	0.10313425435421317
1416	0	0	0	NA	0	False	NA	NA	NA	70	NA	NA	NA	failed	early_stop_failed	3850	>46	47.11477173780878	-19	0.09593577539993482
1417	0	0	0	NA	0	False	NA	NA	NA	70	NA	NA	NA	failed	early_stop_failed	4750	>46	46.80772719112572	-21	0.12674307014029165
1418	0	0	0	NA	0	False	NA	NA	NA	70	NA	NA	NA	failed	early_stop_failed	4600	>46	46.44745919178851	-23	0.15413219856707397
1419	0	0	0	NA	0	False	NA	NA	NA	70	NA	NA	NA	failed	early_stop_failed	4700	>46	46.68779805679775	-23	0.12967015180842115
1420	0	0	0	NA	0	False	NA	NA	NA	70	NA	NA	NA	failed	early_stop_failed	4800	>46	46.47888950886928	-23	0.12847569402121184
1421	0	0	0	NA	0	False	NA	NA	NA	70	NA	NA	NA	failed	early_stop_failed	4550	>46	46.70828464234194	-23	0.111639131131059
1422	0	0	0	NA	0	False	NA	NA	NA	70	NA	NA	NA	failed	early_stop_failed	4750	>46	46.59431296092183	-22	0.12223885448936393
1423	0	0	0	NA	0	False	NA	NA	NA	70	NA	NA	NA	failed	early_stop_failed	4450	>46	46.767927846165726	-24	0.11231366767900998
1424	0	0	0	NA	0	False	NA	NA	NA	70	NA	NA	NA	failed	early_stop_failed	4600	>46	46.707756233664945	-24	0.1342940998950165
1425	0	0	0	NA	0	False	NA	NA	NA	70	NA	NA	NA	failed	early_stop_failed	4650	>46	46.68832813239925	-23	0.11880962047202763
1426	0	0	0	NA	0	False	NA	NA	NA	70	NA	NA	NA	failed	early_stop_failed	4350	>46	46.667835263334	-23	0.10969722124897546
1427	0	0	0	NA	0	False	NA	NA	NA	70	NA	NA	NA	failed	early_stop_failed	4800	>46	46.49931488357975	-23	0.13140161657120486
1428	0	0	0	NA	0	False	NA	NA	NA	70	NA	NA	NA	failed	early_stop_failed	4500	>46	46.72581938160414	-23	0.11332270510271786
1429	0	0	0	NA	0	False	NA	NA	NA	70	NA	NA	NA	failed	early_stop_failed	4500	>46	46.604905597857964	-23	0.10468788666920757
1430	0	0	0	NA	0	False	NA	NA	NA	70	NA	NA	NA	failed	early_stop_failed	4200	>46	46.77466803965386	-22	0.154539074485206
1431	0	0	0	NA	0	False	NA	NA	NA	70	NA	NA	NA	failed	early_stop_failed	4750	>46	46.54086952442583	-22	0.13187818672528587
1432	0	0	0	NA	0	False	NA	NA	NA	70	NA	NA	NA	failed	early_stop_failed	4600	>46	46.70234217497396	-23	0.10862054403692759
1433	0	0	0	NA	0	False	NA	NA	NA	70	NA	NA	NA	failed	early_stop_failed	4350	>46	46.703013593758605	-21	0.10488569129022238
1434	0	0	0	NA	0	False	NA	NA	NA	70	NA	NA	NA	failed	early_stop_failed	4600	>46	46.793548747662	-23	0.14088735857793971
1435	0	0	0	NA	0	False	NA	NA	NA	70	NA	NA	NA	failed	early_stop_failed	4250	>46	46.760847158645255	-22	0.11279554077690371
1436	0	0	0	NA	0	False	NA	NA	NA	70	NA	NA	NA	failed	early_stop_failed	4800	>46	46.463719863104416	-23	0.1512722985643633
1437	0	0	0	NA	0	False	NA	NA	NA	70	NA	NA	NA	failed	early_stop_failed	4350	>46	46.72427056056719	-23	0.11924312528907341
1438	0	0	0	NA	0	False	NA	NA	NA	70	NA	NA	NA	failed	early_stop_failed	4400	>46	46.59570508857941	-23	0.12034033580508505
1439	0	0	0	NA	0	False	NA	NA	NA	70	NA	NA	NA	failed	early_stop_failed	4950	>46	46.60737780306021	-22	0.13703097645292217
1440	0	0	0	NA	0	False	NA	NA	NA	70	NA	NA	NA	failed	early_stop_failed	4250	>46	46.85069101743788	-23	0.11585049505470332
1441	0	0	0	NA	0	False	NA	NA	NA	70	NA	NA	NA	failed	early_stop_failed	4250	>46	46.65319493267087	-23	0.11052319290097574
1442	0	0	0	NA	0	False	NA	NA	NA	70	NA	NA	NA	failed	early_stop_failed	4500	>46	46.69679741506139	-23	0.1371084173081237
1443	0	0	0	NA	0	False	NA	NA	NA	70	NA	NA	NA	failed	early_stop_failed	4550	>46	46.6280031292514	-22	0.1250265425594581
1444	0	0	0	NA	0	False	NA	NA	NA	70	NA	NA	NA	failed	early_stop_failed	4150	>46	46.746464259052296	-24	0.10029532111762002
1445	0	0	0	NA	0	False	NA	NA	NA	70	NA	NA	NA	failed	early_stop_failed	4800	>46	46.59186200300071	-22	0.14368040827321393
1446	0	0	0	NA	0	False	NA	NA	NA	70	NA	NA	NA	failed	early_stop_failed	4250	>46	46.869492031557435	-22	0.13122309502423016
1447	0	0	0	NA	0	False	NA	NA	NA	70	NA	NA	NA	failed	early_stop_failed	4800	>46	46.74280125660612	-24	0.11468991176778191
1448	0	0	0	NA	0	False	NA	NA	NA	70	NA	NA	NA	failed	early_stop_failed	4450	>46	46.82894566923467	-24	0.10784552256457369
1449	0	0	0	NA	0	False	NA	NA	NA	70	NA	NA	NA	failed	early_stop_failed	4550	>46	46.602493741335046	-23	0.11563581712178117
1450	0	0	0	NA	0	False	NA	NA	NA	70	NA	NA	NA	failed	early_stop_failed	5300	>46	46.50821146783633	-22	0.13239128196585132
1451	0	0	0	NA	0	False	NA	NA	NA	70	NA	NA	NA	failed	early_stop_failed	4600	>46	46.875786415047955	-22	0.12735531944359876
1452	0	0	0	NA	0	False	NA	NA	NA	70	NA	NA	NA	failed	early_stop_failed	4950	>46	46.695119277565084	-23	0.1201959309947166
1453	0	0	0	NA	0	False	NA	NA	NA	70	NA	NA	NA	failed	early_stop_failed	4650	>46	46.70345919723116	-23	0.11012576209516095
1454	0	0	0	NA	0	False	NA	NA	NA	70	NA	NA	NA	failed	early_stop_failed	4300	>46	46.58288057139943	-22	0.13158736231218143
1455	0	0	0	NA	0	False	NA	NA	NA	70	NA	NA	NA	failed	early_stop_failed	4150	>46	46.824385107714356	-26	0.10308256702571178
1456	0	0	0	NA	0	False	NA	NA	NA	70	NA	NA	NA	failed	early_stop_failed	4600	>46	46.7762888692428	-23	0.10707997938313353
1457	0	0	0	NA	0	False	NA	NA	NA	70	NA	NA	NA	failed	early_stop_failed	4500	>46	46.88351010311191	-21	0.12825759445302515
1458	0	0	0	NA	0	False	NA	NA	NA	70	NA	NA	NA	failed	early_stop_failed	4250	>46	46.88663753590922	-22	0.10586824671979896
1459	0	0	0	NA	0	False	NA	NA	NA	70	NA	NA	NA	failed	early_stop_failed	5200	>46	46.61148895828921	-23	0.1286831515192371
1460	0	0	0	NA	0	False	NA	NA	NA	70	NA	NA	NA	failed	early_stop_failed	4250	>46	46.79003486023706	-23	0.09758161666557669
1461	0	0	0	NA	0	False	NA	NA	NA	70	NA	NA	NA	failed	early_stop_failed	4150	>46	46.85850123481268	-23	0.10090040454420497
1462	0	0	0	NA	0	False	NA	NA	NA	70	NA	NA	NA	failed	early_stop_failed	4150	>46	46.490727069951426	-21	0.10798542435336804
1463	0	0	0	NA	0	False	NA	NA	NA	70	NA	NA	NA	failed	early_stop_failed	4750	>46	46.51250719464467	-23	0.13876566885658279
1464	0	0	0	NA	0	False	NA	NA	NA	70	NA	NA	NA	failed	early_stop_failed	4000	>46	47.2187031178515	-26	0.08564388426627323
1465	0	0	0	NA	0	False	NA	NA	NA	70	NA	NA	NA	failed	early_stop_failed	4500	>46	46.62103884350926	-23	0.1383223613010161
1466	0	0	0	NA	0	False	NA	NA	NA	70	NA	NA	NA	failed	early_stop_failed	4400	>46	46.834445447681674	-24	0.10946948946774475
1467	0	0	0	NA	0	False	NA	NA	NA	70	NA	NA	NA	failed	early_stop_failed	4500	>46	46.65312767741472	-24	0.13430677954777853
1468	0	0	0	NA	0	False	NA	NA	NA	70	NA	NA	NA	failed	early_stop_failed	4950	>46	46.79588011047542	-24	0.12856872691347518
1469	0	0	0	NA	0	False	NA	NA	NA	70	NA	NA	NA	failed	early_stop_failed	4600	>46	46.730049549760636	-24	0.15488380302722365
1470	0	0	0	NA	0	False	NA	NA	NA	70	NA	NA	NA	failed	early_stop_failed	4650	>46	46.641070096313605	-24	0.10676562516453092
1471	0	0	0	NA	0	False	NA	NA	NA	70	NA	NA	NA	failed	early_stop_failed	4700	>46	46.67191796599996	-22	0.12204951825540411
1472	0	0	0	NA	0	False	NA	NA	NA	70	NA	NA	NA	failed	early_stop_failed	4950	>46	46.51918320453078	-23	0.12976649137301924
1473	0	0	0	NA	0	False	NA	NA	NA	70	NA	NA	NA	failed	early_stop_failed	4350	>46	46.573040125083885	-23	0.12188812947961335
1474	0	0	0	NA	0	False	NA	NA	NA	70	NA	NA	NA	failed	early_stop_failed	4600	>46	46.820610698690444	-24	0.11650583829687505
1475	0	0	0	NA	0	False	NA	NA	NA	70	NA	NA	NA	failed	early_stop_failed	4300	>46	46.83892599667207	-22	0.10161438045302501
1476	0	0	0	NA	0	False	NA	NA	NA	70	NA	NA	NA	failed	early_stop_failed	4800	>46	46.58679278197314	-23	0.14671701560439454
1477	0	0	0	NA	0	False	NA	NA	NA	70	NA	NA	NA	failed	early_stop_failed	4600	>46	46.44011964538983	-21	0.11978991036810527
1478	0	0	0	NA	0	False	NA	NA	NA	70	NA	NA	NA	failed	early_stop_failed	4650	>46	46.57466672551987	-24	0.11406486294632685
1479	0	0	0	NA	0	False	NA	NA	NA	70	NA	NA	NA	failed	early_stop_failed	4450	>46	46.58382206052076	-23	0.13203054722899027
1480	0	0	0	NA	0	False	NA	NA	NA	70	NA	NA	NA	failed	early_stop_failed	4800	>46	46.66817438124338	-25	0.1219612194356441
1481	0	0	0	NA	0	False	NA	NA	NA	70	NA	NA	NA	failed	early_stop_failed	4750	>46	46.68221942248614	-23	0.1240433031824571
1482	0	0	0	NA	0	False	NA	NA	NA	70	NA	NA	NA	failed	early_stop_failed	4750	>46	46.541039903477234	-23	0.14424571211993834
1483	0	0	0	NA	0	False	NA	NA	NA	70	NA	NA	NA	failed	early_stop_failed	4350	>46	46.64425694970806	-21	0.12020651510871028
1484	0	0	0	NA	0	False	NA	NA	NA	70	NA	NA	NA	failed	early_stop_failed	5000	>46	46.71389200552588	-23	0.14002003654779957
1485	0	0	0	NA	0	False	NA	NA	NA	70	NA	NA	NA	failed	early_stop_failed	4550	>46	46.656188491545976	-23	0.1412869068758032
1486	0	0	0	NA	0	False	NA	NA	NA	70	NA	NA	NA	failed	early_stop_failed	4600	>46	46.83302908478241	-20	0.11866435961431245
1487	0	0	0	NA	0	False	NA	NA	NA	70	NA	NA	NA	failed	early_stop_failed	4350	>46	46.890528649653774	-24	0.10468996105073287
1488	0	0	0	NA	0	False	NA	NA	NA	70	NA	NA	NA	failed	early_stop_failed	4250	>46	46.89938618450401	-23	0.11757660338420836
1489	0	0	0	NA	0	False	NA	NA	NA	70	NA	NA	NA	failed	early_stop_failed	4600	>46	46.61927926339746	-24	0.13085875570293207
1490	0	0	0	NA	0	False	NA	NA	NA	70	NA	NA	NA	failed	early_stop_failed	4400	>46	46.67256848296703	-24	0.11312211806448248
1491	0	0	0	NA	0	False	NA	NA	NA	70	NA	NA	NA	failed	early_stop_failed	4350	>46	46.55222207964336	-24	0.11314440919137582
1492	0	0	0	NA	0	False	NA	NA	NA	70	NA	NA	NA	failed	early_stop_failed	4650	>46	46.54933704833745	-22	0.11422754150244334
1493	0	0	0	NA	0	False	NA	NA	NA	70	NA	NA	NA	failed	early_stop_failed	4750	>46	46.59670914568862	-22	0.13462590156988236
1494	0	0	0	NA	0	False	NA	NA	NA	70	NA	NA	NA	failed	early_stop_failed	4600	>46	46.669812959559046	-24	0.10069576060610734
1495	0	0	0	NA	0	False	NA	NA	NA	70	NA	NA	NA	failed	early_stop_failed	4900	>46	46.53896049756589	-24	0.1349968643669121
1496	0	0	0	NA	0	False	NA	NA	NA	70	NA	NA	NA	failed	early_stop_failed	4200	>46	46.77517527352594	-22	0.11545441146761169
1497	0	0	0	NA	0	False	NA	NA	NA	70	NA	NA	NA	failed	early_stop_failed	4400	>46	46.73852215490253	-22	0.10582341025467952
1498	0	0	0	NA	0	False	NA	NA	NA	70	NA	NA	NA	failed	early_stop_failed	4500	>46	46.807308838647806	-22	0.0956424324462631
1499	0	0	0	NA	0	False	NA	NA	NA	70	NA	NA	NA	failed	early_stop_failed	4550	>46	46.864176276586896	-24	0.11273796861146028
1500	1	0	0	0.1	0	False	0.15	3.0	1.1	70	NA	NA	NA	failed	early_stop_failed	4550	>46	46.9668388413723	-21	0.10463469282047708
1501	1	0	0	0.1	0	False	0.15	3.0	1.5	70	NA	NA	NA	failed	early_stop_failed	5250	>46	46.74318381089394	-23	0.13003134764143756
1502	1	0	0	0.1	0	False	0.15	3.0	2.0	70	NA	NA	NA	failed	early_stop_failed	4750	>46	46.640735835490325	-24	0.11816750514056672
1503	1	0	0	0.1	0	False	0.15	3.0	3.0	70	NA	NA	NA	failed	early_stop_failed	5000	>46	46.510327231562	-22	0.1227882148523835
1504	1	0	0	0.1	0	False	0.15	3.0	5.0	70	NA	NA	NA	failed	early_stop_failed	5450	>46	46.9000076032995	-25	0.09695885766209077
1505	1	0	0	0.1	0	False	0.15	3.5	1.1	70	NA	NA	NA	failed	early_stop_failed	4350	>46	47.00767484120768	-19	0.07930248259274819
1506	1	0	0	0.1	0	False	0.15	3.5	1.5	70	NA	NA	NA	failed	early_stop_failed	4450	>46	46.50364871396076	-24	0.10630011831681292
1507	1	0	0	0.1	0	False	0.15	3.5	2.0	70	NA	NA	NA	failed	early_stop_failed	4650	>46	46.77971063453431	-22	0.11497545568436728
1508	1	0	0	0.1	0	False	0.15	3.5	3.0	70	NA	NA	NA	failed	early_stop_failed	5150	>46	46.55274777812751	-23	0.1311469620237353
1509	1	0	0	0.1	0	False	0.15	3.5	5.0	70	NA	NA	NA	failed	early_stop_failed	4350	>46	46.6716583894177	-21	0.10425401695698691
1510	1	0	0	0.1	0	False	0.15	4.0	1.1	70	NA	NA	NA	failed	early_stop_failed	4500	>46	46.89164413464254	-20	0.10702687226888016
1511	1	0	0	0.1	0	False	0.15	4.0	1.5	70	NA	NA	NA	failed	early_stop_failed	5100	>46	46.706609478333455	-21	0.114438481999252
1512	1	0	0	0.1	0	False	0.15	4.0	2.0	70	NA	NA	NA	failed	early_stop_failed	4800	>46	46.70763497506838	-24	0.1030253231719338
1513	1	0	0	0.1	0	False	0.15	4.0	3.0	70	NA	NA	NA	failed	early_stop_failed	4850	>46	46.661490119722906	-22	0.11571260236506924
1514	1	0	0	0.1	0	False	0.15	4.0	5.0	70	NA	NA	NA	failed	early_stop_failed	4150	>46	47.11435504590729	-25	0.10695673582813474
1515	1	0	0	0.1	0	False	0.15	4.5	1.1	70	NA	NA	NA	failed	early_stop_failed	5250	>46	46.73455891989162	-23	0.14147231022233364
1516	1	0	0	0.1	0	False	0.15	4.5	1.5	70	NA	NA	NA	failed	early_stop_failed	4950	>46	46.515544274072525	-22	0.12664676154657628
1517	1	0	0	0.1	0	False	0.15	4.5	2.0	70	NA	NA	NA	failed	early_stop_failed	4450	>46	47.026015887457795	-25	0.09284993181636388
1518	1	0	0	0.1	0	False	0.15	4.5	3.0	70	NA	NA	NA	failed	early_stop_failed	4950	>46	46.545829107985675	-22	0.13443934010761543
1519	1	0	0	0.1	0	False	0.15	4.5	5.0	70	NA	NA	NA	failed	early_stop_failed	4450	>46	46.961204937703414	-26	0.09158339236258221
1520	1	0	0	0.1	0	False	0.15	5.0	1.1	70	NA	NA	NA	failed	early_stop_failed	4650	>46	46.61313477456523	-22	0.11857888823185846
1521	1	0	0	0.1	0	False	0.15	5.0	1.5	70	NA	NA	NA	failed	early_stop_failed	5000	>46	46.81313867019701	-21	0.1344062317341279
1522	1	0	0	0.1	0	False	0.15	5.0	2.0	70	NA	NA	NA	failed	early_stop_failed	4900	>46	46.55717626350446	-23	0.1509078716969628
1523	1	0	0	0.1	0	False	0.15	5.0	3.0	70	NA	NA	NA	failed	early_stop_failed	5050	>46	46.69602969160975	-23	0.13765023368141516
1524	1	0	0	0.1	0	False	0.15	5.0	5.0	70	NA	NA	NA	failed	early_stop_failed	4500	>46	46.90672917338974	-24	0.09803219612708233
1525	1	0	0	0.1	0	False	0.2	3.0	1.1	70	NA	NA	NA	failed	early_stop_failed	4750	>46	46.60478845481992	-23	0.13152738727231544
1526	1	0	0	0.1	0	False	0.2	3.0	1.5	70	NA	NA	NA	failed	early_stop_failed	4550	>46	46.73462223043466	-22	0.11622969983071924
1527	1	0	0	0.1	0	False	0.2	3.0	2.0	70	NA	NA	NA	failed	early_stop_failed	4350	>46	46.59992730600754	-22	0.13281835235854209
1528	1	0	0	0.1	0	False	0.2	3.0	3.0	70	NA	NA	NA	failed	early_stop_failed	4900	>46	46.396034964626075	-24	0.11517766009914977
1529	1	0	0	0.1	0	False	0.2	3.0	5.0	70	NA	NA	NA	failed	early_stop_failed	4750	>46	46.55568305492875	-25	0.10063908538519918
1530	1	0	0	0.1	0	False	0.2	3.5	1.1	70	NA	NA	NA	failed	early_stop_failed	4850	>46	46.5448417334535	-24	0.10012547007638868
1531	1	0	0	0.1	0	False	0.2	3.5	1.5	70	NA	NA	NA	failed	early_stop_failed	4500	>46	46.98415312782167	-22	0.09390003881063853
1532	1	0	0	0.1	0	False	0.2	3.5	2.0	70	NA	NA	NA	failed	early_stop_failed	5000	>46	46.553031113369066	-23	0.11687361656126097
1533	1	0	0	0.1	0	False	0.2	3.5	3.0	70	NA	NA	NA	failed	early_stop_failed	4600	>46	46.757997174445556	-24	0.106933735049039
1534	1	0	0	0.1	0	False	0.2	3.5	5.0	70	NA	NA	NA	failed	early_stop_failed	4900	>46	46.64479031732636	-22	0.11291111673582611
1535	1	0	0	0.1	0	False	0.2	4.0	1.1	70	NA	NA	NA	failed	early_stop_failed	4750	>46	46.46594794038732	-24	0.09746822433087096
1536	1	0	0	0.1	0	False	0.2	4.0	1.5	70	NA	NA	NA	failed	early_stop_failed	4950	>46	46.49559008822702	-22	0.11284460116420249
1537	1	0	0	0.1	0	False	0.2	4.0	2.0	70	NA	NA	NA	failed	early_stop_failed	4700	>46	47.03832458086453	-21	0.11662232331262358
1538	1	0	0	0.1	0	False	0.2	4.0	3.0	70	NA	NA	NA	failed	early_stop_failed	5150	>46	46.62515107229567	-22	0.12414815608357566
1539	1	0	0	0.1	0	False	0.2	4.0	5.0	70	NA	NA	NA	failed	early_stop_failed	4450	>46	46.6236387235522	-22	0.11624066309951642
1540	1	0	0	0.1	0	False	0.2	4.5	1.1	70	NA	NA	NA	failed	early_stop_failed	4400	>46	46.77270181370339	-23	0.1085955603560214
1541	1	0	0	0.1	0	False	0.2	4.5	1.5	70	NA	NA	NA	failed	early_stop_failed	5500	>46	46.34077586126247	-23	0.14758370508695573
1542	1	0	0	0.1	0	False	0.2	4.5	2.0	70	NA	NA	NA	failed	early_stop_failed	5150	>46	46.55594467328661	-24	0.13408648375499146
1543	1	0	0	0.1	0	False	0.2	4.5	3.0	70	NA	NA	NA	failed	early_stop_failed	4600	>46	46.343628937882464	-23	0.11252969074508722
1544	1	0	0	0.1	0	False	0.2	4.5	5.0	70	NA	NA	NA	failed	early_stop_failed	3950	>46	47.1386556833296	-20	0.09081314128030903
1545	1	0	0	0.1	0	False	0.2	5.0	1.1	70	NA	NA	NA	failed	early_stop_failed	5000	>46	46.495533238654275	-22	0.1264054191063058
1546	1	0	0	0.1	0	False	0.2	5.0	1.5	70	NA	NA	NA	failed	early_stop_failed	4900	>46	46.63961213999692	-24	0.11363342197468386
1547	1	0	0	0.1	0	False	0.2	5.0	2.0	70	NA	NA	NA	failed	early_stop_failed	4350	>46	46.77280508474454	-23	0.10621180479915072
1548	1	0	0	0.1	0	False	0.2	5.0	3.0	70	NA	NA	NA	failed	early_stop_failed	4400	>46	46.660539722019	-21	0.11277886358769099
1549	1	0	0	0.1	0	False	0.2	5.0	5.0	70	NA	NA	NA	failed	early_stop_failed	4450	>46	46.54496660026092	-22	0.12366655656182168
1550	1	0	0	0.1	0	False	0.25	3.0	1.1	70	NA	NA	NA	extinct	population_extinct	100000	NA	40.987698290904675	NA	NA
1551	1	0	0	0.1	0	False	0.25	3.0	1.5	70	NA	NA	NA	failed	early_stop_failed	5100	>46	46.60099183852259	-23	0.13809601880664146
1552	1	0	0	0.1	0	False	0.25	3.0	2.0	70	NA	NA	NA	failed	early_stop_failed	4600	>46	46.911536096359924	-23	0.13456586674819979
1553	1	0	0	0.1	0	False	0.25	3.0	3.0	70	NA	NA	NA	failed	early_stop_failed	5050	>46	46.5976685778322	-22	0.13047974682774655
1554	1	0	0	0.1	0	False	0.25	3.0	5.0	70	NA	NA	NA	failed	early_stop_failed	5450	>46	46.7686351001297	-23	0.11960590722485114
1555	1	0	0	0.1	0	False	0.25	3.5	1.1	70	NA	NA	NA	failed	early_stop_failed	4000	>46	46.92600733825367	-20	0.08974294546217894
1556	1	0	0	0.1	0	False	0.25	3.5	1.5	70	NA	NA	NA	failed	early_stop_failed	5200	>46	46.52700782526989	-23	0.1345785932329087
1557	1	0	0	0.1	0	False	0.25	3.5	2.0	70	NA	NA	NA	failed	early_stop_failed	4900	>46	46.75875195826168	-19	0.10380216103801367
1558	1	0	0	0.1	0	False	0.25	3.5	3.0	70	NA	NA	NA	failed	early_stop_failed	4800	>46	46.71997842575689	-24	0.10372129187669893
1559	1	0	0	0.1	0	False	0.25	3.5	5.0	70	NA	NA	NA	failed	early_stop_failed	4250	>46	47.03498106403348	-19	0.09275476466547287
1560	1	0	0	0.1	0	False	0.25	4.0	1.1	70	NA	NA	NA	failed	early_stop_failed	4900	>46	46.88360776849517	-22	0.10699757784684888
1561	1	0	0	0.1	0	False	0.25	4.0	1.5	70	NA	NA	NA	failed	early_stop_failed	5000	>46	46.55910759836002	-24	0.12636995293927725
1562	1	0	0	0.1	0	False	0.25	4.0	2.0	70	NA	NA	NA	failed	early_stop_failed	4300	>46	46.89284951245053	-24	0.10416896164259513
1563	1	0	0	0.1	0	False	0.25	4.0	3.0	70	NA	NA	NA	failed	early_stop_failed	5000	>46	46.67619549204879	-22	0.12293238951769211
1564	1	0	0	0.1	0	False	0.25	4.0	5.0	70	NA	NA	NA	failed	early_stop_failed	4750	>46	46.6361962304457	-21	0.12477908853142608
1565	1	0	0	0.1	0	False	0.25	4.5	1.1	70	NA	NA	NA	failed	early_stop_failed	5300	>46	46.48885193301629	-23	0.14692137572401984
1566	1	0	0	0.1	0	False	0.25	4.5	1.5	70	NA	NA	NA	failed	early_stop_failed	5150	>46	46.57302666854716	-24	0.12962067448261017
1567	1	0	0	0.1	0	False	0.25	4.5	2.0	70	NA	NA	NA	failed	early_stop_failed	4650	>46	46.56053572867826	-23	0.11855656576965234
1568	1	0	0	0.1	0	False	0.25	4.5	3.0	70	NA	NA	NA	failed	early_stop_failed	4900	>46	46.56534988109536	-23	0.1458723069293132
1569	1	0	0	0.1	0	False	0.25	4.5	5.0	70	NA	NA	NA	failed	early_stop_failed	4400	>46	46.54414109154642	-23	0.11660070030646687
1570	1	0	0	0.1	0	False	0.25	5.0	1.1	70	NA	NA	NA	failed	early_stop_failed	4800	>46	46.736941466822564	-22	0.10822352724258716
1571	1	0	0	0.1	0	False	0.25	5.0	1.5	70	NA	NA	NA	failed	early_stop_failed	5100	>46	46.5319005148481	-23	0.11870711574446657
1572	1	0	0	0.1	0	False	0.25	5.0	2.0	70	NA	NA	NA	failed	early_stop_failed	4850	>46	46.60660148289711	-22	0.1252572525594019
1573	1	0	0	0.1	0	False	0.25	5.0	3.0	70	NA	NA	NA	failed	early_stop_failed	4350	>46	46.6691918576721	-22	0.10958537463670731
1574	1	0	0	0.1	0	False	0.25	5.0	5.0	70	NA	NA	NA	failed	early_stop_failed	4350	>46	46.44025383535361	-23	0.14417173434279296
1575	1	0	0	0.1	0	False	0.3	3.0	1.1	70	NA	NA	NA	extinct	population_extinct	100000	NA	NA	NA	NA
1576	1	0	0	0.1	0	False	0.3	3.0	1.5	70	NA	NA	NA	failed	early_stop_failed	5350	>46	46.45387344120776	-23	0.12976787897272465
1577	1	0	0	0.1	0	False	0.3	3.0	2.0	70	NA	NA	NA	failed	early_stop_failed	4300	>46	46.65281555803098	-22	0.1257297413199342
1578	1	0	0	0.1	0	False	0.3	3.0	3.0	70	NA	NA	NA	failed	early_stop_failed	4350	>46	46.730918464825024	-22	0.11356670244605843
1579	1	0	0	0.1	0	False	0.3	3.0	5.0	70	NA	NA	NA	failed	early_stop_failed	5500	>46	46.458526489794295	-22	0.12725847425147346
1580	1	0	0	0.1	0	False	0.3	3.5	1.1	70	NA	NA	NA	failed	early_stop_failed	5000	>46	46.76248411688118	-23	0.10512980242385472
1581	1	0	0	0.1	0	False	0.3	3.5	1.5	70	NA	NA	NA	failed	early_stop_failed	4700	>46	46.97940242317339	-22	0.10612067716007863
1582	1	0	0	0.1	0	False	0.3	3.5	2.0	70	NA	NA	NA	failed	early_stop_failed	4500	>46	46.8454627376939	-21	0.10264953406064672
1583	1	0	0	0.1	0	False	0.3	3.5	3.0	70	NA	NA	NA	failed	early_stop_failed	5550	>46	46.55207166130636	-22	0.12385419940007082
1584	1	0	0	0.1	0	False	0.3	3.5	5.0	70	NA	NA	NA	failed	early_stop_failed	5250	>46	46.646310143738376	-23	0.12167363399665797
1585	1	0	0	0.1	0	False	0.3	4.0	1.1	70	NA	NA	NA	failed	early_stop_failed	4900	>46	46.72050765518058	-23	0.12640602608114565
1586	1	0	0	0.1	0	False	0.3	4.0	1.5	70	NA	NA	NA	failed	early_stop_failed	5000	>46	46.58395174837271	-23	0.12184509491760835
1587	1	0	0	0.1	0	False	0.3	4.0	2.0	70	NA	NA	NA	failed	early_stop_failed	4350	>46	46.79603359610712	-21	0.12674028589192424
1588	1	0	0	0.1	0	False	0.3	4.0	3.0	70	NA	NA	NA	failed	early_stop_failed	5000	>46	46.717874072218194	-22	0.128247856781252
1589	1	0	0	0.1	0	False	0.3	4.0	5.0	70	NA	NA	NA	failed	early_stop_failed	5150	>46	46.67768857085098	-23	0.12569741688458685
1590	1	0	0	0.1	0	False	0.3	4.5	1.1	70	NA	NA	NA	failed	early_stop_failed	4800	>46	46.483098830547746	-22	0.13436627595076037
1591	1	0	0	0.1	0	False	0.3	4.5	1.5	70	NA	NA	NA	failed	early_stop_failed	4900	>46	46.702920407353275	-22	0.10150598348997088
1592	1	0	0	0.1	0	False	0.3	4.5	2.0	70	NA	NA	NA	failed	early_stop_failed	5050	>46	46.51205579909508	-23	0.13640921836757477
1593	1	0	0	0.1	0	False	0.3	4.5	3.0	70	NA	NA	NA	failed	early_stop_failed	4500	>46	46.789039295604596	-20	0.09261534155612079
1594	1	0	0	0.1	0	False	0.3	4.5	5.0	70	NA	NA	NA	failed	early_stop_failed	4550	>46	46.772513515783324	-21	0.11763063993725327
1595	1	0	0	0.1	0	False	0.3	5.0	1.1	70	NA	NA	NA	failed	early_stop_failed	4800	>46	46.504681956854526	-23	0.12980219592501688
1596	1	0	0	0.1	0	False	0.3	5.0	1.5	70	NA	NA	NA	failed	early_stop_failed	4750	>46	46.642206433438766	-23	0.12871414216752572
1597	1	0	0	0.1	0	False	0.3	5.0	2.0	70	NA	NA	NA	failed	early_stop_failed	4250	>46	47.182666724160214	-24	0.09876856378348893
1598	1	0	0	0.1	0	False	0.3	5.0	3.0	70	NA	NA	NA	failed	early_stop_failed	4350	>46	46.67642592576887	-22	0.13291140831747128
1599	1	0	0	0.1	0	False	0.3	5.0	5.0	70	NA	NA	NA	failed	early_stop_failed	4250	>46	46.73817579253101	-21	0.10841555439642801
1600	1	0	0	0.1	0	False	0.35	3.0	1.1	70	NA	NA	NA	extinct	population_extinct	100000	NA	NA	NA	NA
1601	1	0	0	0.1	0	False	0.35	3.0	1.5	70	NA	NA	NA	failed	early_stop_failed	5600	>46	46.59829586803712	-24	0.11571543641828008
1602	1	0	0	0.1	0	False	0.35	3.0	2.0	70	NA	NA	NA	failed	early_stop_failed	5350	>46	46.54750756907531	-22	0.13318001185264464
1603	1	0	0	0.1	0	False	0.35	3.0	3.0	70	NA	NA	NA	failed	early_stop_failed	4650	>46	46.611498761501444	-20	0.10652144988340216
1604	1	0	0	0.1	0	False	0.35	3.0	5.0	70	NA	NA	NA	failed	early_stop_failed	4850	>46	46.63777375823788	-23	0.11993225272433267
1605	1	0	0	0.1	0	False	0.35	3.5	1.1	70	NA	NA	NA	extinct	population_extinct	100000	NA	40.73648429751216	NA	NA
1606	1	0	0	0.1	0	False	0.35	3.5	1.5	70	NA	NA	NA	failed	early_stop_failed	4950	>46	46.46080321741447	-24	0.12228177598655889
1607	1	0	0	0.1	0	False	0.35	3.5	2.0	70	NA	NA	NA	failed	early_stop_failed	4600	>46	46.840902082395374	-23	0.10888318471574608
1608	1	0	0	0.1	0	False	0.35	3.5	3.0	70	NA	NA	NA	failed	early_stop_failed	4800	>46	46.45372484193182	-23	0.126713395382871
1609	1	0	0	0.1	0	False	0.35	3.5	5.0	70	NA	NA	NA	failed	early_stop_failed	4650	>46	46.85180443458763	-20	0.09747464131685382
1610	1	0	0	0.1	0	False	0.35	4.0	1.1	70	NA	NA	NA	failed	early_stop_failed	5050	>46	46.605886882177536	-22	0.13071807701558746
1611	1	0	0	0.1	0	False	0.35	4.0	1.5	70	NA	NA	NA	failed	early_stop_failed	5350	>46	46.558125373177624	-23	0.14302333617700522
1612	1	0	0	0.1	0	False	0.35	4.0	2.0	70	NA	NA	NA	failed	early_stop_failed	5100	>46	46.57370955635842	-23	0.12940932712746642
1613	1	0	0	0.1	0	False	0.35	4.0	3.0	70	NA	NA	NA	failed	early_stop_failed	4400	>46	46.75830946913049	-20	0.0996833075293614
1614	1	0	0	0.1	0	False	0.35	4.0	5.0	70	NA	NA	NA	failed	early_stop_failed	5300	>46	46.55352342900424	-24	0.13332027563008875
1615	1	0	0	0.1	0	False	0.35	4.5	1.1	70	NA	NA	NA	failed	early_stop_failed	4750	>46	46.60066152179609	-23	0.11291260200938451
1616	1	0	0	0.1	0	False	0.35	4.5	1.5	70	NA	NA	NA	failed	early_stop_failed	4050	>46	46.82824129197787	-23	0.10008566821221632
1617	1	0	0	0.1	0	False	0.35	4.5	2.0	70	NA	NA	NA	failed	early_stop_failed	5650	>46	46.62374217069795	-22	0.1096068989953553
1618	1	0	0	0.1	0	False	0.35	4.5	3.0	70	NA	NA	NA	failed	early_stop_failed	4900	>46	46.46055900176709	-24	0.14232742161427145
1619	1	0	0	0.1	0	False	0.35	4.5	5.0	70	NA	NA	NA	failed	early_stop_failed	4350	>46	46.76448890864136	-22	0.10726813151289079
1620	1	0	0	0.1	0	False	0.35	5.0	1.1	70	NA	NA	NA	failed	early_stop_failed	4400	>46	46.93507585045414	-20	0.09038344378690823
1621	1	0	0	0.1	0	False	0.35	5.0	1.5	70	NA	NA	NA	failed	early_stop_failed	5200	>46	46.55917826086846	-22	0.12710850316919145
1622	1	0	0	0.1	0	False	0.35	5.0	2.0	70	NA	NA	NA	failed	early_stop_failed	4900	>46	46.603341775424006	-22	0.11281859272157373
1623	1	0	0	0.1	0	False	0.35	5.0	3.0	70	NA	NA	NA	failed	early_stop_failed	4800	>46	46.90884766684312	-25	0.09990505695397557
1624	1	0	0	0.1	0	False	0.35	5.0	5.0	70	NA	NA	NA	failed	early_stop_failed	4400	>46	46.69413872545631	-23	0.13348529430257117
1625	0	1	0	0.1	0	False	NA	NA	NA	70	0.008	28.0	NA	succeed	early_stop_succeed	5000	43.21766807769772	43.21695638423998	-26	0.15060756319521654
1626	0	1	0	0.1	0	False	NA	NA	NA	70	0.008	28.0	NA	succeed	early_stop_succeed	5050	42.79912296766329	42.81091644047127	-27	0.13524822897176084
1627	0	1	0	0.1	0	False	NA	NA	NA	70	0.008	28.0	NA	succeed	early_stop_succeed	7800	45.114278428817045	45.11234064105821	-25	0.14097311127153103
1628	0	1	0	0.1	0	False	NA	NA	NA	70	0.008	28.0	NA	succeed	early_stop_succeed	6150	43.89900061156833	43.900184712044236	-26	0.1341607604688031
1629	0	1	0	0.1	0	False	NA	NA	NA	70	0.008	28.0	NA	succeed	early_stop_succeed	6250	43.42067812240054	43.39244330086701	-26	0.1477460671311491
1630	0	1	0	0.1	0	False	NA	NA	NA	70	0.008	28.0	NA	succeed	early_stop_succeed	6050	43.357439972124105	43.36830076443711	-27	0.13003215523681846
1631	0	1	0	0.1	0	False	NA	NA	NA	70	0.008	28.0	NA	succeed	early_stop_succeed	5450	42.87504154285637	42.880283280764736	-27	0.13105804449992794
1632	0	1	0	0.1	0	False	NA	NA	NA	70	0.008	28.0	NA	succeed	early_stop_succeed	6150	44.17677117337182	44.21821128076222	-28	0.10932291446593614
1633	0	1	0	0.1	0	False	NA	NA	NA	70	0.008	28.0	NA	succeed	early_stop_succeed	4150	42.46236851938835	42.466634552103756	-28	0.1555346762022678
1634	0	1	0	0.1	0	False	NA	NA	NA	70	0.008	28.0	NA	succeed	early_stop_succeed	6650	43.957683311856336	43.97461630429876	-27	0.1327253033109542
1635	0	1	0	0.1	0	False	NA	NA	NA	70	0.008	28.0	NA	succeed	early_stop_succeed	6000	42.998291434153344	43.01503079031544	-27	0.13317694023320242
1636	0	1	0	0.1	0	False	NA	NA	NA	70	0.008	28.0	NA	succeed	early_stop_succeed	7500	44.4583561912191	44.485257929242046	-27	0.12085550909985468
1637	0	1	0	0.1	0	False	NA	NA	NA	70	0.008	28.0	NA	succeed	early_stop_succeed	6650	43.756269447243106	43.76228975394953	-26	0.14315002985872824
1638	0	1	0	0.1	0	False	NA	NA	NA	70	0.008	28.0	NA	succeed	early_stop_succeed	6750	43.86708885064457	43.87408924718978	-27	0.15361704174919225
1639	0	1	0	0.1	0	False	NA	NA	NA	70	0.008	28.0	NA	succeed	early_stop_succeed	7200	43.994229476210464	44.01680417585999	-26	0.15093009653959855
1640	0	1	0	0.1	0	False	NA	NA	NA	70	0.008	28.0	NA	succeed	early_stop_succeed	6800	43.587050336473084	43.5717774233576	-27	0.1380500211339769
1641	0	1	0	0.1	0	False	NA	NA	NA	70	0.008	28.0	NA	succeed	early_stop_succeed	5500	43.073150296166745	43.09001501074972	-27	0.1349778919761789
1642	0	1	0	0.1	0	False	NA	NA	NA	70	0.008	28.0	NA	succeed	early_stop_succeed	2150	40.898086786976435	40.870726359604056	-30	0.1887377391136179
1643	0	1	0	0.1	0	False	NA	NA	NA	70	0.008	28.0	NA	succeed	early_stop_succeed	6600	43.86031622755996	43.86119687948165	-26	0.1303978853380316
1644	0	1	0	0.1	0	False	NA	NA	NA	70	0.008	28.0	NA	succeed	early_stop_succeed	8300	44.980548524036095	44.95820441102595	-24	0.11617075099244405
1645	0	1	0	0.1	0	False	NA	NA	NA	70	0.008	28.0	NA	succeed	early_stop_succeed	5250	43.324079943437845	43.33082611527105	-27	0.16274294238755352
1646	0	1	0	0.1	0	False	NA	NA	NA	70	0.008	28.0	NA	succeed	early_stop_succeed	6000	43.11739730461051	43.13736605322447	-27	0.14731201193049187
1647	0	1	0	0.1	0	False	NA	NA	NA	70	0.008	28.0	NA	succeed	early_stop_succeed	4350	42.231023798332416	42.205129934452366	-28	0.16349681148044495
1648	0	1	0	0.1	0	False	NA	NA	NA	70	0.008	28.0	NA	succeed	early_stop_succeed	6350	43.64336564025435	43.58215474132847	-28	0.1184759429531338
1649	0	1	0	0.1	0	False	NA	NA	NA	70	0.008	28.0	NA	succeed	early_stop_succeed	5400	42.82724991361316	42.85086112290168	-27	0.12060845227505826
1650	0	1	0	0.1	0	False	NA	NA	NA	70	0.008	28.0	NA	succeed	early_stop_succeed	4400	42.36090537342972	42.37821557659036	-29	0.17629789832883153
1651	0	1	0	0.1	0	False	NA	NA	NA	70	0.008	28.0	NA	succeed	early_stop_succeed	5650	43.17786002312322	43.20730854894875	-27	0.1467803681268182
1652	0	1	0	0.1	0	False	NA	NA	NA	70	0.008	28.0	NA	succeed	early_stop_succeed	5400	43.00537681528701	43.00131781743003	-26	0.17721169048616636
1653	0	1	0	0.1	0	False	NA	NA	NA	70	0.008	28.0	NA	succeed	early_stop_succeed	7400	44.20357711093942	44.23893782526149	-27	0.11897890620805132
1654	0	1	0	0.1	0	False	NA	NA	NA	70	0.008	28.0	NA	succeed	early_stop_succeed	5000	42.86558279250837	42.89097761903702	-27	0.14397450466383843
1655	0	1	0	0.1	0	False	NA	NA	NA	70	0.008	28.0	NA	succeed	early_stop_succeed	5400	42.99232815017223	43.03454647134975	-28	0.1511905759519933
1656	0	1	0	0.1	0	False	NA	NA	NA	70	0.008	28.0	NA	succeed	early_stop_succeed	5550	43.423651273916285	43.43336951922939	-27	0.1330879577011342
1657	0	1	0	0.1	0	False	NA	NA	NA	70	0.008	28.0	NA	succeed	early_stop_succeed	5950	43.31191117976879	43.347761456443756	-27	0.12538974560509455
1658	0	1	0	0.1	0	False	NA	NA	NA	70	0.008	28.0	NA	succeed	early_stop_succeed	6350	43.94386533306445	43.96320876310988	-26	0.1279245490601092
1659	0	1	0	0.1	0	False	NA	NA	NA	70	0.008	28.0	NA	succeed	early_stop_succeed	6800	43.81773029942145	43.834731924919296	-26	0.14524232283137908
1660	0	1	0	0.1	0	False	NA	NA	NA	70	0.008	28.0	NA	succeed	early_stop_succeed	5050	42.751466306622014	42.735884117116306	-29	0.13096359596121707
1661	0	1	0	0.1	0	False	NA	NA	NA	70	0.008	28.0	NA	succeed	early_stop_succeed	8200	44.72612006155348	44.74459155372978	-24	0.11617989378574933
1662	0	1	0	0.1	0	False	NA	NA	NA	70	0.008	28.0	NA	succeed	early_stop_succeed	5750	43.465335013776084	43.515209619661285	-28	0.130724937088023
1663	0	1	0	0.1	0	False	NA	NA	NA	70	0.008	28.0	NA	succeed	early_stop_succeed	4400	42.36590708751728	42.357933322240136	-28	0.1220353103687941
1664	0	1	0	0.1	0	False	NA	NA	NA	70	0.008	28.0	NA	succeed	early_stop_succeed	6750	44.38922495428015	44.400179106635676	-27	0.1303502283347665
1665	0	1	0	0.1	0	False	NA	NA	NA	70	0.008	28.0	NA	succeed	early_stop_succeed	6700	43.6301551348254	43.62056758416719	-26	0.12397819050617283
1666	0	1	0	0.1	0	False	NA	NA	NA	70	0.008	28.0	NA	succeed	early_stop_succeed	5850	43.13250083325511	43.138925044973085	-27	0.16728032117928596
1667	0	1	0	0.1	0	False	NA	NA	NA	70	0.008	28.0	NA	succeed	early_stop_succeed	5800	42.89819266342413	42.93905009436024	-28	0.13816550999024232
1668	0	1	0	0.1	0	False	NA	NA	NA	70	0.008	28.0	NA	succeed	early_stop_succeed	6350	43.70202311896285	43.68419702565654	-26	0.15347165824487624
1669	0	1	0	0.1	0	False	NA	NA	NA	70	0.008	28.0	NA	succeed	early_stop_succeed	6550	43.66220915843255	43.678396609095444	-26	0.12618888381805993
1670	0	1	0	0.1	0	False	NA	NA	NA	70	0.008	28.0	NA	succeed	early_stop_succeed	4100	42.39387262877657	42.38279627299786	-26	0.14222905917883327
1671	0	1	0	0.1	0	False	NA	NA	NA	70	0.008	28.0	NA	succeed	early_stop_succeed	6100	43.48933628736927	43.496265076983484	-27	0.13101795916247003
1672	0	1	0	0.1	0	False	NA	NA	NA	70	0.008	28.0	NA	succeed	early_stop_succeed	6450	44.16850632271312	44.20991197349169	-26	0.13686583968499555
1673	0	1	0	0.1	0	False	NA	NA	NA	70	0.008	28.0	NA	succeed	early_stop_succeed	8150	44.90540173584688	44.94543540466417	-25	0.14776967875903732
1674	0	1	0	0.1	0	False	NA	NA	NA	70	0.008	28.0	NA	succeed	early_stop_succeed	6700	43.61828699746083	43.665881618100364	-27	0.15162269318836746
1675	0	1	0	0.1	0	False	NA	NA	NA	70	0.008	28.0	NA	succeed	early_stop_succeed	4200	41.967116642674206	41.945662355222495	-28	0.14623768607175414
1676	0	1	0	0.1	0	False	NA	NA	NA	70	0.008	28.0	NA	succeed	early_stop_succeed	6100	43.32656214541163	43.30842971432961	-27	0.15394536091961306
1677	0	1	0	0.1	0	False	NA	NA	NA	70	0.008	28.0	NA	succeed	early_stop_succeed	9850	44.928470872756826	44.995388360608445	-25	0.12331172371743065
1678	0	1	0	0.1	0	False	NA	NA	NA	70	0.008	28.0	NA	succeed	early_stop_succeed	2050	40.797657725902766	40.80209896010903	-30	0.20963391757274966
1679	0	1	0	0.1	0	False	NA	NA	NA	70	0.008	28.0	NA	succeed	early_stop_succeed	5950	43.61690935486795	43.65871751543549	-28	0.13296469271932504
1680	0	1	0	0.1	0	False	NA	NA	NA	70	0.008	28.0	NA	succeed	early_stop_succeed	3300	41.450723712565114	41.451433201965195	-28	0.16782724091534285
1681	0	1	0	0.1	0	False	NA	NA	NA	70	0.008	28.0	NA	succeed	early_stop_succeed	7350	43.77158306126961	43.78474767952816	-25	0.12061943855771892
1682	0	1	0	0.1	0	False	NA	NA	NA	70	0.008	28.0	NA	succeed	early_stop_succeed	6200	43.76245570269967	43.74135133605689	-28	0.11248501482582755
1683	0	1	0	0.1	0	False	NA	NA	NA	70	0.008	28.0	NA	succeed	early_stop_succeed	7950	43.9068313368597	43.962746348233935	-27	0.13622569428706238
1684	0	1	0	0.1	0	False	NA	NA	NA	70	0.008	28.0	NA	succeed	early_stop_succeed	4800	42.85454594788922	42.832278449637315	-27	0.12914132562874392
1685	0	1	0	0.1	0	False	NA	NA	NA	70	0.008	28.0	NA	succeed	early_stop_succeed	5900	43.21549564538814	43.25455963843475	-27	0.15680421423011123
1686	0	1	0	0.1	0	False	NA	NA	NA	70	0.008	28.0	NA	succeed	early_stop_succeed	6050	43.88897544588062	43.90706540649054	-26	0.11958426176319804
1687	0	1	0	0.1	0	False	NA	NA	NA	70	0.008	28.0	NA	succeed	early_stop_succeed	6050	43.04264389538589	43.072194733548926	-27	0.1604404297253834
1688	0	1	0	0.1	0	False	NA	NA	NA	70	0.008	28.0	NA	succeed	early_stop_succeed	9150	45.91879555537248	45.95463375763037	-23	0.12087844603178043
1689	0	1	0	0.1	0	False	NA	NA	NA	70	0.008	28.0	NA	succeed	early_stop_succeed	8600	44.26618024311927	44.29179220187082	-27	0.13274188578856205
1690	0	1	0	0.1	0	False	NA	NA	NA	70	0.008	28.0	NA	succeed	early_stop_succeed	6700	44.05989680423661	44.11661849555798	-28	0.12110789925225514
1691	0	1	0	0.1	0	False	NA	NA	NA	70	0.008	28.0	NA	succeed	early_stop_succeed	7750	44.527208283663704	44.51536088449021	-25	0.126449617693151
1692	0	1	0	0.1	0	False	NA	NA	NA	70	0.008	28.0	NA	succeed	early_stop_succeed	4500	42.427484432537675	42.40175437340072	-27	0.14395124692787714
1693	0	1	0	0.1	0	False	NA	NA	NA	70	0.008	28.0	NA	succeed	early_stop_succeed	6150	43.181674769922594	43.18670713106845	-27	0.15354435109922102
1694	0	1	0	0.1	0	False	NA	NA	NA	70	0.008	28.0	NA	succeed	early_stop_succeed	3850	41.87776237096289	41.896661374398036	-28	0.1556635822082235
1695	0	1	0	0.1	0	False	NA	NA	NA	70	0.008	28.0	NA	succeed	early_stop_succeed	9000	45.47173732037351	45.514120445678124	-26	0.12583119318972205
1696	0	1	0	0.1	0	False	NA	NA	NA	70	0.008	28.0	NA	succeed	early_stop_succeed	8550	44.52879689058805	44.52898486778657	-26	0.1307653725098414
1697	0	1	0	0.1	0	False	NA	NA	NA	70	0.008	28.0	NA	succeed	early_stop_succeed	5150	42.724547537452665	42.753570394156085	-28	0.13601907232741153
1698	0	1	0	0.1	0	False	NA	NA	NA	70	0.008	28.0	NA	succeed	early_stop_succeed	4650	42.39099744220887	42.41369882141674	-28	0.13620320827384758
1699	0	1	0	0.1	0	False	NA	NA	NA	70	0.008	28.0	NA	succeed	early_stop_succeed	4450	42.18087306532269	42.1761045961457	-28	0.14974206082530664
1700	0	1	0	0.1	0	False	NA	NA	NA	70	0.008	28.0	NA	succeed	early_stop_succeed	5050	42.893716749524074	42.88662742599731	-27	0.15081749319527898
1701	0	1	0	0.1	0	False	NA	NA	NA	70	0.008	28.0	NA	succeed	early_stop_succeed	6150	43.506467644270145	43.47531696786909	-27	0.14165802966508464
1702	0	1	0	0.1	0	False	NA	NA	NA	70	0.008	28.0	NA	succeed	early_stop_succeed	6650	43.64418223746063	43.7146185253499	-26	0.13878964994423904
1703	0	1	0	0.1	0	False	NA	NA	NA	70	0.008	28.0	NA	succeed	early_stop_succeed	7600	44.65243618070577	44.62881112396487	-26	0.13253384498211057
1704	0	1	0	0.1	0	False	NA	NA	NA	70	0.008	28.0	NA	succeed	early_stop_succeed	9050	45.19357349206705	45.20830846677859	-26	0.13273701114876504
1705	0	1	0	0.1	0	False	NA	NA	NA	70	0.008	28.0	NA	succeed	early_stop_succeed	8550	45.361381445184904	45.35903181719714	-25	0.11890197314092925
1706	0	1	0	0.1	0	False	NA	NA	NA	70	0.008	28.0	NA	succeed	early_stop_succeed	6900	43.63394584660877	43.65360564346764	-27	0.1441883104175247
1707	0	1	0	0.1	0	False	NA	NA	NA	70	0.008	28.0	NA	succeed	early_stop_succeed	7850	44.45687842151084	44.47767353311462	-26	0.1335714943057643
1708	0	1	0	0.1	0	False	NA	NA	NA	70	0.008	28.0	NA	succeed	early_stop_succeed	5450	43.493016684191154	43.514593133309184	-27	0.12589445437669325
1709	0	1	0	0.1	0	False	NA	NA	NA	70	0.008	28.0	NA	succeed	early_stop_succeed	6000	43.27611289510942	43.25146318165721	-25	0.12076861605106025
1710	0	1	0	0.1	0	False	NA	NA	NA	70	0.008	28.0	NA	succeed	early_stop_succeed	5400	43.01906903607618	43.04659762607292	-27	0.12944737051254346
1711	0	1	0	0.1	0	False	NA	NA	NA	70	0.008	28.0	NA	succeed	early_stop_succeed	10800	45.731517508697735	45.667157229172005	-25	0.09936166027631753
1712	0	1	0	0.1	0	False	NA	NA	NA	70	0.008	28.0	NA	succeed	early_stop_succeed	5250	43.28302686021998	43.24933967160372	-25	0.11673781230837202
1713	0	1	0	0.1	0	False	NA	NA	NA	70	0.008	28.0	NA	succeed	early_stop_succeed	8300	44.79696651233969	44.80129384207136	-25	0.12475705744934537
1714	0	1	0	0.1	0	False	NA	NA	NA	70	0.008	28.0	NA	succeed	early_stop_succeed	3800	41.919093925748705	41.89997398706061	-27	0.14940163871973142
1715	0	1	0	0.1	0	False	NA	NA	NA	70	0.008	28.0	NA	succeed	early_stop_succeed	6500	43.3122562066023	43.33282942725954	-26	0.14747295936224958
1716	0	1	0	0.1	0	False	NA	NA	NA	70	0.008	28.0	NA	succeed	early_stop_succeed	5750	43.08774147921495	43.084055722669895	-26	0.15312493412104244
1717	0	1	0	0.1	0	False	NA	NA	NA	70	0.008	28.0	NA	succeed	early_stop_succeed	9300	44.97285068891081	44.96505360918256	-26	0.12116817954099314
1718	0	1	0	0.1	0	False	NA	NA	NA	70	0.008	28.0	NA	succeed	early_stop_succeed	8900	45.02615023093682	45.05117624496203	-27	0.13225214551781447
1719	0	1	0	0.1	0	False	NA	NA	NA	70	0.008	28.0	NA	succeed	early_stop_succeed	3650	41.943334625879096	41.937021975710486	-29	0.16106077358753126
1720	0	1	0	0.1	0	False	NA	NA	NA	70	0.008	28.0	NA	succeed	early_stop_succeed	7000	44.162390691135144	44.16713692011281	-26	0.1242049373692236
1721	0	1	0	0.1	0	False	NA	NA	NA	70	0.008	28.0	NA	succeed	early_stop_succeed	5950	43.89991338824891	43.92320364165035	-26	0.13555970979948026
1722	0	1	0	0.1	0	False	NA	NA	NA	70	0.008	28.0	NA	succeed	early_stop_succeed	6200	43.39720005904362	43.35369951681655	-26	0.1349873029409241
1723	0	1	0	0.1	0	False	NA	NA	NA	70	0.008	28.0	NA	succeed	early_stop_succeed	4300	42.461001788553986	42.49446347008499	-28	0.1841733397992885
1724	0	1	0	0.1	0	False	NA	NA	NA	70	0.008	28.0	NA	succeed	early_stop_succeed	5700	43.6676221628444	43.67513740204656	-28	0.1147862716836052
1725	0	1	0	0.1	0	False	NA	NA	NA	70	0.008	28.0	NA	succeed	early_stop_succeed	8150	44.658116226100546	44.69974810767714	-26	0.1211262919334389
1726	0	1	0	0.1	0	False	NA	NA	NA	70	0.008	28.0	NA	succeed	early_stop_succeed	8850	45.34907595271861	45.393764554165024	-24	0.12339222272887769
1727	0	1	0	0.1	0	False	NA	NA	NA	70	0.008	28.0	NA	succeed	early_stop_succeed	7450	43.97510180256007	44.04469056630699	-25	0.1406239496001195
1728	0	1	0	0.1	0	False	NA	NA	NA	70	0.008	28.0	NA	succeed	early_stop_succeed	6850	44.24747416251453	44.246245003214256	-26	0.11723753519012398
1729	0	1	0	0.1	0	False	NA	NA	NA	70	0.008	28.0	NA	succeed	early_stop_succeed	7700	44.43851187868776	44.429393292238395	-27	0.11313141715531062
1730	0	1	0	0.1	0	False	NA	NA	NA	70	0.008	28.0	NA	succeed	early_stop_succeed	7900	44.32973874196707	44.29238087940691	-27	0.11717084254937243
1731	0	1	0	0.1	0	False	NA	NA	NA	70	0.008	28.0	NA	succeed	early_stop_succeed	6150	43.6574143277823	43.599848178013666	-28	0.1142958585423232
1732	0	1	0	0.1	0	False	NA	NA	NA	70	0.008	28.0	NA	succeed	early_stop_succeed	6900	43.85919702249531	43.87016884220306	-28	0.12096988124242644
1733	0	1	0	0.1	0	False	NA	NA	NA	70	0.008	28.0	NA	succeed	early_stop_succeed	7150	45.012257095726646	44.98180921157642	-26	0.12604084627832035
1734	0	1	0	0.1	0	False	NA	NA	NA	70	0.008	28.0	NA	succeed	early_stop_succeed	4450	42.21258924901106	42.16889215776041	-28	0.15332873845964362
1735	0	1	0	0.1	0	False	NA	NA	NA	70	0.008	28.0	NA	succeed	early_stop_succeed	5100	42.98050110366171	42.984912511844435	-27	0.12698984094373575
1736	0	1	0	0.1	0	False	NA	NA	NA	70	0.008	28.0	NA	succeed	early_stop_succeed	9400	45.142326098509656	45.212497888946935	-25	0.1290763171430225
1737	0	1	0	0.1	0	False	NA	NA	NA	70	0.008	28.0	NA	succeed	early_stop_succeed	5400	43.159847557931556	43.20062278854333	-27	0.12958362765108092
1738	0	1	0	0.1	0	False	NA	NA	NA	70	0.008	28.0	NA	succeed	early_stop_succeed	8750	45.06876268807543	45.0720825834006	-26	0.11397415152326498
1739	0	1	0	0.1	0	False	NA	NA	NA	70	0.008	28.0	NA	succeed	early_stop_succeed	6100	43.5966286567269	43.60843609460748	-27	0.16105125759302436
1740	0	1	0	0.1	0	False	NA	NA	NA	70	0.008	28.0	NA	succeed	early_stop_succeed	7300	44.337118353017686	44.35888719732332	-24	0.12960801536277142
1741	0	1	0	0.1	0	False	NA	NA	NA	70	0.008	28.0	NA	succeed	early_stop_succeed	5500	43.469299189397915	43.48501839036387	-27	0.11478609654833233
1742	0	1	0	0.1	0	False	NA	NA	NA	70	0.008	28.0	NA	succeed	early_stop_succeed	7950	44.01541901271401	44.036384334172226	-27	0.14234656647623506
1743	0	1	0	0.1	0	False	NA	NA	NA	70	0.008	28.0	NA	succeed	early_stop_succeed	5650	43.38638317457438	43.46139200328198	-25	0.1289829459166551
1744	0	1	0	0.1	0	False	NA	NA	NA	70	0.008	28.0	NA	succeed	early_stop_succeed	6800	44.44310732114568	44.497676923762796	-25	0.12156492135653037
1745	0	1	0	0.1	0	False	NA	NA	NA	70	0.008	28.0	NA	succeed	early_stop_succeed	8450	44.56503528487783	44.58601382836094	-26	0.12895292049076615
1746	0	1	0	0.1	0	False	NA	NA	NA	70	0.008	28.0	NA	succeed	early_stop_succeed	7700	44.560690689234	44.607205874456284	-25	0.13911376365452383
1747	0	1	0	0.1	0	False	NA	NA	NA	70	0.008	28.0	NA	succeed	early_stop_succeed	7750	44.61387484360188	44.60498853704153	-26	0.11937931665105231
1748	0	1	0	0.1	0	False	NA	NA	NA	70	0.008	28.0	NA	succeed	early_stop_succeed	3900	42.28257488501566	42.25851918772189	-28	0.1589986085092566
1749	0	1	0	0.1	0	False	NA	NA	NA	70	0.008	28.0	NA	succeed	early_stop_succeed	7550	44.1185962839684	44.1755185930823	-25	0.12847891607898704
1750	0	0	1	0.1	0	False	NA	NA	NA	70	NA	NA	NA	failed	early_stop_failed	4000	>46	46.791185875036746	-24	0.10973087072335597
1751	0	0	1	0.1	0	False	NA	NA	NA	70	NA	NA	NA	failed	early_stop_failed	4450	>46	46.784890537648415	-22	0.1352421949740969
1752	0	0	1	0.1	0	False	NA	NA	NA	70	NA	NA	NA	failed	early_stop_failed	4850	>46	46.7380260150395	-22	0.12044477187007174
1753	0	0	1	0.1	0	False	NA	NA	NA	70	NA	NA	NA	failed	early_stop_failed	4550	>46	46.88213932901311	-22	0.1347958177915281
1754	0	0	1	0.1	0	False	NA	NA	NA	70	NA	NA	NA	failed	early_stop_failed	4850	>46	46.498923605070814	-22	0.13151932606222133
1755	0	0	1	0.1	0	False	NA	NA	NA	70	NA	NA	NA	failed	early_stop_failed	4750	>46	46.662095703740206	-23	0.13273010704483595
1756	0	0	1	0.1	0	False	NA	NA	NA	70	NA	NA	NA	failed	early_stop_failed	4000	>46	46.666718996053184	-21	0.10584565365173129
1757	0	0	1	0.1	0	False	NA	NA	NA	70	NA	NA	NA	failed	early_stop_failed	4600	>46	46.682981501604814	-22	0.110488741494888
1758	0	0	1	0.1	0	False	NA	NA	NA	70	NA	NA	NA	failed	early_stop_failed	4700	>46	46.75078165325478	-22	0.11792453530028604
1759	0	0	1	0.1	0	False	NA	NA	NA	70	NA	NA	NA	failed	early_stop_failed	4650	>46	46.55590414934246	-22	0.14124670437678744
1760	0	0	1	0.1	0	False	NA	NA	NA	70	NA	NA	NA	failed	early_stop_failed	4000	>46	46.687840080255384	-24	0.11084806717682047
1761	0	0	1	0.1	0	False	NA	NA	NA	70	NA	NA	NA	failed	early_stop_failed	5150	>46	46.60984746803468	-25	0.12282481117592116
1762	0	0	1	0.1	0	False	NA	NA	NA	70	NA	NA	NA	failed	early_stop_failed	4650	>46	46.74059903563641	-21	0.13327631402097814
1763	0	0	1	0.1	0	False	NA	NA	NA	70	NA	NA	NA	failed	early_stop_failed	4650	>46	47.05360205629619	-24	0.11210815325737976
1764	0	0	1	0.1	0	False	NA	NA	NA	70	NA	NA	NA	failed	early_stop_failed	4950	>46	46.49764258160162	-22	0.1309895261048547
1765	0	0	1	0.1	0	False	NA	NA	NA	70	NA	NA	NA	failed	early_stop_failed	4700	>46	46.64966537161022	-24	0.12511552065665613
1766	0	0	1	0.1	0	False	NA	NA	NA	70	NA	NA	NA	failed	early_stop_failed	4350	>46	46.74225709416284	-22	0.1167248799059186
1767	0	0	1	0.1	0	False	NA	NA	NA	70	NA	NA	NA	failed	early_stop_failed	4300	>46	46.6528724961256	-25	0.11347128898749592
1768	0	0	1	0.1	0	False	NA	NA	NA	70	NA	NA	NA	failed	early_stop_failed	4600	>46	46.63135032045783	-22	0.13144739219739238
1769	0	0	1	0.1	0	False	NA	NA	NA	70	NA	NA	NA	failed	early_stop_failed	4650	>46	46.649427024072	-21	0.13998454056062076
1770	0	0	1	0.1	0	False	NA	NA	NA	70	NA	NA	NA	failed	early_stop_failed	4450	>46	46.79383518759552	-22	0.11415454094126734
1771	0	0	1	0.1	0	False	NA	NA	NA	70	NA	NA	NA	failed	early_stop_failed	4650	>46	46.81455074269282	-24	0.10958401386551662
1772	0	0	1	0.1	0	False	NA	NA	NA	70	NA	NA	NA	failed	early_stop_failed	4450	>46	46.62178071075816	-23	0.1419733728138027
1773	0	0	1	0.1	0	False	NA	NA	NA	70	NA	NA	NA	failed	early_stop_failed	4050	>46	46.83140545541559	-23	0.130344195996505
1774	0	0	1	0.1	0	False	NA	NA	NA	70	NA	NA	NA	failed	early_stop_failed	4450	>46	46.8510353102856	-23	0.10653064400929453
1775	0	0	1	0.1	0	False	NA	NA	NA	70	NA	NA	NA	failed	early_stop_failed	4500	>46	46.76613010345836	-21	0.11875736374407021
1776	0	0	1	0.1	0	False	NA	NA	NA	70	NA	NA	NA	failed	early_stop_failed	5150	>46	46.47035002148538	-24	0.12765322437352553
1777	0	0	1	0.1	0	False	NA	NA	NA	70	NA	NA	NA	failed	early_stop_failed	4950	>46	46.592345708002945	-21	0.13210684597012323
1778	0	0	1	0.1	0	False	NA	NA	NA	70	NA	NA	NA	failed	early_stop_failed	4850	>46	46.541375570843215	-21	0.13628730174842427
1779	0	0	1	0.1	0	False	NA	NA	NA	70	NA	NA	NA	failed	early_stop_failed	4150	>46	46.903052327511396	-25	0.10408101041381272
1780	0	0	1	0.1	0	False	NA	NA	NA	70	NA	NA	NA	failed	early_stop_failed	4300	>46	46.64429360011101	-23	0.10406866283053265
1781	0	0	1	0.1	0	False	NA	NA	NA	70	NA	NA	NA	failed	early_stop_failed	4300	>46	46.88363781405719	-24	0.09628954478971279
1782	0	0	1	0.1	0	False	NA	NA	NA	70	NA	NA	NA	failed	early_stop_failed	4700	>46	46.74119407053289	-23	0.12616463361081015
1783	0	0	1	0.1	0	False	NA	NA	NA	70	NA	NA	NA	failed	early_stop_failed	5050	>46	46.41995774623752	-24	0.14737887626025564
1784	0	0	1	0.1	0	False	NA	NA	NA	70	NA	NA	NA	failed	early_stop_failed	4750	>46	46.46701184352927	-23	0.168796179466569
1785	0	0	1	0.1	0	False	NA	NA	NA	70	NA	NA	NA	failed	early_stop_failed	4750	>46	46.77627651830829	-23	0.12195472761950477
1786	0	0	1	0.1	0	False	NA	NA	NA	70	NA	NA	NA	failed	early_stop_failed	4850	>46	46.598982441514345	-22	0.13895782015225366
1787	0	0	1	0.1	0	False	NA	NA	NA	70	NA	NA	NA	failed	early_stop_failed	4600	>46	46.62839893751715	-21	0.1181571044171485
1788	0	0	1	0.1	0	False	NA	NA	NA	70	NA	NA	NA	failed	early_stop_failed	4750	>46	46.685582206541	-22	0.1204650522810126
1789	0	0	1	0.1	0	False	NA	NA	NA	70	NA	NA	NA	failed	early_stop_failed	4700	>46	46.483412928161826	-25	0.11503795872774543
1790	0	0	1	0.1	0	False	NA	NA	NA	70	NA	NA	NA	failed	early_stop_failed	4400	>46	46.65758600599186	-23	0.11312798399384025
1791	0	0	1	0.1	0	False	NA	NA	NA	70	NA	NA	NA	failed	early_stop_failed	4750	>46	46.652800159603956	-22	0.12377631150705509
1792	0	0	1	0.1	0	False	NA	NA	NA	70	NA	NA	NA	failed	early_stop_failed	4750	>46	46.31372623279023	-23	0.12401302032490244
1793	0	0	1	0.1	0	False	NA	NA	NA	70	NA	NA	NA	failed	early_stop_failed	4850	>46	46.8333628973961	-22	0.11804392806106469
1794	0	0	1	0.1	0	False	NA	NA	NA	70	NA	NA	NA	failed	early_stop_failed	4250	>46	46.477223160566666	-23	0.12925432879350124
1795	0	0	1	0.1	0	False	NA	NA	NA	70	NA	NA	NA	failed	early_stop_failed	4650	>46	46.739933497111764	-24	0.11648916253639154
1796	0	0	1	0.1	0	False	NA	NA	NA	70	NA	NA	NA	failed	early_stop_failed	4400	>46	46.633913211198816	-22	0.11360837724512114
1797	0	0	1	0.1	0	False	NA	NA	NA	70	NA	NA	NA	failed	early_stop_failed	4600	>46	46.471835363487216	-22	0.12806289454435837
1798	0	0	1	0.1	0	False	NA	NA	NA	70	NA	NA	NA	failed	early_stop_failed	4450	>46	46.48071244214901	-22	0.11956897793559298
1799	0	0	1	0.1	0	False	NA	NA	NA	70	NA	NA	NA	failed	early_stop_failed	4550	>46	46.8660876041624	-23	0.1106415767420517
1800	0	0	1	0.1	0	False	NA	NA	NA	70	NA	NA	NA	failed	early_stop_failed	4750	>46	46.46114694680111	-22	0.12987542161926577
1801	0	0	1	0.1	0	False	NA	NA	NA	70	NA	NA	NA	failed	early_stop_failed	4000	>46	46.81894111845783	-22	0.09579495800088798
1802	0	0	1	0.1	0	False	NA	NA	NA	70	NA	NA	NA	failed	early_stop_failed	4300	>46	47.05314033665184	-21	0.10560061665713626
1803	0	0	1	0.1	0	False	NA	NA	NA	70	NA	NA	NA	failed	early_stop_failed	4900	>46	46.69313887509724	-22	0.12069579690862961
1804	0	0	1	0.1	0	False	NA	NA	NA	70	NA	NA	NA	failed	early_stop_failed	4300	>46	46.79725663142804	-23	0.11358768788120013
1805	0	0	1	0.1	0	False	NA	NA	NA	70	NA	NA	NA	failed	early_stop_failed	4100	>46	47.066053263066294	-24	0.11317808185427923
1806	0	0	1	0.1	0	False	NA	NA	NA	70	NA	NA	NA	failed	early_stop_failed	4500	>46	46.716284861078414	-24	0.12503347385840502
1807	0	0	1	0.1	0	False	NA	NA	NA	70	NA	NA	NA	failed	early_stop_failed	4450	>46	46.6834600772173	-21	0.11842696152820395
1808	0	0	1	0.1	0	False	NA	NA	NA	70	NA	NA	NA	failed	early_stop_failed	4650	>46	46.607764309124555	-24	0.13007631129227498
1809	0	0	1	0.1	0	False	NA	NA	NA	70	NA	NA	NA	failed	early_stop_failed	4900	>46	46.64471675955331	-22	0.11104440511759212
1810	0	0	1	0.1	0	False	NA	NA	NA	70	NA	NA	NA	failed	early_stop_failed	4700	>46	47.038451653478624	-22	0.10522180704595406
1811	0	0	1	0.1	0	False	NA	NA	NA	70	NA	NA	NA	failed	early_stop_failed	4150	>46	46.57144110999054	-22	0.11599031168816888
1812	0	0	1	0.1	0	False	NA	NA	NA	70	NA	NA	NA	failed	early_stop_failed	4700	>46	46.669200607928694	-23	0.13877786862356645
1813	0	0	1	0.1	0	False	NA	NA	NA	70	NA	NA	NA	failed	early_stop_failed	4400	>46	46.5892913010395	-21	0.12644148457172483
1814	0	0	1	0.1	0	False	NA	NA	NA	70	NA	NA	NA	failed	early_stop_failed	4500	>46	46.69294320467597	-22	0.1293367505044462
1815	0	0	1	0.1	0	False	NA	NA	NA	70	NA	NA	NA	failed	early_stop_failed	4950	>46	46.723324149705306	-23	0.12600506442951556
1816	0	0	1	0.1	0	False	NA	NA	NA	70	NA	NA	NA	failed	early_stop_failed	4850	>46	46.79471586711622	-21	0.1059657102981327
1817	0	0	1	0.1	0	False	NA	NA	NA	70	NA	NA	NA	failed	early_stop_failed	4750	>46	46.60733070027989	-24	0.12842779497412476
1818	0	0	1	0.1	0	False	NA	NA	NA	70	NA	NA	NA	failed	early_stop_failed	4650	>46	46.69392799095169	-22	0.11841290224656334
1819	0	0	1	0.1	0	False	NA	NA	NA	70	NA	NA	NA	failed	early_stop_failed	4700	>46	46.56016453402724	-23	0.11895538531105103
1820	0	0	1	0.1	0	False	NA	NA	NA	70	NA	NA	NA	failed	early_stop_failed	4050	>46	46.73960884945688	-20	0.09527033703289155
1821	0	0	1	0.1	0	False	NA	NA	NA	70	NA	NA	NA	failed	early_stop_failed	4300	>46	47.09020432843168	-19	0.0874394513786724
1822	0	0	1	0.1	0	False	NA	NA	NA	70	NA	NA	NA	failed	early_stop_failed	4750	>46	46.67802632338333	-23	0.13611702698404576
1823	0	0	1	0.1	0	False	NA	NA	NA	70	NA	NA	NA	failed	early_stop_failed	4500	>46	46.73939803181685	-22	0.1279262211657996
1824	0	0	1	0.1	0	False	NA	NA	NA	70	NA	NA	NA	failed	early_stop_failed	4250	>46	46.803188878516316	-23	0.11963204953709332
1825	0	0	1	0.1	0	False	NA	NA	NA	70	NA	NA	NA	failed	early_stop_failed	4200	>46	46.89802123664874	-22	0.12072848882609716
1826	0	0	1	0.1	0	False	NA	NA	NA	70	NA	NA	NA	failed	early_stop_failed	5000	>46	46.334292514389716	-22	0.12283029522015515
1827	0	0	1	0.1	0	False	NA	NA	NA	70	NA	NA	NA	failed	early_stop_failed	4650	>46	46.56531085823764	-23	0.11695633357963243
1828	0	0	1	0.1	0	False	NA	NA	NA	70	NA	NA	NA	failed	early_stop_failed	4450	>46	46.76943277894793	-23	0.11058640149469383
1829	0	0	1	0.1	0	False	NA	NA	NA	70	NA	NA	NA	failed	early_stop_failed	4350	>46	46.56352640364245	-23	0.11381843399519795
1830	0	0	1	0.1	0	False	NA	NA	NA	70	NA	NA	NA	failed	early_stop_failed	4500	>46	46.63313589335506	-21	0.11992153644849605
1831	0	0	1	0.1	0	False	NA	NA	NA	70	NA	NA	NA	failed	early_stop_failed	4400	>46	46.53667841420579	-23	0.12972142387868849
1832	0	0	1	0.1	0	False	NA	NA	NA	70	NA	NA	NA	failed	early_stop_failed	4500	>46	46.68753745132675	-25	0.11412221456794125
1833	0	0	1	0.1	0	False	NA	NA	NA	70	NA	NA	NA	failed	early_stop_failed	5000	>46	46.486288141657504	-23	0.1363710421685412
1834	0	0	1	0.1	0	False	NA	NA	NA	70	NA	NA	NA	failed	early_stop_failed	4400	>46	46.37596269471752	-24	0.11956557655156107
1835	0	0	1	0.1	0	False	NA	NA	NA	70	NA	NA	NA	failed	early_stop_failed	5500	>46	46.49607896930103	-24	0.1362144099379156
1836	0	0	1	0.1	0	False	NA	NA	NA	70	NA	NA	NA	failed	early_stop_failed	4650	>46	46.622764818850904	-23	0.11408039138339925
1837	0	0	1	0.1	0	False	NA	NA	NA	70	NA	NA	NA	failed	early_stop_failed	4050	>46	46.660452861666506	-23	0.10741971679143558
1838	0	0	1	0.1	0	False	NA	NA	NA	70	NA	NA	NA	failed	early_stop_failed	4500	>46	46.770112867425716	-22	0.129948393577636
1839	0	0	1	0.1	0	False	NA	NA	NA	70	NA	NA	NA	failed	early_stop_failed	4200	>46	46.74308007152962	-20	0.1277721725829864
1840	0	0	1	0.1	0	False	NA	NA	NA	70	NA	NA	NA	failed	early_stop_failed	4500	>46	46.801994529511475	-23	0.12574093003311118
1841	0	0	1	0.1	0	False	NA	NA	NA	70	NA	NA	NA	failed	early_stop_failed	4500	>46	46.437793014319254	-22	0.12665557110974526
1842	0	0	1	0.1	0	False	NA	NA	NA	70	NA	NA	NA	failed	early_stop_failed	3900	>46	46.78161576119162	-25	0.08968939610779049
1843	0	0	1	0.1	0	False	NA	NA	NA	70	NA	NA	NA	failed	early_stop_failed	4750	>46	46.693290397263745	-22	0.11467977151989578
1844	0	0	1	0.1	0	False	NA	NA	NA	70	NA	NA	NA	failed	early_stop_failed	3750	>46	47.38261549204528	-25	0.09011975842945333
1845	0	0	1	0.1	0	False	NA	NA	NA	70	NA	NA	NA	failed	early_stop_failed	4400	>46	46.53579806219549	-23	0.123386284138595
1846	0	0	1	0.1	0	False	NA	NA	NA	70	NA	NA	NA	failed	early_stop_failed	4300	>46	46.51314205098648	-21	0.13519931042913355
1847	0	0	1	0.1	0	False	NA	NA	NA	70	NA	NA	NA	failed	early_stop_failed	5000	>46	46.6309457819534	-24	0.11892454425238091
1848	0	0	1	0.1	0	False	NA	NA	NA	70	NA	NA	NA	failed	early_stop_failed	4800	>46	46.706152894940985	-23	0.11420140814308763
1849	0	0	1	0.1	0	False	NA	NA	NA	70	NA	NA	NA	failed	early_stop_failed	4350	>46	46.731138195850065	-22	0.0985538104316246
1850	0	0	1	0.1	0	False	NA	NA	NA	70	NA	NA	NA	failed	early_stop_failed	5050	>46	46.62755364147943	-23	0.1499364630435317
1851	0	0	1	0.1	0	False	NA	NA	NA	70	NA	NA	NA	failed	early_stop_failed	4600	>46	46.68593276778275	-21	0.11208236240988886
1852	0	0	1	0.1	0	False	NA	NA	NA	70	NA	NA	NA	failed	early_stop_failed	4750	>46	46.6210076359776	-23	0.12056518025198387
1853	0	0	1	0.1	0	False	NA	NA	NA	70	NA	NA	NA	failed	early_stop_failed	4700	>46	46.577705746287975	-24	0.1054910591658487
1854	0	0	1	0.1	0	False	NA	NA	NA	70	NA	NA	NA	failed	early_stop_failed	3950	>46	47.00867416125051	-24	0.09805710286988711
1855	0	0	1	0.1	0	False	NA	NA	NA	70	NA	NA	NA	failed	early_stop_failed	4900	>46	46.453546028849914	-23	0.14713229472500783
1856	0	0	1	0.1	0	False	NA	NA	NA	70	NA	NA	NA	failed	early_stop_failed	4650	>46	46.58172779528667	-23	0.137064068167814
1857	0	0	1	0.1	0	False	NA	NA	NA	70	NA	NA	NA	failed	early_stop_failed	4600	>46	46.42863579891135	-22	0.1296486422452478
1858	0	0	1	0.1	0	False	NA	NA	NA	70	NA	NA	NA	failed	early_stop_failed	4400	>46	46.81961733640529	-20	0.12953145390211812
1859	0	0	1	0.1	0	False	NA	NA	NA	70	NA	NA	NA	failed	early_stop_failed	4050	>46	46.75702914810603	-21	0.10081357701803512
1860	0	0	1	0.1	0	False	NA	NA	NA	70	NA	NA	NA	failed	early_stop_failed	4350	>46	46.64638791047348	-22	0.11794420538348589
1861	0	0	1	0.1	0	False	NA	NA	NA	70	NA	NA	NA	failed	early_stop_failed	4100	>46	47.022781310233405	-24	0.09679069322700164
1862	0	0	1	0.1	0	False	NA	NA	NA	70	NA	NA	NA	failed	early_stop_failed	4450	>46	46.74036572187238	-23	0.12400363420633974
1863	0	0	1	0.1	0	False	NA	NA	NA	70	NA	NA	NA	failed	early_stop_failed	4250	>46	46.594971238994006	-23	0.12796704888550794
1864	0	0	1	0.1	0	False	NA	NA	NA	70	NA	NA	NA	failed	early_stop_failed	4600	>46	46.61819105893262	-24	0.1285927700790497
1865	0	0	1	0.1	0	False	NA	NA	NA	70	NA	NA	NA	failed	early_stop_failed	4600	>46	46.388951677922265	-23	0.12791534028240803
1866	0	0	1	0.1	0	False	NA	NA	NA	70	NA	NA	NA	failed	early_stop_failed	4100	>46	46.83163044691442	-24	0.09355299042434967
1867	0	0	1	0.1	0	False	NA	NA	NA	70	NA	NA	NA	failed	early_stop_failed	4500	>46	46.715436354910985	-25	0.10918397338586945
1868	0	0	1	0.1	0	False	NA	NA	NA	70	NA	NA	NA	failed	early_stop_failed	4350	>46	46.65901505836499	-23	0.12369185113655395
1869	0	0	1	0.1	0	False	NA	NA	NA	70	NA	NA	NA	failed	early_stop_failed	4850	>46	46.41150362200141	-24	0.13742264245793273
1870	0	0	1	0.1	0	False	NA	NA	NA	70	NA	NA	NA	failed	early_stop_failed	4850	>46	46.573062139430846	-23	0.12958089625420624
1871	0	0	1	0.1	0	False	NA	NA	NA	70	NA	NA	NA	failed	early_stop_failed	4600	>46	46.82562876493638	-23	0.11277564534213919
1872	0	0	1	0.1	0	False	NA	NA	NA	70	NA	NA	NA	failed	early_stop_failed	4950	>46	46.532821160454276	-22	0.14958479193154745
1873	0	0	1	0.1	0	False	NA	NA	NA	70	NA	NA	NA	failed	early_stop_failed	4300	>46	46.54830968797948	-23	0.11858716161772938
1874	0	0	1	0.1	0	False	NA	NA	NA	70	NA	NA	NA	failed	early_stop_failed	4750	>46	46.54315217849659	-22	0.1250439558510012
1875	1	1	0	0.1	0	False	0.15	3.0	1.1	70	0.008	28.0	NA	succeed	early_stop_succeed	2800	40.444738878111714	40.47308748663879	-30	0.1847724630820893
1876	1	1	0	0.1	0	False	0.15	3.0	1.5	70	0.008	28.0	NA	succeed	early_stop_succeed	2050	40.1996943690264	40.2048611301125	-30	0.22202123261233606
1877	1	1	0	0.1	0	False	0.15	3.0	2.0	70	0.008	28.0	NA	succeed	early_stop_succeed	2000	40.364311061027664	40.356007314180324	-30	0.2330050372961631
1878	1	1	0	0.1	0	False	0.15	3.0	3.0	70	0.008	28.0	NA	succeed	early_stop_succeed	2050	40.41041938070141	40.38756948801955	-30	0.24813714654486407
1879	1	1	0	0.1	0	False	0.15	3.0	5.0	70	0.008	28.0	NA	succeed	early_stop_succeed	2300	40.515331105618	40.52925318911325	-30	0.2342354000473736
1880	1	1	0	0.1	0	False	0.15	3.5	1.1	70	0.008	28.0	NA	succeed	early_stop_succeed	2000	40.16158336613423	40.16159100677086	-30	0.24272049441710813
1881	1	1	0	0.1	0	False	0.15	3.5	1.5	70	0.008	28.0	NA	succeed	early_stop_succeed	2250	40.34446411345095	40.350670776494674	-30	0.21655277716019558
1882	1	1	0	0.1	0	False	0.15	3.5	2.0	70	0.008	28.0	NA	succeed	early_stop_succeed	3600	40.87141743214196	40.8577309078841	-29	0.1475040168668535
1883	1	1	0	0.1	0	False	0.15	3.5	3.0	70	0.008	28.0	NA	succeed	early_stop_succeed	5100	41.95907226768067	41.9685050086729	-29	0.14472949371167518
1884	1	1	0	0.1	0	False	0.15	3.5	5.0	70	0.008	28.0	NA	succeed	early_stop_succeed	4450	41.49894348820727	41.4980244125605	-28	0.15459979596738926
1885	1	1	0	0.1	0	False	0.15	4.0	1.1	70	0.008	28.0	NA	succeed	early_stop_succeed	2000	40.12727689732109	40.12902506371282	-30	0.22090009929911134
1886	1	1	0	0.1	0	False	0.15	4.0	1.5	70	0.008	28.0	NA	succeed	early_stop_succeed	2350	40.3948762050204	40.39625309287674	-30	0.20602866378937723
1887	1	1	0	0.1	0	False	0.15	4.0	2.0	70	0.008	28.0	NA	succeed	early_stop_succeed	3800	41.31174084471608	41.29084411057062	-28	0.14995298610362792
1888	1	1	0	0.1	0	False	0.15	4.0	3.0	70	0.008	28.0	NA	succeed	early_stop_succeed	5650	42.446751026677795	42.44442151062946	-26	0.12813049882311556
1889	1	1	0	0.1	0	False	0.15	4.0	5.0	70	0.008	28.0	NA	succeed	early_stop_succeed	6200	43.10178092662863	43.09518001257475	-26	0.12694705584496663
1890	1	1	0	0.1	0	False	0.15	4.5	1.1	70	0.008	28.0	NA	succeed	early_stop_succeed	2000	40.38483831975774	40.36644334566021	-30	0.24364600691186922
1891	1	1	0	0.1	0	False	0.15	4.5	1.5	70	0.008	28.0	NA	succeed	early_stop_succeed	2000	40.18853798936005	40.18226632402283	-30	0.24181365093025536
1892	1	1	0	0.1	0	False	0.15	4.5	2.0	70	0.008	28.0	NA	succeed	early_stop_succeed	3000	41.1442319641045	41.1198944224754	-30	0.1622958882796043
1893	1	1	0	0.1	0	False	0.15	4.5	3.0	70	0.008	28.0	NA	succeed	early_stop_succeed	9400	45.23626008877136	45.26062692504529	-26	0.10894892036396568
1894	1	1	0	0.1	0	False	0.15	4.5	5.0	70	0.008	28.0	NA	succeed	early_stop_succeed	8700	44.71351130406427	44.70361778413692	-26	0.12499268500076985
1895	1	1	0	0.1	0	False	0.15	5.0	1.1	70	0.008	28.0	NA	succeed	early_stop_succeed	6600	42.57441421311848	42.521759268402306	-27	0.14180522530407041
1896	1	1	0	0.1	0	False	0.15	5.0	1.5	70	0.008	28.0	NA	succeed	early_stop_succeed	6700	43.101113932519056	43.083154043313016	-28	0.13692200870582702
1897	1	1	0	0.1	0	False	0.15	5.0	2.0	70	0.008	28.0	NA	succeed	early_stop_succeed	3750	41.89665243325926	41.877510605974194	-30	0.1297491875481461
1898	1	1	0	0.1	0	False	0.15	5.0	3.0	70	0.008	28.0	NA	succeed	early_stop_succeed	5900	42.99349376130342	43.01741842678008	-28	0.13063033322446427
1899	1	1	0	0.1	0	False	0.15	5.0	5.0	70	0.008	28.0	NA	succeed	early_stop_succeed	6900	43.21863823175179	43.238540501922394	-26	0.1363088249919614
1900	1	1	0	0.1	0	False	0.2	3.0	1.1	70	0.008	28.0	NA	extinct	population_extinct	100000	NA	NA	NA	NA
1901	1	1	0	0.1	0	False	0.2	3.0	1.5	70	0.008	28.0	NA	succeed	early_stop_succeed	2000	40.08033465273972	40.07733988154119	-30	0.25304146517588205
1902	1	1	0	0.1	0	False	0.2	3.0	2.0	70	0.008	28.0	NA	succeed	early_stop_succeed	2050	40.11016523589909	40.092246248939524	-30	0.26136634210355497
1903	1	1	0	0.1	0	False	0.2	3.0	3.0	70	0.008	28.0	NA	succeed	early_stop_succeed	2650	40.49000967387197	40.46004143731918	-30	0.18616210399208766
1904	1	1	0	0.1	0	False	0.2	3.0	5.0	70	0.008	28.0	NA	succeed	early_stop_succeed	2000	40.161337699578894	40.16307073161419	-30	0.27218427468964546
1905	1	1	0	0.1	0	False	0.2	3.5	1.1	70	0.008	28.0	NA	succeed	early_stop_succeed	2550	40.00501316097425	39.99712599193002	-30	0.19607048519818224
1906	1	1	0	0.1	0	False	0.2	3.5	1.5	70	0.008	28.0	NA	succeed	early_stop_succeed	2500	40.11062952448794	40.12946754878637	-30	0.20310174774588247
1907	1	1	0	0.1	0	False	0.2	3.5	2.0	70	0.008	28.0	NA	succeed	early_stop_succeed	2150	40.31796740545613	40.31151666839209	-30	0.2284911221788664
1908	1	1	0	0.1	0	False	0.2	3.5	3.0	70	0.008	28.0	NA	succeed	early_stop_succeed	4300	41.60122434777476	41.5702992293991	-28	0.13943249560124854
1909	1	1	0	0.1	0	False	0.2	3.5	5.0	70	0.008	28.0	NA	succeed	early_stop_succeed	2500	40.53267371058828	40.528343936219756	-30	0.20438225212657335
1910	1	1	0	0.1	0	False	0.2	4.0	1.1	70	0.008	28.0	NA	succeed	early_stop_succeed	2000	40.052829309614566	40.06815161061922	-30	0.212903856657526
1911	1	1	0	0.1	0	False	0.2	4.0	1.5	70	0.008	28.0	NA	succeed	early_stop_succeed	2800	40.53739447098988	40.51900262188205	-28	0.16507355811164723
1912	1	1	0	0.1	0	False	0.2	4.0	2.0	70	0.008	28.0	NA	succeed	early_stop_succeed	4200	41.287047868332195	41.2964968170683	-30	0.14241335485675674
1913	1	1	0	0.1	0	False	0.2	4.0	3.0	70	0.008	28.0	NA	succeed	early_stop_succeed	7650	42.874965877127586	42.908602172824246	-26	0.1394340868545538
1914	1	1	0	0.1	0	False	0.2	4.0	5.0	70	0.008	28.0	NA	succeed	early_stop_succeed	8300	44.111213835213974	44.07325636866389	-28	0.11738089080935694
1915	1	1	0	0.1	0	False	0.2	4.5	1.1	70	0.008	28.0	NA	succeed	early_stop_succeed	2000	40.064362391787874	40.06186269969426	-30	0.29079824821882816
1916	1	1	0	0.1	0	False	0.2	4.5	1.5	70	0.008	28.0	NA	succeed	early_stop_succeed	3600	40.764958690059814	40.756775846206715	-30	0.13853811132552923
1917	1	1	0	0.1	0	False	0.2	4.5	2.0	70	0.008	28.0	NA	succeed	early_stop_succeed	4800	41.968551315682916	41.98009891828134	-29	0.1310599437968367
1918	1	1	0	0.1	0	False	0.2	4.5	3.0	70	0.008	28.0	NA	succeed	early_stop_succeed	9500	44.42640711308302	44.450415238476126	-26	0.114865045185642
1919	1	1	0	0.1	0	False	0.2	4.5	5.0	70	0.008	28.0	NA	succeed	early_stop_succeed	6100	43.22887564570573	43.26083692023869	-27	0.13226905407756656
1920	1	1	0	0.1	0	False	0.2	5.0	1.1	70	0.008	28.0	NA	succeed	early_stop_succeed	2650	40.575902241472974	40.55354355147361	-29	0.17339933898214585
1921	1	1	0	0.1	0	False	0.2	5.0	1.5	70	0.008	28.0	NA	succeed	early_stop_succeed	3050	40.93817783052324	40.91666369067744	-30	0.1817451957224112
1922	1	1	0	0.1	0	False	0.2	5.0	2.0	70	0.008	28.0	NA	succeed	early_stop_succeed	6350	43.0707699456052	43.08985645629089	-26	0.14814228552516398
1923	1	1	0	0.1	0	False	0.2	5.0	3.0	70	0.008	28.0	NA	succeed	early_stop_succeed	6750	43.23602340899383	43.21250357335208	-27	0.1449311551304037
1924	1	1	0	0.1	0	False	0.2	5.0	5.0	70	0.008	28.0	NA	succeed	early_stop_succeed	7800	44.389323042211046	44.4360212232281	-23	0.10270715157375307
1925	1	1	0	0.1	0	False	0.25	3.0	1.1	70	0.008	28.0	NA	extinct	population_extinct	100000	NA	NA	NA	NA
1926	1	1	0	0.1	0	False	0.25	3.0	1.5	70	0.008	28.0	NA	succeed	early_stop_succeed	2050	40.42704283599473	40.352703053652995	-30	0.27506704613650707
1927	1	1	0	0.1	0	False	0.25	3.0	2.0	70	0.008	28.0	NA	succeed	early_stop_succeed	2000	40.039425869165164	40.03849051273837	-30	0.2187370816582452
1928	1	1	0	0.1	0	False	0.25	3.0	3.0	70	0.008	28.0	NA	succeed	early_stop_succeed	4100	41.02831157740512	41.03814787029222	-30	0.13307488756210614
1929	1	1	0	0.1	0	False	0.25	3.0	5.0	70	0.008	28.0	NA	succeed	early_stop_succeed	2400	40.213542085176854	40.18240883813478	-30	0.22227062987503168
1930	1	1	0	0.1	0	False	0.25	3.5	1.1	70	0.008	28.0	NA	extinct	population_extinct	100000	NA	40.416742137841695	NA	NA
1931	1	1	0	0.1	0	False	0.25	3.5	1.5	70	0.008	28.0	NA	succeed	early_stop_succeed	2600	40.2838361109071	40.27301133097828	-30	0.19153673653494735
1932	1	1	0	0.1	0	False	0.25	3.5	2.0	70	0.008	28.0	NA	succeed	early_stop_succeed	2450	40.19827296236303	40.21202894002103	-30	0.1914258945804819
1933	1	1	0	0.1	0	False	0.25	3.5	3.0	70	0.008	28.0	NA	succeed	early_stop_succeed	2050	40.363181383215554	40.36027542003233	-30	0.23836985980611075
1934	1	1	0	0.1	0	False	0.25	3.5	5.0	70	0.008	28.0	NA	succeed	early_stop_succeed	5600	41.97807388374326	42.02855185575815	-29	0.11496977008501026
1935	1	1	0	0.1	0	False	0.25	4.0	1.1	70	0.008	28.0	NA	succeed	early_stop_succeed	2350	40.26683449315763	40.23796942208905	-30	0.2012870414305766
1936	1	1	0	0.1	0	False	0.25	4.0	1.5	70	0.008	28.0	NA	succeed	early_stop_succeed	2500	40.50367727107064	40.49064729299936	-30	0.19726811662253332
1937	1	1	0	0.1	0	False	0.25	4.0	2.0	70	0.008	28.0	NA	succeed	early_stop_succeed	3900	40.92748975577828	40.94479034214008	-28	0.15169652277087908
1938	1	1	0	0.1	0	False	0.25	4.0	3.0	70	0.008	28.0	NA	succeed	early_stop_succeed	5050	42.10633677328924	42.09701915448888	-28	0.13780698383122106
1939	1	1	0	0.1	0	False	0.25	4.0	5.0	70	0.008	28.0	NA	succeed	early_stop_succeed	6650	43.52335187723147	43.54965706624345	-26	0.1404697782897551
1940	1	1	0	0.1	0	False	0.25	4.5	1.1	70	0.008	28.0	NA	succeed	early_stop_succeed	3800	40.70316164566929	40.71617840657364	-30	0.14648862965497358
1941	1	1	0	0.1	0	False	0.25	4.5	1.5	70	0.008	28.0	NA	succeed	early_stop_succeed	3700	40.944298874515596	40.91830211023949	-30	0.14250424267792688
1942	1	1	0	0.1	0	False	0.25	4.5	2.0	70	0.008	28.0	NA	succeed	early_stop_succeed	6900	42.43399044501318	42.417510054958505	-28	0.12563923703008417
1943	1	1	0	0.1	0	False	0.25	4.5	3.0	70	0.008	28.0	NA	succeed	early_stop_succeed	2050	40.558486946738796	40.554202472815994	-30	0.214776479684936
1944	1	1	0	0.1	0	False	0.25	4.5	5.0	70	0.008	28.0	NA	succeed	early_stop_succeed	7650	44.04267625092547	44.09211015439501	-26	0.1295429053990696
1945	1	1	0	0.1	0	False	0.25	5.0	1.1	70	0.008	28.0	NA	succeed	early_stop_succeed	2850	40.42759812955207	40.415123407087364	-30	0.17700807426790413
1946	1	1	0	0.1	0	False	0.25	5.0	1.5	70	0.008	28.0	NA	succeed	early_stop_succeed	3650	41.194759409258765	41.21502990643335	-30	0.1641496472841433
1947	1	1	0	0.1	0	False	0.25	5.0	2.0	70	0.008	28.0	NA	succeed	early_stop_succeed	4600	41.79232350616861	41.804962996638515	-27	0.13438544551132248
1948	1	1	0	0.1	0	False	0.25	5.0	3.0	70	0.008	28.0	NA	succeed	early_stop_succeed	5850	43.39519127021222	43.427635376874065	-28	0.1376739679107534
1949	1	1	0	0.1	0	False	0.25	5.0	5.0	70	0.008	28.0	NA	succeed	early_stop_succeed	7300	44.005961698749424	44.01918543660474	-26	0.1311256426450193
1950	1	1	0	0.1	0	False	0.3	3.0	1.1	70	0.008	28.0	NA	extinct	population_extinct	100000	NA	NA	NA	NA
1951	1	1	0	0.1	0	False	0.3	3.0	1.5	70	0.008	28.0	NA	extinct	population_extinct	100000	NA	NA	NA	NA
1952	1	1	0	0.1	0	False	0.3	3.0	2.0	70	0.008	28.0	NA	succeed	early_stop_succeed	2900	40.14564797621212	40.159032650591236	-30	0.17238427273158416
1953	1	1	0	0.1	0	False	0.3	3.0	3.0	70	0.008	28.0	NA	succeed	early_stop_succeed	2000	40.08370643834848	40.070465916667466	-30	0.24567114899834178
1954	1	1	0	0.1	0	False	0.3	3.0	5.0	70	0.008	28.0	NA	succeed	early_stop_succeed	2950	40.3205497207874	40.38663994004416	-30	0.1767825523044314
1955	1	1	0	0.1	0	False	0.3	3.5	1.1	70	0.008	28.0	NA	extinct	population_extinct	100000	NA	NA	NA	NA
1956	1	1	0	0.1	0	False	0.3	3.5	1.5	70	0.008	28.0	NA	succeed	early_stop_succeed	2000	40.09721190532252	40.11330458163315	-30	0.24959459397792194
1957	1	1	0	0.1	0	False	0.3	3.5	2.0	70	0.008	28.0	NA	succeed	early_stop_succeed	2850	40.33430014475343	40.333659654145315	-30	0.19242506242782842
1958	1	1	0	0.1	0	False	0.3	3.5	3.0	70	0.008	28.0	NA	succeed	early_stop_succeed	3900	41.00961199834196	41.00908977030667	-30	0.14253355201678022
1959	1	1	0	0.1	0	False	0.3	3.5	5.0	70	0.008	28.0	NA	succeed	early_stop_succeed	6000	42.335248171480565	42.35597989286445	-28	0.13451646311386178
1960	1	1	0	0.1	0	False	0.3	4.0	1.1	70	0.008	28.0	NA	succeed	early_stop_succeed	2650	40.18886776906341	40.219093582870684	-30	0.18801235140876027
1961	1	1	0	0.1	0	False	0.3	4.0	1.5	70	0.008	28.0	NA	succeed	early_stop_succeed	2450	40.186040402889056	40.1978622714689	-30	0.2319279317672103
1962	1	1	0	0.1	0	False	0.3	4.0	2.0	70	0.008	28.0	NA	succeed	early_stop_succeed	2300	40.14375010080717	40.15126809017775	-30	0.20852096787509553
1963	1	1	0	0.1	0	False	0.3	4.0	3.0	70	0.008	28.0	NA	succeed	early_stop_succeed	7050	42.71825877756805	42.732203507167334	-27	0.12288874258939474
1964	1	1	0	0.1	0	False	0.3	4.0	5.0	70	0.008	28.0	NA	succeed	early_stop_succeed	5850	42.63512462507422	42.64841274379198	-28	0.13349474062507216
1965	1	1	0	0.1	0	False	0.3	4.5	1.1	70	0.008	28.0	NA	succeed	early_stop_succeed	2650	40.334891397949285	40.33814793496078	-29	0.172061885593289
1966	1	1	0	0.1	0	False	0.3	4.5	1.5	70	0.008	28.0	NA	succeed	early_stop_succeed	2550	40.494752238468834	40.474850119525264	-30	0.19137010245169703
1967	1	1	0	0.1	0	False	0.3	4.5	2.0	70	0.008	28.0	NA	succeed	early_stop_succeed	3900	41.38221977964277	41.41426868264197	-29	0.14187618165114457
1968	1	1	0	0.1	0	False	0.3	4.5	3.0	70	0.008	28.0	NA	succeed	early_stop_succeed	5200	42.40113789979764	42.42529569898629	-27	0.14694373077325476
1969	1	1	0	0.1	0	False	0.3	4.5	5.0	70	0.008	28.0	NA	succeed	early_stop_succeed	7000	43.378165288004595	43.39242349408553	-28	0.1368213132822087
1970	1	1	0	0.1	0	False	0.3	5.0	1.1	70	0.008	28.0	NA	succeed	early_stop_succeed	2000	40.267634990443746	40.28216411644039	-30	0.21240597374604797
1971	1	1	0	0.1	0	False	0.3	5.0	1.5	70	0.008	28.0	NA	succeed	early_stop_succeed	5800	42.223449323916356	42.26908598232974	-28	0.1373300912403854
1972	1	1	0	0.1	0	False	0.3	5.0	2.0	70	0.008	28.0	NA	succeed	early_stop_succeed	9550	44.742431866429285	44.75644199200909	-25	0.09201805187412626
1973	1	1	0	0.1	0	False	0.3	5.0	3.0	70	0.008	28.0	NA	succeed	early_stop_succeed	5400	43.09799245600687	43.11350839345263	-28	0.1498333981392468
1974	1	1	0	0.1	0	False	0.3	5.0	5.0	70	0.008	28.0	NA	succeed	early_stop_succeed	6700	44.0122573252926	43.99783734973836	-26	0.1195656943232566
1975	1	1	0	0.1	0	False	0.35	3.0	1.1	70	0.008	28.0	NA	extinct	population_extinct	100000	NA	NA	NA	NA
1976	1	1	0	0.1	0	False	0.35	3.0	1.5	70	0.008	28.0	NA	extinct	population_extinct	100000	NA	NA	NA	NA
1977	1	1	0	0.1	0	False	0.35	3.0	2.0	70	0.008	28.0	NA	succeed	early_stop_succeed	2500	40.41166451506493	40.437406808797256	-30	0.23500632820465434
1978	1	1	0	0.1	0	False	0.35	3.0	3.0	70	0.008	28.0	NA	succeed	early_stop_succeed	2400	40.37752105513195	40.37006826276299	-30	0.2087992029916194
1979	1	1	0	0.1	0	False	0.35	3.0	5.0	70	0.008	28.0	NA	succeed	early_stop_succeed	2100	39.91338508742465	39.90981438243614	-30	0.24650772201224797
1980	1	1	0	0.1	0	False	0.35	3.5	1.1	70	0.008	28.0	NA	extinct	population_extinct	100000	NA	NA	NA	NA
1981	1	1	0	0.1	0	False	0.35	3.5	1.5	70	0.008	28.0	NA	succeed	early_stop_succeed	2150	40.30573198824734	40.33342153058331	-30	0.21750050035074533
1982	1	1	0	0.1	0	False	0.35	3.5	2.0	70	0.008	28.0	NA	succeed	early_stop_succeed	2000	39.949128007818075	39.95896424058516	-30	0.246976239881156
1983	1	1	0	0.1	0	False	0.35	3.5	3.0	70	0.008	28.0	NA	succeed	early_stop_succeed	4300	40.59386897890126	40.66445482745743	-29	0.1434988302965296
1984	1	1	0	0.1	0	False	0.35	3.5	5.0	70	0.008	28.0	NA	succeed	early_stop_succeed	2250	40.26922813327474	40.282145841315796	-30	0.22469881948655565
1985	1	1	0	0.1	0	False	0.35	4.0	1.1	70	0.008	28.0	NA	extinct	population_extinct	100000	NA	NA	NA	NA
1986	1	1	0	0.1	0	False	0.35	4.0	1.5	70	0.008	28.0	NA	succeed	early_stop_succeed	4050	41.01185754517531	40.95368720591254	-30	0.1519778595186345
1987	1	1	0	0.1	0	False	0.35	4.0	2.0	70	0.008	28.0	NA	succeed	early_stop_succeed	4000	41.08245597456493	41.06276009986966	-30	0.13386856990750762
1988	1	1	0	0.1	0	False	0.35	4.0	3.0	70	0.008	28.0	NA	succeed	early_stop_succeed	4150	41.43483126991879	41.40876552612346	-28	0.14423370601763405
1989	1	1	0	0.1	0	False	0.35	4.0	5.0	70	0.008	28.0	NA	succeed	early_stop_succeed	7000	43.0734091510906	43.03597983816861	-27	0.1331944222417563
1990	1	1	0	0.1	0	False	0.35	4.5	1.1	70	0.008	28.0	NA	succeed	early_stop_succeed	2300	40.18246976693464	40.194663757579995	-30	0.22913309194323145
1991	1	1	0	0.1	0	False	0.35	4.5	1.5	70	0.008	28.0	NA	succeed	early_stop_succeed	2500	40.24507535700314	40.25196614285574	-30	0.19545226539847352
1992	1	1	0	0.1	0	False	0.35	4.5	2.0	70	0.008	28.0	NA	succeed	early_stop_succeed	2100	40.26432626125656	40.273133059562035	-30	0.23548797915076222
1993	1	1	0	0.1	0	False	0.35	4.5	3.0	70	0.008	28.0	NA	succeed	early_stop_succeed	7300	43.37714192668347	43.35424663259777	-26	0.10885718918251391
1994	1	1	0	0.1	0	False	0.35	4.5	5.0	70	0.008	28.0	NA	succeed	early_stop_succeed	6850	43.62312503530197	43.68435264631917	-26	0.13891237695121478
1995	1	1	0	0.1	0	False	0.35	5.0	1.1	70	0.008	28.0	NA	succeed	early_stop_succeed	2050	40.222974261814535	40.23604714086463	-30	0.2674923646240016
1996	1	1	0	0.1	0	False	0.35	5.0	1.5	70	0.008	28.0	NA	succeed	early_stop_succeed	4750	41.20525024707364	41.251821443973014	-28	0.15294971419172992
1997	1	1	0	0.1	0	False	0.35	5.0	2.0	70	0.008	28.0	NA	succeed	early_stop_succeed	4600	41.739984033391636	41.708561943760664	-29	0.15526896887429356
1998	1	1	0	0.1	0	False	0.35	5.0	3.0	70	0.008	28.0	NA	succeed	early_stop_succeed	6550	43.75226688752875	43.76776375293449	-28	0.11546264767202272
1999	1	1	0	0.1	0	False	0.35	5.0	5.0	70	0.008	28.0	NA	succeed	early_stop_succeed	8200	44.53373934475065	44.512634018858144	-25	0.1170475027708276
2000	1	0	1	0.1	0	False	0.15	3.0	1.1	70	NA	NA	NA	failed	early_stop_failed	5000	>46	46.39781605315082	-24	0.12989673329769114
2001	1	0	1	0.1	0	False	0.15	3.0	1.5	70	NA	NA	NA	failed	early_stop_failed	5150	>46	46.5505064671218	-22	0.10858569289697596
2002	1	0	1	0.1	0	False	0.15	3.0	2.0	70	NA	NA	NA	failed	early_stop_failed	5000	>46	46.62003341018126	-22	0.1325789242285499
2003	1	0	1	0.1	0	False	0.15	3.0	3.0	70	NA	NA	NA	failed	early_stop_failed	4450	>46	46.60239642316838	-21	0.11891789942937336
2004	1	0	1	0.1	0	False	0.15	3.0	5.0	70	NA	NA	NA	failed	early_stop_failed	5050	>46	46.5375834442882	-23	0.1340483745363777
2005	1	0	1	0.1	0	False	0.15	3.5	1.1	70	NA	NA	NA	failed	early_stop_failed	4900	>46	46.68264274748716	-24	0.12716211112258416
2006	1	0	1	0.1	0	False	0.15	3.5	1.5	70	NA	NA	NA	failed	early_stop_failed	4700	>46	46.8114306621229	-25	0.10520341537566992
2007	1	0	1	0.1	0	False	0.15	3.5	2.0	70	NA	NA	NA	failed	early_stop_failed	4850	>46	46.58326107458263	-25	0.11143605689032166
2008	1	0	1	0.1	0	False	0.15	3.5	3.0	70	NA	NA	NA	failed	early_stop_failed	5350	>46	46.56282276032621	-24	0.13902199210708333
2009	1	0	1	0.1	0	False	0.15	3.5	5.0	70	NA	NA	NA	failed	early_stop_failed	5150	>46	46.61654223654859	-21	0.10983855207281934
2010	1	0	1	0.1	0	False	0.15	4.0	1.1	70	NA	NA	NA	failed	early_stop_failed	5250	>46	46.56521141709154	-24	0.12758386512532272
2011	1	0	1	0.1	0	False	0.15	4.0	1.5	70	NA	NA	NA	failed	early_stop_failed	4850	>46	46.71005645574722	-24	0.10186055745841856
2012	1	0	1	0.1	0	False	0.15	4.0	2.0	70	NA	NA	NA	failed	early_stop_failed	5200	>46	46.52455708617561	-21	0.11127241434425017
2013	1	0	1	0.1	0	False	0.15	4.0	3.0	70	NA	NA	NA	failed	early_stop_failed	4900	>46	46.48492172377745	-22	0.1499947786998545
2014	1	0	1	0.1	0	False	0.15	4.0	5.0	70	NA	NA	NA	failed	early_stop_failed	5000	>46	46.735463552461006	-23	0.11313353573628415
2015	1	0	1	0.1	0	False	0.15	4.5	1.1	70	NA	NA	NA	failed	early_stop_failed	5450	>46	46.61191612688571	-24	0.12004878736409133
2016	1	0	1	0.1	0	False	0.15	4.5	1.5	70	NA	NA	NA	failed	early_stop_failed	5450	>46	46.804467252364695	-22	0.1287288616576847
2017	1	0	1	0.1	0	False	0.15	4.5	2.0	70	NA	NA	NA	failed	early_stop_failed	4750	>46	46.726103944469386	-23	0.11242177401047705
2018	1	0	1	0.1	0	False	0.15	4.5	3.0	70	NA	NA	NA	failed	early_stop_failed	4350	>46	46.783445839257446	-24	0.08133715510446196
2019	1	0	1	0.1	0	False	0.15	4.5	5.0	70	NA	NA	NA	failed	early_stop_failed	4150	>46	46.73358785469372	-23	0.12543616486085296
2020	1	0	1	0.1	0	False	0.15	5.0	1.1	70	NA	NA	NA	failed	early_stop_failed	5050	>46	46.6493661123876	-26	0.1068989849909021
2021	1	0	1	0.1	0	False	0.15	5.0	1.5	70	NA	NA	NA	failed	early_stop_failed	5150	>46	46.66270076417677	-22	0.1213665203334436
2022	1	0	1	0.1	0	False	0.15	5.0	2.0	70	NA	NA	NA	failed	early_stop_failed	5250	>46	46.562354879103715	-22	0.12078222122664614
2023	1	0	1	0.1	0	False	0.15	5.0	3.0	70	NA	NA	NA	failed	early_stop_failed	4500	>46	46.799030741865934	-19	0.10000652633162668
2024	1	0	1	0.1	0	False	0.15	5.0	5.0	70	NA	NA	NA	failed	early_stop_failed	4900	>46	46.58290441021055	-24	0.1307013334840138
2025	1	0	1	0.1	0	False	0.2	3.0	1.1	70	NA	NA	NA	succeed	early_stop_succeed	2100	40.707959834783274	40.693185173089425	-29	0.38127105549887935
2026	1	0	1	0.1	0	False	0.2	3.0	1.5	70	NA	NA	NA	failed	early_stop_failed	5050	>46	46.71919754124958	-21	0.10295384937226325
2027	1	0	1	0.1	0	False	0.2	3.0	2.0	70	NA	NA	NA	failed	early_stop_failed	5200	>46	46.63340648119229	-23	0.13379423392622244
2028	1	0	1	0.1	0	False	0.2	3.0	3.0	70	NA	NA	NA	failed	early_stop_failed	4800	>46	47.06709507875251	-20	0.09433402036514621
2029	1	0	1	0.1	0	False	0.2	3.0	5.0	70	NA	NA	NA	failed	early_stop_failed	5250	>46	46.57329678217882	-21	0.13310220714781884
2030	1	0	1	0.1	0	False	0.2	3.5	1.1	70	NA	NA	NA	failed	early_stop_failed	5400	>46	46.568898739963714	-23	0.11124992332948577
2031	1	0	1	0.1	0	False	0.2	3.5	1.5	70	NA	NA	NA	failed	early_stop_failed	5850	>46	46.55491054840108	-23	0.13487981412934194
2032	1	0	1	0.1	0	False	0.2	3.5	2.0	70	NA	NA	NA	failed	early_stop_failed	4850	>46	46.8280682746547	-24	0.10219550963144557
2033	1	0	1	0.1	0	False	0.2	3.5	3.0	70	NA	NA	NA	failed	early_stop_failed	5450	>46	46.40672598674918	-24	0.14766828797679565
2034	1	0	1	0.1	0	False	0.2	3.5	5.0	70	NA	NA	NA	failed	early_stop_failed	5250	>46	46.5804835620877	-22	0.1255234811221029
2035	1	0	1	0.1	0	False	0.2	4.0	1.1	70	NA	NA	NA	failed	early_stop_failed	5200	>46	46.759308289594486	-21	0.11766537841076553
2036	1	0	1	0.1	0	False	0.2	4.0	1.5	70	NA	NA	NA	failed	early_stop_failed	5450	>46	46.538078591868654	-23	0.11591827672516304
2037	1	0	1	0.1	0	False	0.2	4.0	2.0	70	NA	NA	NA	failed	early_stop_failed	4950	>46	46.69648592860661	-22	0.11970312142636363
2038	1	0	1	0.1	0	False	0.2	4.0	3.0	70	NA	NA	NA	failed	early_stop_failed	5250	>46	46.70679142232354	-23	0.12329270979242804
2039	1	0	1	0.1	0	False	0.2	4.0	5.0	70	NA	NA	NA	failed	early_stop_failed	4600	>46	46.816861994301	-21	0.12038205267240082
2040	1	0	1	0.1	0	False	0.2	4.5	1.1	70	NA	NA	NA	failed	early_stop_failed	4450	>46	47.099981869777956	-23	0.09279923266897736
2041	1	0	1	0.1	0	False	0.2	4.5	1.5	70	NA	NA	NA	failed	early_stop_failed	4350	>46	46.527477467939036	-23	0.11625891658594562
2042	1	0	1	0.1	0	False	0.2	4.5	2.0	70	NA	NA	NA	failed	early_stop_failed	5350	>46	46.380171928805694	-23	0.14700714029415124
2043	1	0	1	0.1	0	False	0.2	4.5	3.0	70	NA	NA	NA	failed	early_stop_failed	5150	>46	46.67197475400837	-23	0.12878120725567194
2044	1	0	1	0.1	0	False	0.2	4.5	5.0	70	NA	NA	NA	failed	early_stop_failed	4350	>46	46.739371833242714	-24	0.1141962503697373
2045	1	0	1	0.1	0	False	0.2	5.0	1.1	70	NA	NA	NA	failed	early_stop_failed	4550	>46	46.80002995614568	-25	0.08670345947560688
2046	1	0	1	0.1	0	False	0.2	5.0	1.5	70	NA	NA	NA	failed	early_stop_failed	5050	>46	46.65876546420311	-23	0.1261784155283868
2047	1	0	1	0.1	0	False	0.2	5.0	2.0	70	NA	NA	NA	failed	early_stop_failed	4450	>46	46.663045378175	-23	0.1204379748171837
2048	1	0	1	0.1	0	False	0.2	5.0	3.0	70	NA	NA	NA	failed	early_stop_failed	5100	>46	46.42441032990051	-24	0.12355837141000987
2049	1	0	1	0.1	0	False	0.2	5.0	5.0	70	NA	NA	NA	failed	early_stop_failed	4950	>46	46.53805439341979	-22	0.1396020894210091
2050	1	0	1	0.1	0	False	0.25	3.0	1.1	70	NA	NA	NA	extinct	population_extinct	100000	NA	NA	NA	NA
2051	1	0	1	0.1	0	False	0.25	3.0	1.5	70	NA	NA	NA	failed	early_stop_failed	5150	>46	46.82813911034997	-25	0.10590619496547728
2052	1	0	1	0.1	0	False	0.25	3.0	2.0	70	NA	NA	NA	failed	early_stop_failed	5500	>46	46.61567981381317	-23	0.11235505219795072
2053	1	0	1	0.1	0	False	0.25	3.0	3.0	70	NA	NA	NA	failed	early_stop_failed	5350	>46	46.434961198345256	-24	0.13468570327039278
2054	1	0	1	0.1	0	False	0.25	3.0	5.0	70	NA	NA	NA	failed	early_stop_failed	5150	>46	46.82751607938183	-23	0.10998155070332512
2055	1	0	1	0.1	0	False	0.25	3.5	1.1	70	NA	NA	NA	failed	early_stop_failed	4450	>46	46.73420417354857	-22	0.13776772864006465
2056	1	0	1	0.1	0	False	0.25	3.5	1.5	70	NA	NA	NA	failed	early_stop_failed	5750	>46	46.38852906829682	-24	0.12433736920067175
2057	1	0	1	0.1	0	False	0.25	3.5	2.0	70	NA	NA	NA	failed	early_stop_failed	4100	>46	47.487203085949254	-25	0.08373700479822407
2058	1	0	1	0.1	0	False	0.25	3.5	3.0	70	NA	NA	NA	failed	early_stop_failed	4650	>46	46.997585917528355	-22	0.09181481814394962
2059	1	0	1	0.1	0	False	0.25	3.5	5.0	70	NA	NA	NA	failed	early_stop_failed	5550	>46	46.57981147331946	-24	0.11407951032150933
2060	1	0	1	0.1	0	False	0.25	4.0	1.1	70	NA	NA	NA	failed	early_stop_failed	4750	>46	46.68207128647737	-21	0.11410453163385861
2061	1	0	1	0.1	0	False	0.25	4.0	1.5	70	NA	NA	NA	failed	early_stop_failed	4850	>46	46.45482168814707	-23	0.10945310567181692
2062	1	0	1	0.1	0	False	0.25	4.0	2.0	70	NA	NA	NA	failed	early_stop_failed	5050	>46	46.63840980903858	-23	0.12436401276092031
2063	1	0	1	0.1	0	False	0.25	4.0	3.0	70	NA	NA	NA	failed	early_stop_failed	5000	>46	46.446650586343445	-24	0.11416247680007864
2064	1	0	1	0.1	0	False	0.25	4.0	5.0	70	NA	NA	NA	failed	early_stop_failed	5000	>46	46.527940461170644	-23	0.13117041167876714
2065	1	0	1	0.1	0	False	0.25	4.5	1.1	70	NA	NA	NA	failed	early_stop_failed	4850	>46	46.7364204488857	-24	0.11548428608427239
2066	1	0	1	0.1	0	False	0.25	4.5	1.5	70	NA	NA	NA	failed	early_stop_failed	5000	>46	46.50213126170472	-21	0.12722658916146695
2067	1	0	1	0.1	0	False	0.25	4.5	2.0	70	NA	NA	NA	failed	early_stop_failed	4650	>46	47.620597486602	-23	0.08626904426338934
2068	1	0	1	0.1	0	False	0.25	4.5	3.0	70	NA	NA	NA	failed	early_stop_failed	4900	>46	46.54673076193746	-24	0.12042794395344729
2069	1	0	1	0.1	0	False	0.25	4.5	5.0	70	NA	NA	NA	failed	early_stop_failed	4150	>46	46.944730083680874	-25	0.0961542069030699
2070	1	0	1	0.1	0	False	0.25	5.0	1.1	70	NA	NA	NA	failed	early_stop_failed	5300	>46	46.627609091016694	-22	0.11706065016713225
2071	1	0	1	0.1	0	False	0.25	5.0	1.5	70	NA	NA	NA	failed	early_stop_failed	4750	>46	46.59789671395153	-24	0.10265942663587174
2072	1	0	1	0.1	0	False	0.25	5.0	2.0	70	NA	NA	NA	failed	early_stop_failed	4850	>46	46.45870295446394	-22	0.13096577833305798
2073	1	0	1	0.1	0	False	0.25	5.0	3.0	70	NA	NA	NA	failed	early_stop_failed	4800	>46	46.673713244854426	-21	0.12398195134767975
2074	1	0	1	0.1	0	False	0.25	5.0	5.0	70	NA	NA	NA	failed	early_stop_failed	4400	>46	46.82767228529097	-24	0.11632953530606262
2075	1	0	1	0.1	0	False	0.3	3.0	1.1	70	NA	NA	NA	extinct	population_extinct	100000	NA	NA	NA	NA
2076	1	0	1	0.1	0	False	0.3	3.0	1.5	70	NA	NA	NA	failed	early_stop_failed	5850	>46	46.39568201574249	-23	0.15532034557023014
2077	1	0	1	0.1	0	False	0.3	3.0	2.0	70	NA	NA	NA	failed	early_stop_failed	5100	>46	46.46102736878713	-23	0.13300011284064175
2078	1	0	1	0.1	0	False	0.3	3.0	3.0	70	NA	NA	NA	failed	early_stop_failed	5100	>46	46.751492415481366	-22	0.12459351631211431
2079	1	0	1	0.1	0	False	0.3	3.0	5.0	70	NA	NA	NA	failed	early_stop_failed	5200	>46	46.68972837935781	-22	0.10708278341644627
2080	1	0	1	0.1	0	False	0.3	3.5	1.1	70	NA	NA	NA	extinct	population_extinct	100000	NA	NA	NA	NA
2081	1	0	1	0.1	0	False	0.3	3.5	1.5	70	NA	NA	NA	failed	early_stop_failed	5050	>46	46.58653009627773	-21	0.12194553583620418
2082	1	0	1	0.1	0	False	0.3	3.5	2.0	70	NA	NA	NA	failed	early_stop_failed	5500	>46	46.50021226716266	-22	0.13254084262803362
2083	1	0	1	0.1	0	False	0.3	3.5	3.0	70	NA	NA	NA	failed	early_stop_failed	5250	>46	46.728743807344564	-23	0.12740833278362065
2084	1	0	1	0.1	0	False	0.3	3.5	5.0	70	NA	NA	NA	failed	early_stop_failed	5150	>46	46.562479790778184	-21	0.12041641264896413
2085	1	0	1	0.1	0	False	0.3	4.0	1.1	70	NA	NA	NA	failed	early_stop_failed	4650	>46	46.60106219991851	-25	0.12519066832618403
2086	1	0	1	0.1	0	False	0.3	4.0	1.5	70	NA	NA	NA	failed	early_stop_failed	4700	>46	46.72297919598175	-22	0.10790313114819117
2087	1	0	1	0.1	0	False	0.3	4.0	2.0	70	NA	NA	NA	failed	early_stop_failed	4900	>46	46.44146862455412	-23	0.1188732791372556
2088	1	0	1	0.1	0	False	0.3	4.0	3.0	70	NA	NA	NA	failed	early_stop_failed	5400	>46	46.699619170727466	-24	0.14050493590086435
2089	1	0	1	0.1	0	False	0.3	4.0	5.0	70	NA	NA	NA	failed	early_stop_failed	4550	>46	46.55610414794337	-22	0.15440092133855773
2090	1	0	1	0.1	0	False	0.3	4.5	1.1	70	NA	NA	NA	failed	early_stop_failed	5000	>46	46.83211991857473	-23	0.12268639869116148
2091	1	0	1	0.1	0	False	0.3	4.5	1.5	70	NA	NA	NA	failed	early_stop_failed	5050	>46	46.76741392303282	-23	0.11489035090466163
2092	1	0	1	0.1	0	False	0.3	4.5	2.0	70	NA	NA	NA	failed	early_stop_failed	5150	>46	46.69400533305282	-23	0.11273285596051467
2093	1	0	1	0.1	0	False	0.3	4.5	3.0	70	NA	NA	NA	failed	early_stop_failed	5100	>46	46.786484762146614	-22	0.09682350158593081
2094	1	0	1	0.1	0	False	0.3	4.5	5.0	70	NA	NA	NA	failed	early_stop_failed	4600	>46	46.55121439114349	-21	0.12104968072697844
2095	1	0	1	0.1	0	False	0.3	5.0	1.1	70	NA	NA	NA	failed	early_stop_failed	5050	>46	47.00221073185894	-23	0.10381908368399198
2096	1	0	1	0.1	0	False	0.3	5.0	1.5	70	NA	NA	NA	failed	early_stop_failed	4600	>46	46.74805904339811	-23	0.13676485350334006
2097	1	0	1	0.1	0	False	0.3	5.0	2.0	70	NA	NA	NA	failed	early_stop_failed	4950	>46	46.470140157957154	-23	0.1123083158644053
2098	1	0	1	0.1	0	False	0.3	5.0	3.0	70	NA	NA	NA	failed	early_stop_failed	4800	>46	46.740398797449636	-22	0.13045461557891647
2099	1	0	1	0.1	0	False	0.3	5.0	5.0	70	NA	NA	NA	failed	early_stop_failed	4950	>46	46.55704210934441	-22	0.12815339886248134
2100	1	0	1	0.1	0	False	0.35	3.0	1.1	70	NA	NA	NA	extinct	population_extinct	100000	NA	NA	NA	NA
2101	1	0	1	0.1	0	False	0.35	3.0	1.5	70	NA	NA	NA	extinct	population_extinct	100000	NA	NA	NA	NA
2102	1	0	1	0.1	0	False	0.35	3.0	2.0	70	NA	NA	NA	failed	early_stop_failed	5350	>46	46.50358625337574	-22	0.14516010708252586
2103	1	0	1	0.1	0	False	0.35	3.0	3.0	70	NA	NA	NA	failed	early_stop_failed	5250	>46	46.45528230793458	-21	0.11927171681369549
2104	1	0	1	0.1	0	False	0.35	3.0	5.0	70	NA	NA	NA	failed	early_stop_failed	4900	>46	46.67187080985569	-22	0.11338734308586464
2105	1	0	1	0.1	0	False	0.35	3.5	1.1	70	NA	NA	NA	extinct	population_extinct	100000	NA	NA	NA	NA
2106	1	0	1	0.1	0	False	0.35	3.5	1.5	70	NA	NA	NA	failed	early_stop_failed	4650	>46	46.60414243126303	-23	0.11191935811171878
2107	1	0	1	0.1	0	False	0.35	3.5	2.0	70	NA	NA	NA	failed	early_stop_failed	5200	>46	46.39345568588669	-22	0.13310345523977538
2108	1	0	1	0.1	0	False	0.35	3.5	3.0	70	NA	NA	NA	failed	early_stop_failed	5050	>46	46.5268942450227	-23	0.12021992294862294
2109	1	0	1	0.1	0	False	0.35	3.5	5.0	70	NA	NA	NA	failed	early_stop_failed	5500	>46	46.75829489775661	-21	0.11766721584129698
2110	1	0	1	0.1	0	False	0.35	4.0	1.1	70	NA	NA	NA	failed	early_stop_failed	5250	>46	46.69665763937561	-23	0.12391485091396684
2111	1	0	1	0.1	0	False	0.35	4.0	1.5	70	NA	NA	NA	failed	early_stop_failed	5300	>46	46.65181352228562	-24	0.11520557802455428
2112	1	0	1	0.1	0	False	0.35	4.0	2.0	70	NA	NA	NA	failed	early_stop_failed	5250	>46	46.46565741368985	-24	0.12127182959434592
2113	1	0	1	0.1	0	False	0.35	4.0	3.0	70	NA	NA	NA	failed	early_stop_failed	5150	>46	46.73693448533546	-22	0.1138251084413355
2114	1	0	1	0.1	0	False	0.35	4.0	5.0	70	NA	NA	NA	failed	early_stop_failed	4250	>46	46.92271827932655	-21	0.10088013806228101
2115	1	0	1	0.1	0	False	0.35	4.5	1.1	70	NA	NA	NA	failed	early_stop_failed	5000	>46	46.68728922324117	-22	0.13407619362542061
2116	1	0	1	0.1	0	False	0.35	4.5	1.5	70	NA	NA	NA	failed	early_stop_failed	4950	>46	46.56982121356507	-24	0.1028870104185506
2117	1	0	1	0.1	0	False	0.35	4.5	2.0	70	NA	NA	NA	failed	early_stop_failed	5200	>46	46.53009241736532	-25	0.11212942336658623
2118	1	0	1	0.1	0	False	0.35	4.5	3.0	70	NA	NA	NA	failed	early_stop_failed	5200	>46	46.59379094181936	-23	0.13537390078707232
2119	1	0	1	0.1	0	False	0.35	4.5	5.0	70	NA	NA	NA	failed	early_stop_failed	5000	>46	46.76616672873927	-23	0.10100976443926044
2120	1	0	1	0.1	0	False	0.35	5.0	1.1	70	NA	NA	NA	failed	early_stop_failed	5300	>46	46.517609276916204	-22	0.12052550117731546
2121	1	0	1	0.1	0	False	0.35	5.0	1.5	70	NA	NA	NA	failed	early_stop_failed	5200	>46	46.75310952999578	-21	0.11888408241219225
2122	1	0	1	0.1	0	False	0.35	5.0	2.0	70	NA	NA	NA	failed	early_stop_failed	5400	>46	46.575026749497425	-22	0.12159370215929265
2123	1	0	1	0.1	0	False	0.35	5.0	3.0	70	NA	NA	NA	failed	early_stop_failed	4800	>46	46.58273170474813	-24	0.1270930444991482
2124	1	0	1	0.1	0	False	0.35	5.0	5.0	70	NA	NA	NA	failed	early_stop_failed	4200	>46	46.691639941716545	-22	0.10019059287648995
2125	1	0	0	0.1	1	False	0.15	3.0	1.1	70	NA	NA	0.1	failed	early_stop_failed	5100	>46	46.5625119182467	-24	0.14700020093842034
2126	1	0	0	0.1	1	False	0.15	3.0	1.5	70	NA	NA	0.1	failed	early_stop_failed	4700	>46	46.91557031919813	-24	0.10435400919299312
2127	1	0	0	0.1	1	False	0.15	3.0	2.0	70	NA	NA	0.1	failed	early_stop_failed	5150	>46	46.56524580740671	-24	0.11611825701711828
2128	1	0	0	0.1	1	False	0.15	3.0	3.0	70	NA	NA	0.1	failed	early_stop_failed	5550	>46	46.6422126314738	-24	0.12757340546282925
2129	1	0	0	0.1	1	False	0.15	3.0	5.0	70	NA	NA	0.1	failed	early_stop_failed	5300	>46	46.74375138221323	-20	0.09842010115110568
2130	1	0	0	0.1	1	False	0.15	3.5	1.1	70	NA	NA	0.1	failed	early_stop_failed	5100	>46	46.586815396968376	-23	0.10663079117176175
2131	1	0	0	0.1	1	False	0.15	3.5	1.5	70	NA	NA	0.1	failed	early_stop_failed	4500	>46	46.805224916706926	-20	0.10873180317051431
2132	1	0	0	0.1	1	False	0.15	3.5	2.0	70	NA	NA	0.1	failed	early_stop_failed	5450	>46	46.806299916259725	-22	0.12009328237862409
2133	1	0	0	0.1	1	False	0.15	3.5	3.0	70	NA	NA	0.1	failed	early_stop_failed	4750	>46	46.66341747442129	-22	0.12269794947459513
2134	1	0	0	0.1	1	False	0.15	3.5	5.0	70	NA	NA	0.1	failed	early_stop_failed	4900	>46	46.782108565257936	-22	0.09500612516936602
2135	1	0	0	0.1	1	False	0.15	4.0	1.1	70	NA	NA	0.1	failed	early_stop_failed	4800	>46	46.73200894398963	-22	0.12506134424890591
2136	1	0	0	0.1	1	False	0.15	4.0	1.5	70	NA	NA	0.1	failed	early_stop_failed	5100	>46	46.77552408715509	-23	0.11033564369123626
2137	1	0	0	0.1	1	False	0.15	4.0	2.0	70	NA	NA	0.1	failed	early_stop_failed	5250	>46	46.57071143451184	-23	0.12702605277063586
2138	1	0	0	0.1	1	False	0.15	4.0	3.0	70	NA	NA	0.1	failed	early_stop_failed	4750	>46	46.72016143113392	-22	0.13323928891943726
2139	1	0	0	0.1	1	False	0.15	4.0	5.0	70	NA	NA	0.1	failed	early_stop_failed	4700	>46	47.05173784300803	-21	0.10714855172766014
2140	1	0	0	0.1	1	False	0.15	4.5	1.1	70	NA	NA	0.1	failed	early_stop_failed	5250	>46	46.94025774713718	-22	0.10613011827476371
2141	1	0	0	0.1	1	False	0.15	4.5	1.5	70	NA	NA	0.1	failed	early_stop_failed	4650	>46	46.4080454619736	-24	0.13221503964462394
2142	1	0	0	0.1	1	False	0.15	4.5	2.0	70	NA	NA	0.1	failed	early_stop_failed	4900	>46	46.81351467261625	-22	0.11538641633337925
2143	1	0	0	0.1	1	False	0.15	4.5	3.0	70	NA	NA	0.1	failed	early_stop_failed	5000	>46	46.67770999767525	-21	0.12056308937500557
2144	1	0	0	0.1	1	False	0.15	4.5	5.0	70	NA	NA	0.1	failed	early_stop_failed	4500	>46	46.62772355547963	-25	0.09725207381133165
2145	1	0	0	0.1	1	False	0.15	5.0	1.1	70	NA	NA	0.1	failed	early_stop_failed	5000	>46	46.64335899605345	-20	0.10506664582730986
2146	1	0	0	0.1	1	False	0.15	5.0	1.5	70	NA	NA	0.1	failed	early_stop_failed	4150	>46	46.862888801915936	-24	0.09161088234429578
2147	1	0	0	0.1	1	False	0.15	5.0	2.0	70	NA	NA	0.1	failed	early_stop_failed	4700	>46	46.62696707575006	-22	0.14093048680151754
2148	1	0	0	0.1	1	False	0.15	5.0	3.0	70	NA	NA	0.1	failed	early_stop_failed	5200	>46	46.476951733092584	-24	0.16512342159075932
2149	1	0	0	0.1	1	False	0.15	5.0	5.0	70	NA	NA	0.1	failed	early_stop_failed	4350	>46	46.67946357789711	-21	0.12608264864288318
2150	1	0	0	0.1	1	False	0.2	3.0	1.1	70	NA	NA	0.1	failed	early_stop_failed	5000	>46	46.44332697266694	-25	0.11789554577976326
2151	1	0	0	0.1	1	False	0.2	3.0	1.5	70	NA	NA	0.1	failed	early_stop_failed	4600	>46	46.88686379535432	-24	0.08695583264189287
2152	1	0	0	0.1	1	False	0.2	3.0	2.0	70	NA	NA	0.1	failed	early_stop_failed	4750	>46	46.71543452174664	-22	0.11862266648570258
2153	1	0	0	0.1	1	False	0.2	3.0	3.0	70	NA	NA	0.1	failed	early_stop_failed	4650	>46	46.79161464024791	-23	0.11602164163235912
2154	1	0	0	0.1	1	False	0.2	3.0	5.0	70	NA	NA	0.1	failed	early_stop_failed	4800	>46	46.66671865937644	-22	0.11516404046683254
2155	1	0	0	0.1	1	False	0.2	3.5	1.1	70	NA	NA	0.1	failed	early_stop_failed	4900	>46	46.810701874796024	-21	0.12428206415858295
2156	1	0	0	0.1	1	False	0.2	3.5	1.5	70	NA	NA	0.1	failed	early_stop_failed	4950	>46	46.59498911856758	-24	0.12263276619066522
2157	1	0	0	0.1	1	False	0.2	3.5	2.0	70	NA	NA	0.1	failed	early_stop_failed	5350	>46	46.54114777001686	-23	0.12299140227575511
2158	1	0	0	0.1	1	False	0.2	3.5	3.0	70	NA	NA	0.1	failed	early_stop_failed	5100	>46	46.57028192019698	-22	0.12542874833339368
2159	1	0	0	0.1	1	False	0.2	3.5	5.0	70	NA	NA	0.1	failed	early_stop_failed	5100	>46	46.61239185897547	-23	0.1306687976078381
2160	1	0	0	0.1	1	False	0.2	4.0	1.1	70	NA	NA	0.1	failed	early_stop_failed	5250	>46	46.80706623175848	-23	0.12144948935707178
2161	1	0	0	0.1	1	False	0.2	4.0	1.5	70	NA	NA	0.1	failed	early_stop_failed	4000	>46	47.0752615253455	-26	0.08243371204844259
2162	1	0	0	0.1	1	False	0.2	4.0	2.0	70	NA	NA	0.1	failed	early_stop_failed	5300	>46	46.526855285399094	-23	0.11924509819838304
2163	1	0	0	0.1	1	False	0.2	4.0	3.0	70	NA	NA	0.1	failed	early_stop_failed	4850	>46	46.548314722865975	-23	0.11981962378785217
2164	1	0	0	0.1	1	False	0.2	4.0	5.0	70	NA	NA	0.1	failed	early_stop_failed	5200	>46	46.726261715071416	-23	0.1408065143644807
2165	1	0	0	0.1	1	False	0.2	4.5	1.1	70	NA	NA	0.1	failed	early_stop_failed	5150	>46	46.60348250766085	-23	0.1180412572619142
2166	1	0	0	0.1	1	False	0.2	4.5	1.5	70	NA	NA	0.1	failed	early_stop_failed	5450	>46	46.44969374476595	-24	0.13667085383717345
2167	1	0	0	0.1	1	False	0.2	4.5	2.0	70	NA	NA	0.1	failed	early_stop_failed	4800	>46	46.635470423119365	-25	0.09664132233292799
2168	1	0	0	0.1	1	False	0.2	4.5	3.0	70	NA	NA	0.1	failed	early_stop_failed	4950	>46	46.706028831690155	-22	0.12006067852433139
2169	1	0	0	0.1	1	False	0.2	4.5	5.0	70	NA	NA	0.1	failed	early_stop_failed	4650	>46	46.733880925081046	-24	0.11425564806367138
2170	1	0	0	0.1	1	False	0.2	5.0	1.1	70	NA	NA	0.1	failed	early_stop_failed	4700	>46	46.57092205426752	-23	0.1296928686191794
2171	1	0	0	0.1	1	False	0.2	5.0	1.5	70	NA	NA	0.1	failed	early_stop_failed	5500	>46	46.57658515531405	-23	0.14348489304247883
2172	1	0	0	0.1	1	False	0.2	5.0	2.0	70	NA	NA	0.1	failed	early_stop_failed	4550	>46	46.60009763024523	-22	0.11141270046548905
2173	1	0	0	0.1	1	False	0.2	5.0	3.0	70	NA	NA	0.1	failed	early_stop_failed	4400	>46	46.7901130118649	-22	0.1093902877365985
2174	1	0	0	0.1	1	False	0.2	5.0	5.0	70	NA	NA	0.1	failed	early_stop_failed	4500	>46	46.55144135949403	-21	0.13044457440933171
2175	1	0	0	0.1	1	False	0.25	3.0	1.1	70	NA	NA	0.1	extinct	population_extinct	100000	NA	NA	NA	NA
2176	1	0	0	0.1	1	False	0.25	3.0	1.5	70	NA	NA	0.1	failed	early_stop_failed	4900	>46	46.529302003932266	-23	0.106637772347541
2177	1	0	0	0.1	1	False	0.25	3.0	2.0	70	NA	NA	0.1	failed	early_stop_failed	4950	>46	46.565083263281835	-25	0.11205613360097516
2178	1	0	0	0.1	1	False	0.25	3.0	3.0	70	NA	NA	0.1	failed	early_stop_failed	4800	>46	46.69347736640086	-21	0.13403961642835377
2179	1	0	0	0.1	1	False	0.25	3.0	5.0	70	NA	NA	0.1	failed	early_stop_failed	4900	>46	46.75295313062431	-23	0.1047342700301647
2180	1	0	0	0.1	1	False	0.25	3.5	1.1	70	NA	NA	0.1	failed	early_stop_failed	4650	>46	46.64771523543982	-23	0.10242646277690164
2181	1	0	0	0.1	1	False	0.25	3.5	1.5	70	NA	NA	0.1	failed	early_stop_failed	4850	>46	46.7345615988364	-22	0.10450079028465313
2182	1	0	0	0.1	1	False	0.25	3.5	2.0	70	NA	NA	0.1	failed	early_stop_failed	5800	>46	46.617796358321925	-24	0.13969442145097843
2183	1	0	0	0.1	1	False	0.25	3.5	3.0	70	NA	NA	0.1	failed	early_stop_failed	5100	>46	46.981380987386935	-20	0.09930051228678263
2184	1	0	0	0.1	1	False	0.25	3.5	5.0	70	NA	NA	0.1	failed	early_stop_failed	5350	>46	46.60724806465433	-23	0.10919636643130719
2185	1	0	0	0.1	1	False	0.25	4.0	1.1	70	NA	NA	0.1	failed	early_stop_failed	5200	>46	46.59479909006214	-23	0.1147272707654743
2186	1	0	0	0.1	1	False	0.25	4.0	1.5	70	NA	NA	0.1	failed	early_stop_failed	5150	>46	46.40034224062156	-23	0.13678170621146632
2187	1	0	0	0.1	1	False	0.25	4.0	2.0	70	NA	NA	0.1	failed	early_stop_failed	4900	>46	46.74976116734079	-22	0.11477635012081555
2188	1	0	0	0.1	1	False	0.25	4.0	3.0	70	NA	NA	0.1	failed	early_stop_failed	5200	>46	46.65796393970534	-25	0.1265914189285518
2189	1	0	0	0.1	1	False	0.25	4.0	5.0	70	NA	NA	0.1	failed	early_stop_failed	5000	>46	46.52154166460168	-22	0.12828676581253157
2190	1	0	0	0.1	1	False	0.25	4.5	1.1	70	NA	NA	0.1	failed	early_stop_failed	4600	>46	46.55638689863855	-22	0.1249826571354313
2191	1	0	0	0.1	1	False	0.25	4.5	1.5	70	NA	NA	0.1	failed	early_stop_failed	4900	>46	46.473654997039105	-24	0.1370131458505278
2192	1	0	0	0.1	1	False	0.25	4.5	2.0	70	NA	NA	0.1	failed	early_stop_failed	5300	>46	46.60118598677931	-21	0.11669750315705477
2193	1	0	0	0.1	1	False	0.25	4.5	3.0	70	NA	NA	0.1	failed	early_stop_failed	4800	>46	46.491070062969285	-22	0.12717158375293486
2194	1	0	0	0.1	1	False	0.25	4.5	5.0	70	NA	NA	0.1	failed	early_stop_failed	4700	>46	46.756089025714125	-22	0.11813327191801944
2195	1	0	0	0.1	1	False	0.25	5.0	1.1	70	NA	NA	0.1	failed	early_stop_failed	4300	>46	46.67309047945457	-20	0.11444213933873952
2196	1	0	0	0.1	1	False	0.25	5.0	1.5	70	NA	NA	0.1	failed	early_stop_failed	4650	>46	46.649434183185605	-23	0.11191749180279563
2197	1	0	0	0.1	1	False	0.25	5.0	2.0	70	NA	NA	0.1	failed	early_stop_failed	4800	>46	46.84190556287078	-22	0.1007142255076144
2198	1	0	0	0.1	1	False	0.25	5.0	3.0	70	NA	NA	0.1	failed	early_stop_failed	4750	>46	46.423007798847976	-24	0.13544231500019907
2199	1	0	0	0.1	1	False	0.25	5.0	5.0	70	NA	NA	0.1	failed	early_stop_failed	4450	>46	46.85250184185758	-22	0.1153740354132904
2200	1	0	0	0.1	1	False	0.3	3.0	1.1	70	NA	NA	0.1	extinct	population_extinct	100000	NA	NA	NA	NA
2201	1	0	0	0.1	1	False	0.3	3.0	1.5	70	NA	NA	0.1	failed	early_stop_failed	4850	>46	46.56269151788257	-24	0.1340341336851326
2202	1	0	0	0.1	1	False	0.3	3.0	2.0	70	NA	NA	0.1	failed	early_stop_failed	4850	>46	46.74910309849706	-21	0.12537227308134757
2203	1	0	0	0.1	1	False	0.3	3.0	3.0	70	NA	NA	0.1	failed	early_stop_failed	5100	>46	46.64341547067137	-23	0.134632468301082
2204	1	0	0	0.1	1	False	0.3	3.0	5.0	70	NA	NA	0.1	failed	early_stop_failed	5250	>46	46.510366114572754	-24	0.1310776611606868
2205	1	0	0	0.1	1	False	0.3	3.5	1.1	70	NA	NA	0.1	succeed	early_stop_succeed	2300	40.9248530868297	41.07742651509645	-29	0.23290833818817167
2206	1	0	0	0.1	1	False	0.3	3.5	1.5	70	NA	NA	0.1	failed	early_stop_failed	4700	>46	46.753697299873366	-22	0.13410309132985934
2207	1	0	0	0.1	1	False	0.3	3.5	2.0	70	NA	NA	0.1	failed	early_stop_failed	5050	>46	46.78711120768216	-24	0.11705432535904815
2208	1	0	0	0.1	1	False	0.3	3.5	3.0	70	NA	NA	0.1	failed	early_stop_failed	4650	>46	46.40995968571563	-22	0.11275224299340036
2209	1	0	0	0.1	1	False	0.3	3.5	5.0	70	NA	NA	0.1	failed	early_stop_failed	5300	>46	46.67130946740963	-24	0.0956112376366828
2210	1	0	0	0.1	1	False	0.3	4.0	1.1	70	NA	NA	0.1	failed	early_stop_failed	4200	>46	46.94275661559575	-21	0.09231320603760937
2211	1	0	0	0.1	1	False	0.3	4.0	1.5	70	NA	NA	0.1	failed	early_stop_failed	4550	>46	46.79852912895638	-25	0.09621284951835074
2212	1	0	0	0.1	1	False	0.3	4.0	2.0	70	NA	NA	0.1	failed	early_stop_failed	5100	>46	46.51746341920971	-22	0.12450029706848166
2213	1	0	0	0.1	1	False	0.3	4.0	3.0	70	NA	NA	0.1	failed	early_stop_failed	4900	>46	46.666324807110385	-23	0.10796124938828042
2214	1	0	0	0.1	1	False	0.3	4.0	5.0	70	NA	NA	0.1	failed	early_stop_failed	5700	>46	46.491101890041435	-23	0.13203465428721567
2215	1	0	0	0.1	1	False	0.3	4.5	1.1	70	NA	NA	0.1	failed	early_stop_failed	5100	>46	46.77482345994035	-21	0.13088547061022868
2216	1	0	0	0.1	1	False	0.3	4.5	1.5	70	NA	NA	0.1	failed	early_stop_failed	5050	>46	46.50744092954068	-24	0.1301029132939638
2217	1	0	0	0.1	1	False	0.3	4.5	2.0	70	NA	NA	0.1	failed	early_stop_failed	4950	>46	46.52518882860706	-23	0.1217776644933723
2218	1	0	0	0.1	1	False	0.3	4.5	3.0	70	NA	NA	0.1	failed	early_stop_failed	5150	>46	46.639815817555785	-23	0.117483087243336
2219	1	0	0	0.1	1	False	0.3	4.5	5.0	70	NA	NA	0.1	failed	early_stop_failed	4450	>46	46.82068608452799	-23	0.10766671022698221
2220	1	0	0	0.1	1	False	0.3	5.0	1.1	70	NA	NA	0.1	failed	early_stop_failed	5550	>46	46.45552669761233	-22	0.13171893848263502
2221	1	0	0	0.1	1	False	0.3	5.0	1.5	70	NA	NA	0.1	failed	early_stop_failed	5400	>46	46.712943425831384	-22	0.11050895503091875
2222	1	0	0	0.1	1	False	0.3	5.0	2.0	70	NA	NA	0.1	failed	early_stop_failed	4800	>46	47.066797876337745	-23	0.10553435503425654
2223	1	0	0	0.1	1	False	0.3	5.0	3.0	70	NA	NA	0.1	failed	early_stop_failed	4650	>46	46.79944363900419	-22	0.12097344586623628
2224	1	0	0	0.1	1	False	0.3	5.0	5.0	70	NA	NA	0.1	failed	early_stop_failed	5350	>46	46.59235188350155	-23	0.13959851737004508
2225	1	0	0	0.1	1	False	0.35	3.0	1.1	70	NA	NA	0.1	extinct	population_extinct	100000	NA	NA	NA	NA
2226	1	0	0	0.1	1	False	0.35	3.0	1.5	70	NA	NA	0.1	failed	early_stop_failed	5450	>46	46.367857226406095	-23	0.16279036411795658
2227	1	0	0	0.1	1	False	0.35	3.0	2.0	70	NA	NA	0.1	failed	early_stop_failed	4550	>46	46.68734527659969	-21	0.13767260766830117
2228	1	0	0	0.1	1	False	0.35	3.0	3.0	70	NA	NA	0.1	failed	early_stop_failed	4900	>46	46.82815753919141	-22	0.15406626238268137
2229	1	0	0	0.1	1	False	0.35	3.0	5.0	70	NA	NA	0.1	failed	early_stop_failed	4350	>46	46.826874789603025	-21	0.1340607484577931
2230	1	0	0	0.1	1	False	0.35	3.5	1.1	70	NA	NA	0.1	extinct	population_extinct	100000	NA	42.32035045745	NA	NA
2231	1	0	0	0.1	1	False	0.35	3.5	1.5	70	NA	NA	0.1	failed	early_stop_failed	4900	>46	46.528491272717424	-23	0.1359337022114772
2232	1	0	0	0.1	1	False	0.35	3.5	2.0	70	NA	NA	0.1	failed	early_stop_failed	5450	>46	46.57883028896723	-21	0.1168403744554655
2233	1	0	0	0.1	1	False	0.35	3.5	3.0	70	NA	NA	0.1	failed	early_stop_failed	5650	>46	46.59799579063723	-24	0.1229512258923636
2234	1	0	0	0.1	1	False	0.35	3.5	5.0	70	NA	NA	0.1	failed	early_stop_failed	4950	>46	46.61649164189173	-22	0.13565700791236998
2235	1	0	0	0.1	1	False	0.35	4.0	1.1	70	NA	NA	0.1	failed	early_stop_failed	4350	>46	47.03397132154051	-25	0.10090999522853572
2236	1	0	0	0.1	1	False	0.35	4.0	1.5	70	NA	NA	0.1	failed	early_stop_failed	5400	>46	46.67071353012984	-23	0.11471497747687985
2237	1	0	0	0.1	1	False	0.35	4.0	2.0	70	NA	NA	0.1	failed	early_stop_failed	5600	>46	46.926420842550684	-20	0.10225100427884083
2238	1	0	0	0.1	1	False	0.35	4.0	3.0	70	NA	NA	0.1	failed	early_stop_failed	5250	>46	46.89773856644817	-22	0.10710562724868815
2239	1	0	0	0.1	1	False	0.35	4.0	5.0	70	NA	NA	0.1	failed	early_stop_failed	4500	>46	46.841611295606604	-22	0.10686160673227924
2240	1	0	0	0.1	1	False	0.35	4.5	1.1	70	NA	NA	0.1	failed	early_stop_failed	4350	>46	47.31565622483748	-25	0.08445324320721627
2241	1	0	0	0.1	1	False	0.35	4.5	1.5	70	NA	NA	0.1	failed	early_stop_failed	5050	>46	46.575978433859405	-24	0.13348262925159357
2242	1	0	0	0.1	1	False	0.35	4.5	2.0	70	NA	NA	0.1	failed	early_stop_failed	4700	>46	46.704845169777634	-25	0.11112902918897216
2243	1	0	0	0.1	1	False	0.35	4.5	3.0	70	NA	NA	0.1	failed	early_stop_failed	5000	>46	46.52639289058857	-23	0.14529523103880568
2244	1	0	0	0.1	1	False	0.35	4.5	5.0	70	NA	NA	0.1	failed	early_stop_failed	4850	>46	46.552739439597325	-21	0.1380777154450756
2245	1	0	0	0.1	1	False	0.35	5.0	1.1	70	NA	NA	0.1	failed	early_stop_failed	4900	>46	46.75996154961353	-20	0.11322526107752955
2246	1	0	0	0.1	1	False	0.35	5.0	1.5	70	NA	NA	0.1	failed	early_stop_failed	5050	>46	46.82254760612878	-23	0.10079725718650258
2247	1	0	0	0.1	1	False	0.35	5.0	2.0	70	NA	NA	0.1	failed	early_stop_failed	4850	>46	46.628158514987994	-22	0.14343826954465938
2248	1	0	0	0.1	1	False	0.35	5.0	3.0	70	NA	NA	0.1	failed	early_stop_failed	4150	>46	46.739571918293734	-24	0.10200010859559365
2249	1	0	0	0.1	1	False	0.35	5.0	5.0	70	NA	NA	0.1	failed	early_stop_failed	4550	>46	46.39409625280042	-22	0.13693604021470185
2250	1	1	1	0.1	0	False	0.15	3.0	1.1	70	0.008	28.0	NA	extinct	population_extinct	100000	NA	40.286283343426206	NA	NA
2251	1	1	1	0.1	0	False	0.15	3.0	1.5	70	0.008	28.0	NA	succeed	early_stop_succeed	2000	40.083718396520815	40.04134274086595	-30	0.22469437983157367
2252	1	1	1	0.1	0	False	0.15	3.0	2.0	70	0.008	28.0	NA	succeed	early_stop_succeed	2900	40.56917369225444	40.53132109959552	-30	0.17679673703041876
2253	1	1	1	0.1	0	False	0.15	3.0	3.0	70	0.008	28.0	NA	succeed	early_stop_succeed	2650	40.469779555244166	40.47610665496484	-30	0.19944745331121636
2254	1	1	1	0.1	0	False	0.15	3.0	5.0	70	0.008	28.0	NA	succeed	early_stop_succeed	3100	40.65664865672579	40.68385904006222	-30	0.20503302223790532
2255	1	1	1	0.1	0	False	0.15	3.5	1.1	70	0.008	28.0	NA	succeed	early_stop_succeed	2250	40.03865825447529	40.05264960274892	-30	0.23401010373731204
2256	1	1	1	0.1	0	False	0.15	3.5	1.5	70	0.008	28.0	NA	succeed	early_stop_succeed	2050	40.27459869848727	40.29074889279369	-30	0.2419689838286873
2257	1	1	1	0.1	0	False	0.15	3.5	2.0	70	0.008	28.0	NA	succeed	early_stop_succeed	5100	41.16303877589173	41.18822018900144	-28	0.14405286649464555
2258	1	1	1	0.1	0	False	0.15	3.5	3.0	70	0.008	28.0	NA	succeed	early_stop_succeed	2200	40.413594854482014	40.398503328093156	-30	0.22237670343628504
2259	1	1	1	0.1	0	False	0.15	3.5	5.0	70	0.008	28.0	NA	succeed	early_stop_succeed	4150	41.43455337206898	41.43332885786549	-29	0.1650469680547197
2260	1	1	1	0.1	0	False	0.15	4.0	1.1	70	0.008	28.0	NA	succeed	early_stop_succeed	2000	40.20230796155679	40.17720282661746	-30	0.23784856234364454
2261	1	1	1	0.1	0	False	0.15	4.0	1.5	70	0.008	28.0	NA	succeed	early_stop_succeed	2000	40.16054610903334	40.16125267463185	-30	0.2805306160913315
2262	1	1	1	0.1	0	False	0.15	4.0	2.0	70	0.008	28.0	NA	succeed	early_stop_succeed	4000	41.32181455830392	41.32150103007071	-29	0.17952513755062965
2263	1	1	1	0.1	0	False	0.15	4.0	3.0	70	0.008	28.0	NA	succeed	early_stop_succeed	2700	40.6941684226243	40.659745798470965	-30	0.17807685690875352
2264	1	1	1	0.1	0	False	0.15	4.0	5.0	70	0.008	28.0	NA	succeed	early_stop_succeed	3350	41.49895080833928	41.496303858218305	-28	0.15355257407507256
2265	1	1	1	0.1	0	False	0.15	4.5	1.1	70	0.008	28.0	NA	succeed	early_stop_succeed	2150	40.179444313589485	40.17034205736779	-30	0.22730439088588134
2266	1	1	1	0.1	0	False	0.15	4.5	1.5	70	0.008	28.0	NA	succeed	early_stop_succeed	3150	40.874848364726994	40.88064378371114	-28	0.1689399326649365
2267	1	1	1	0.1	0	False	0.15	4.5	2.0	70	0.008	28.0	NA	succeed	early_stop_succeed	2000	40.37227878910574	40.36695616109841	-30	0.24741458468914274
2268	1	1	1	0.1	0	False	0.15	4.5	3.0	70	0.008	28.0	NA	succeed	early_stop_succeed	5400	42.50513414573962	42.532397938332444	-28	0.16283103676445296
2269	1	1	1	0.1	0	False	0.15	4.5	5.0	70	0.008	28.0	NA	succeed	early_stop_succeed	5500	42.93218868097432	42.93313385352735	-27	0.12796865432960616
2270	1	1	1	0.1	0	False	0.15	5.0	1.1	70	0.008	28.0	NA	succeed	early_stop_succeed	4600	41.296532796212944	41.32106019771302	-29	0.15893922442788955
2271	1	1	1	0.1	0	False	0.15	5.0	1.5	70	0.008	28.0	NA	succeed	early_stop_succeed	2850	40.897450643027945	40.89786956627351	-29	0.1560776622698821
2272	1	1	1	0.1	0	False	0.15	5.0	2.0	70	0.008	28.0	NA	succeed	early_stop_succeed	6350	43.19327267432227	43.21958072976363	-27	0.1273250105253349
2273	1	1	1	0.1	0	False	0.15	5.0	3.0	70	0.008	28.0	NA	succeed	early_stop_succeed	4100	41.89322942770004	41.86880416471506	-28	0.13443707216181247
2274	1	1	1	0.1	0	False	0.15	5.0	5.0	70	0.008	28.0	NA	succeed	early_stop_succeed	6950	44.108895983050076	44.13087246971778	-24	0.09860885144982212
2275	1	1	1	0.1	0	False	0.2	3.0	1.1	70	0.008	28.0	NA	extinct	population_extinct	100000	NA	NA	NA	NA
2276	1	1	1	0.1	0	False	0.2	3.0	1.5	70	0.008	28.0	NA	extinct	population_extinct	100000	NA	39.873308272870446	NA	NA
2277	1	1	1	0.1	0	False	0.2	3.0	2.0	70	0.008	28.0	NA	succeed	early_stop_succeed	2000	40.205193945388054	40.21475288861907	-30	0.2500481783016894
2278	1	1	1	0.1	0	False	0.2	3.0	3.0	70	0.008	28.0	NA	succeed	early_stop_succeed	2150	40.25914106000298	40.262114228281256	-30	0.2008665966555632
2279	1	1	1	0.1	0	False	0.2	3.0	5.0	70	0.008	28.0	NA	succeed	early_stop_succeed	2400	40.17899970820119	40.18728986296517	-30	0.23855751012897383
2280	1	1	1	0.1	0	False	0.2	3.5	1.1	70	0.008	28.0	NA	extinct	population_extinct	100000	NA	NA	NA	NA
2281	1	1	1	0.1	0	False	0.2	3.5	1.5	70	0.008	28.0	NA	succeed	early_stop_succeed	2000	40.24089656894637	40.22039107559936	-30	0.21420249959336723
2282	1	1	1	0.1	0	False	0.2	3.5	2.0	70	0.008	28.0	NA	succeed	early_stop_succeed	2050	40.19728305987871	40.19601489624385	-30	0.26492303796552397
2283	1	1	1	0.1	0	False	0.2	3.5	3.0	70	0.008	28.0	NA	succeed	early_stop_succeed	2650	40.29322609884242	40.29710343389215	-30	0.2183164395380034
2284	1	1	1	0.1	0	False	0.2	3.5	5.0	70	0.008	28.0	NA	succeed	early_stop_succeed	4350	41.58023710352405	41.5989374330182	-28	0.1430431881108803
2285	1	1	1	0.1	0	False	0.2	4.0	1.1	70	0.008	28.0	NA	succeed	early_stop_succeed	2000	40.121444038966715	40.091731193582284	-30	0.23329594930033984
2286	1	1	1	0.1	0	False	0.2	4.0	1.5	70	0.008	28.0	NA	succeed	early_stop_succeed	2250	40.079538540033724	40.03613211102702	-30	0.21820929975713582
2287	1	1	1	0.1	0	False	0.2	4.0	2.0	70	0.008	28.0	NA	succeed	early_stop_succeed	2250	40.434424368052696	40.442675186740814	-30	0.22680623716734086
2288	1	1	1	0.1	0	False	0.2	4.0	3.0	70	0.008	28.0	NA	succeed	early_stop_succeed	3100	40.857460619288766	40.863639630683465	-30	0.1624711955325294
2289	1	1	1	0.1	0	False	0.2	4.0	5.0	70	0.008	28.0	NA	succeed	early_stop_succeed	7750	43.456827905536976	43.46492179045468	-27	0.12192773159232984
2290	1	1	1	0.1	0	False	0.2	4.5	1.1	70	0.008	28.0	NA	succeed	early_stop_succeed	2000	40.19049852826369	40.18397636788467	-30	0.24839743257762376
2291	1	1	1	0.1	0	False	0.2	4.5	1.5	70	0.008	28.0	NA	succeed	early_stop_succeed	2250	40.54846202993069	40.52039654566854	-30	0.23193709054545475
2292	1	1	1	0.1	0	False	0.2	4.5	2.0	70	0.008	28.0	NA	succeed	early_stop_succeed	7600	43.014139194921974	43.08889388336527	-26	0.11923109567750892
2293	1	1	1	0.1	0	False	0.2	4.5	3.0	70	0.008	28.0	NA	succeed	early_stop_succeed	4200	41.744213127183464	41.73945136625444	-28	0.1592608665244189
2294	1	1	1	0.1	0	False	0.2	4.5	5.0	70	0.008	28.0	NA	succeed	early_stop_succeed	6600	43.43193317406986	43.44926024930866	-27	0.13464332836010232
2295	1	1	1	0.1	0	False	0.2	5.0	1.1	70	0.008	28.0	NA	succeed	early_stop_succeed	2950	40.6198119350287	40.62920312784312	-30	0.1687720923144915
2296	1	1	1	0.1	0	False	0.2	5.0	1.5	70	0.008	28.0	NA	succeed	early_stop_succeed	4600	41.679509276087984	41.667035094436855	-28	0.15615257568389473
2297	1	1	1	0.1	0	False	0.2	5.0	2.0	70	0.008	28.0	NA	succeed	early_stop_succeed	7300	43.741132439871045	43.75451649634798	-25	0.12132608575071306
2298	1	1	1	0.1	0	False	0.2	5.0	3.0	70	0.008	28.0	NA	succeed	early_stop_succeed	6250	43.100431640578364	43.127864277777235	-26	0.15699895528288757
2299	1	1	1	0.1	0	False	0.2	5.0	5.0	70	0.008	28.0	NA	succeed	early_stop_succeed	6800	43.608100413294885	43.64124990794883	-26	0.13795113543488946
2300	1	1	1	0.1	0	False	0.25	3.0	1.1	70	0.008	28.0	NA	extinct	population_extinct	100000	NA	NA	NA	NA
2301	1	1	1	0.1	0	False	0.25	3.0	1.5	70	0.008	28.0	NA	extinct	population_extinct	100000	NA	NA	NA	NA
2302	1	1	1	0.1	0	False	0.25	3.0	2.0	70	0.008	28.0	NA	succeed	early_stop_succeed	2050	39.927162960694346	39.934751229271406	-30	0.24175586586084807
2303	1	1	1	0.1	0	False	0.25	3.0	3.0	70	0.008	28.0	NA	succeed	early_stop_succeed	3700	40.9140166389965	40.96758970434978	-30	0.1441694702858395
2304	1	1	1	0.1	0	False	0.25	3.0	5.0	70	0.008	28.0	NA	succeed	early_stop_succeed	2000	39.98045139155724	39.986091870121385	-30	0.2473367242622918
2305	1	1	1	0.1	0	False	0.25	3.5	1.1	70	0.008	28.0	NA	extinct	population_extinct	100000	NA	NA	NA	NA
2306	1	1	1	0.1	0	False	0.25	3.5	1.5	70	0.008	28.0	NA	succeed	early_stop_succeed	2000	40.050006924962716	40.062477148956695	-30	0.2587422960474896
2307	1	1	1	0.1	0	False	0.25	3.5	2.0	70	0.008	28.0	NA	succeed	early_stop_succeed	2550	40.320986019027785	40.31293122279835	-30	0.1898494165925594
2308	1	1	1	0.1	0	False	0.25	3.5	3.0	70	0.008	28.0	NA	succeed	early_stop_succeed	5350	41.851196490622925	41.86946744600839	-28	0.12512504621280937
2309	1	1	1	0.1	0	False	0.25	3.5	5.0	70	0.008	28.0	NA	succeed	early_stop_succeed	2250	40.46943657396316	40.46953110151627	-30	0.22746171653709102
2310	1	1	1	0.1	0	False	0.25	4.0	1.1	70	0.008	28.0	NA	succeed	early_stop_succeed	2450	39.92644594182287	39.98820179963548	-30	0.23280330858922732
2311	1	1	1	0.1	0	False	0.25	4.0	1.5	70	0.008	28.0	NA	succeed	early_stop_succeed	2250	40.163599542852396	40.169751535826	-30	0.22993217980073521
2312	1	1	1	0.1	0	False	0.25	4.0	2.0	70	0.008	28.0	NA	succeed	early_stop_succeed	2000	40.33150173177339	40.31168348494842	-30	0.24610637559604204
2313	1	1	1	0.1	0	False	0.25	4.0	3.0	70	0.008	28.0	NA	succeed	early_stop_succeed	2150	40.38469107031518	40.390503785558884	-30	0.2355321954858333
2314	1	1	1	0.1	0	False	0.25	4.0	5.0	70	0.008	28.0	NA	succeed	early_stop_succeed	5550	42.04353086847433	42.05344593756176	-28	0.12624626287916954
2315	1	1	1	0.1	0	False	0.25	4.5	1.1	70	0.008	28.0	NA	succeed	early_stop_succeed	2050	40.1893738832403	40.16629389284899	-30	0.27184399861859804
2316	1	1	1	0.1	0	False	0.25	4.5	1.5	70	0.008	28.0	NA	succeed	early_stop_succeed	4600	41.19195899873564	41.24233329007859	-30	0.1307705041541627
2317	1	1	1	0.1	0	False	0.25	4.5	2.0	70	0.008	28.0	NA	succeed	early_stop_succeed	4000	41.26866835205201	41.25112776721163	-30	0.1518773784880415
2318	1	1	1	0.1	0	False	0.25	4.5	3.0	70	0.008	28.0	NA	succeed	early_stop_succeed	5300	42.6683767833049	42.72954657196718	-27	0.15658396072120062
2319	1	1	1	0.1	0	False	0.25	4.5	5.0	70	0.008	28.0	NA	succeed	early_stop_succeed	4400	42.15969626636178	42.129794637837364	-28	0.15362734374807466
2320	1	1	1	0.1	0	False	0.25	5.0	1.1	70	0.008	28.0	NA	succeed	early_stop_succeed	2100	40.35301257785181	40.339873067486145	-30	0.23343497922762754
2321	1	1	1	0.1	0	False	0.25	5.0	1.5	70	0.008	28.0	NA	succeed	early_stop_succeed	4550	41.42988626821587	41.447347833007186	-29	0.1468016726420222
2322	1	1	1	0.1	0	False	0.25	5.0	2.0	70	0.008	28.0	NA	succeed	early_stop_succeed	5700	42.69436449321136	42.674198075944005	-29	0.11824959069599755
2323	1	1	1	0.1	0	False	0.25	5.0	3.0	70	0.008	28.0	NA	succeed	early_stop_succeed	6200	43.249286446597424	43.23095672789943	-28	0.15710635239631165
2324	1	1	1	0.1	0	False	0.25	5.0	5.0	70	0.008	28.0	NA	succeed	early_stop_succeed	8500	44.83555135238469	44.83993158893735	-25	0.11580086758458819
2325	1	1	1	0.1	0	False	0.3	3.0	1.1	70	0.008	28.0	NA	extinct	population_extinct	100000	NA	NA	NA	NA
2326	1	1	1	0.1	0	False	0.3	3.0	1.5	70	0.008	28.0	NA	extinct	population_extinct	100000	NA	NA	NA	NA
2327	1	1	1	0.1	0	False	0.3	3.0	2.0	70	0.008	28.0	NA	extinct	population_extinct	100000	NA	39.54349823430374	NA	NA
2328	1	1	1	0.1	0	False	0.3	3.0	3.0	70	0.008	28.0	NA	succeed	early_stop_succeed	2000	40.14402126859856	40.13214449332737	-30	0.25641133094297885
2329	1	1	1	0.1	0	False	0.3	3.0	5.0	70	0.008	28.0	NA	succeed	early_stop_succeed	2000	39.964532705210104	39.93339146667392	-30	0.2480470923663912
2330	1	1	1	0.1	0	False	0.3	3.5	1.1	70	0.008	28.0	NA	extinct	population_extinct	100000	NA	NA	NA	NA
2331	1	1	1	0.1	0	False	0.3	3.5	1.5	70	0.008	28.0	NA	extinct	population_extinct	100000	NA	39.66714009547072	NA	NA
2332	1	1	1	0.1	0	False	0.3	3.5	2.0	70	0.008	28.0	NA	succeed	early_stop_succeed	2000	39.930832643849996	39.935191342224016	-30	0.26467934582978253
2333	1	1	1	0.1	0	False	0.3	3.5	3.0	70	0.008	28.0	NA	succeed	early_stop_succeed	2000	40.10148212138652	40.14213848562214	-30	0.23407359826749322
2334	1	1	1	0.1	0	False	0.3	3.5	5.0	70	0.008	28.0	NA	succeed	early_stop_succeed	3050	40.79795045704382	40.765837054024935	-30	0.1721104273288963
2335	1	1	1	0.1	0	False	0.3	4.0	1.1	70	0.008	28.0	NA	extinct	population_extinct	100000	NA	NA	NA	NA
2336	1	1	1	0.1	0	False	0.3	4.0	1.5	70	0.008	28.0	NA	succeed	early_stop_succeed	2100	40.112996778382865	40.11221034031192	-30	0.24742392358862206
2337	1	1	1	0.1	0	False	0.3	4.0	2.0	70	0.008	28.0	NA	succeed	early_stop_succeed	2000	40.02937834800107	40.06432487973386	-30	0.2630411382627828
2338	1	1	1	0.1	0	False	0.3	4.0	3.0	70	0.008	28.0	NA	succeed	early_stop_succeed	2750	40.682281936795	40.68497012896857	-30	0.1824442219438235
2339	1	1	1	0.1	0	False	0.3	4.0	5.0	70	0.008	28.0	NA	succeed	early_stop_succeed	5850	42.44901099736944	42.466111294140795	-29	0.12728097582155118
2340	1	1	1	0.1	0	False	0.3	4.5	1.1	70	0.008	28.0	NA	succeed	early_stop_succeed	2150	40.18994421103588	40.18350369160691	-30	0.20585445591499021
2341	1	1	1	0.1	0	False	0.3	4.5	1.5	70	0.008	28.0	NA	succeed	early_stop_succeed	2000	40.18425886671318	40.19380419761886	-30	0.2299979587041807
2342	1	1	1	0.1	0	False	0.3	4.5	2.0	70	0.008	28.0	NA	succeed	early_stop_succeed	5050	41.360338040054806	41.40292384286925	-28	0.1322110824594057
2343	1	1	1	0.1	0	False	0.3	4.5	3.0	70	0.008	28.0	NA	succeed	early_stop_succeed	7750	43.865926736232815	43.86890720362013	-25	0.10917806955991036
2344	1	1	1	0.1	0	False	0.3	4.5	5.0	70	0.008	28.0	NA	succeed	early_stop_succeed	8500	44.05613108429118	44.040229933788474	-27	0.11516458699048983
2345	1	1	1	0.1	0	False	0.3	5.0	1.1	70	0.008	28.0	NA	succeed	early_stop_succeed	2100	40.2054115335094	40.19315910909653	-30	0.2474311431782521
2346	1	1	1	0.1	0	False	0.3	5.0	1.5	70	0.008	28.0	NA	succeed	early_stop_succeed	2550	40.503505553576005	40.51175934580826	-30	0.19441787410512937
2347	1	1	1	0.1	0	False	0.3	5.0	2.0	70	0.008	28.0	NA	succeed	early_stop_succeed	4700	41.72552439131855	41.734415639763405	-29	0.13791139150266332
2348	1	1	1	0.1	0	False	0.3	5.0	3.0	70	0.008	28.0	NA	succeed	early_stop_succeed	5000	42.47652059280174	42.50033535816737	-28	0.13620035773744024
2349	1	1	1	0.1	0	False	0.3	5.0	5.0	70	0.008	28.0	NA	succeed	early_stop_succeed	6050	43.51991602380506	43.50487199142286	-28	0.11698802309219047
2350	1	1	1	0.1	0	False	0.35	3.0	1.1	70	0.008	28.0	NA	extinct	population_extinct	100000	NA	NA	NA	NA
2351	1	1	1	0.1	0	False	0.35	3.0	1.5	70	0.008	28.0	NA	extinct	population_extinct	100000	NA	NA	NA	NA
2352	1	1	1	0.1	0	False	0.35	3.0	2.0	70	0.008	28.0	NA	extinct	population_extinct	100000	NA	40.67348110028188	NA	NA
2353	1	1	1	0.1	0	False	0.35	3.0	3.0	70	0.008	28.0	NA	succeed	early_stop_succeed	2650	40.34161247843529	40.33972171569302	-30	0.1823590122502306
2354	1	1	1	0.1	0	False	0.35	3.0	5.0	70	0.008	28.0	NA	succeed	early_stop_succeed	2000	40.12065701165699	40.10220971318049	-30	0.24162989243975475
2355	1	1	1	0.1	0	False	0.35	3.5	1.1	70	0.008	28.0	NA	extinct	population_extinct	100000	NA	NA	NA	NA
2356	1	1	1	0.1	0	False	0.35	3.5	1.5	70	0.008	28.0	NA	extinct	population_extinct	100000	NA	NA	NA	NA
2357	1	1	1	0.1	0	False	0.35	3.5	2.0	70	0.008	28.0	NA	succeed	early_stop_succeed	2050	39.89188709328389	39.88317787967219	-30	0.23254362945955578
2358	1	1	1	0.1	0	False	0.35	3.5	3.0	70	0.008	28.0	NA	succeed	early_stop_succeed	2000	39.959916475146294	39.99030900395433	-30	0.2486744994150169
2359	1	1	1	0.1	0	False	0.35	3.5	5.0	70	0.008	28.0	NA	succeed	early_stop_succeed	2000	40.16416914667011	40.14332920674424	-30	0.24493787810174006
2360	1	1	1	0.1	0	False	0.35	4.0	1.1	70	0.008	28.0	NA	extinct	population_extinct	100000	NA	NA	NA	NA
2361	1	1	1	0.1	0	False	0.35	4.0	1.5	70	0.008	28.0	NA	succeed	early_stop_succeed	2000	40.123774848959535	40.13873615073255	-30	0.23564082506472425
2362	1	1	1	0.1	0	False	0.35	4.0	2.0	70	0.008	28.0	NA	succeed	early_stop_succeed	2000	40.04443126544766	40.03088638929839	-30	0.25335391385390266
2363	1	1	1	0.1	0	False	0.35	4.0	3.0	70	0.008	28.0	NA	succeed	early_stop_succeed	3950	41.16669891218168	41.21641872694965	-29	0.153306479309897
2364	1	1	1	0.1	0	False	0.35	4.0	5.0	70	0.008	28.0	NA	succeed	early_stop_succeed	7100	43.50805725064618	43.50325539277417	-27	0.12949605099236183
2365	1	1	1	0.1	0	False	0.35	4.5	1.1	70	0.008	28.0	NA	succeed	early_stop_succeed	2000	39.86862515617765	39.88562094684143	-30	0.22742316935958837
2366	1	1	1	0.1	0	False	0.35	4.5	1.5	70	0.008	28.0	NA	succeed	early_stop_succeed	2250	40.01060833665529	40.014720828221996	-30	0.18658451996860834
2367	1	1	1	0.1	0	False	0.35	4.5	2.0	70	0.008	28.0	NA	succeed	early_stop_succeed	4100	40.893907726811875	40.920328728479774	-30	0.1382046627088156
2368	1	1	1	0.1	0	False	0.35	4.5	3.0	70	0.008	28.0	NA	succeed	early_stop_succeed	4000	41.601411679864604	41.556966807304164	-28	0.15170570809979783
2369	1	1	1	0.1	0	False	0.35	4.5	5.0	70	0.008	28.0	NA	succeed	early_stop_succeed	2400	40.788373964628775	40.78160551896891	-30	0.19934594941952175
2370	1	1	1	0.1	0	False	0.35	5.0	1.1	70	0.008	28.0	NA	succeed	early_stop_succeed	2000	40.130181966476435	40.105932844396165	-30	0.21197403743704465
2371	1	1	1	0.1	0	False	0.35	5.0	1.5	70	0.008	28.0	NA	succeed	early_stop_succeed	2750	40.50051579539037	40.52362750672908	-30	0.18248917704080792
2372	1	1	1	0.1	0	False	0.35	5.0	2.0	70	0.008	28.0	NA	succeed	early_stop_succeed	5100	42.164724495266036	42.14099685915303	-28	0.1528019670373326
2373	1	1	1	0.1	0	False	0.35	5.0	3.0	70	0.008	28.0	NA	succeed	early_stop_succeed	4300	42.251208249888265	42.221596644474744	-28	0.14537693035478674
2374	1	1	1	0.1	0	False	0.35	5.0	5.0	70	0.008	28.0	NA	succeed	early_stop_succeed	7600	44.133151859658994	44.171894597435134	-25	0.13593984387246966
2375	1	1	0	0.1	1	False	0.15	3.0	1.1	70	0.008	28.0	0.1	extinct	population_extinct	100000	NA	39.969153103646605	NA	NA
2376	1	1	0	0.1	1	False	0.15	3.0	1.5	70	0.008	28.0	0.1	succeed	early_stop_succeed	2000	40.017275544341885	40.00119904645003	-30	0.2355944344427968
2377	1	1	0	0.1	1	False	0.15	3.0	2.0	70	0.008	28.0	0.1	succeed	early_stop_succeed	2000	40.132988998913426	40.11968470902261	-30	0.25918823914344635
2378	1	1	0	0.1	1	False	0.15	3.0	3.0	70	0.008	28.0	0.1	succeed	early_stop_succeed	3850	41.36496091075275	41.34339364921383	-30	0.16591639035883968
2379	1	1	0	0.1	1	False	0.15	3.0	5.0	70	0.008	28.0	0.1	succeed	early_stop_succeed	7950	42.817681571639035	42.822126645107566	-27	0.11690327310437831
2380	1	1	0	0.1	1	False	0.15	3.5	1.1	70	0.008	28.0	0.1	succeed	early_stop_succeed	2200	40.03329486237907	39.98775069095165	-30	0.21135180129147796
2381	1	1	0	0.1	1	False	0.15	3.5	1.5	70	0.008	28.0	0.1	succeed	early_stop_succeed	4100	40.873446433854994	40.88399927143052	-29	0.15223472061718263
2382	1	1	0	0.1	1	False	0.15	3.5	2.0	70	0.008	28.0	0.1	succeed	early_stop_succeed	3400	40.69029015452316	40.694302448266754	-30	0.16712093457944707
2383	1	1	0	0.1	1	False	0.15	3.5	3.0	70	0.008	28.0	0.1	succeed	early_stop_succeed	2000	40.303582097776854	40.29824258660995	-30	0.23610932158675052
2384	1	1	0	0.1	1	False	0.15	3.5	5.0	70	0.008	28.0	0.1	succeed	early_stop_succeed	3650	41.23515198190477	41.2426420282202	-28	0.19002257015864032
2385	1	1	0	0.1	1	False	0.15	4.0	1.1	70	0.008	28.0	0.1	succeed	early_stop_succeed	2350	40.44446071047869	40.45852763014473	-30	0.22118182913107495
2386	1	1	0	0.1	1	False	0.15	4.0	1.5	70	0.008	28.0	0.1	succeed	early_stop_succeed	2200	40.06495602266646	40.06150711408902	-30	0.24138023472858666
2387	1	1	0	0.1	1	False	0.15	4.0	2.0	70	0.008	28.0	0.1	succeed	early_stop_succeed	5400	41.92333501778671	41.93838771454415	-27	0.12906799066879102
2388	1	1	0	0.1	1	False	0.15	4.0	3.0	70	0.008	28.0	0.1	succeed	early_stop_succeed	6200	42.51389599880743	42.50966887958224	-28	0.132205993689725
2389	1	1	0	0.1	1	False	0.15	4.0	5.0	70	0.008	28.0	0.1	succeed	early_stop_succeed	8650	44.83132867166321	44.835999373434454	-25	0.13155237852466048
2390	1	1	0	0.1	1	False	0.15	4.5	1.1	70	0.008	28.0	0.1	succeed	early_stop_succeed	3100	40.765678325834095	40.75797561824131	-29	0.15441416105852368
2391	1	1	0	0.1	1	False	0.15	4.5	1.5	70	0.008	28.0	0.1	succeed	early_stop_succeed	4500	42.04341783866715	42.071721047082036	-29	0.14159294688304364
2392	1	1	0	0.1	1	False	0.15	4.5	2.0	70	0.008	28.0	0.1	succeed	early_stop_succeed	4800	42.19817265087312	42.23742492409493	-29	0.12926538841464663
2393	1	1	0	0.1	1	False	0.15	4.5	3.0	70	0.008	28.0	0.1	succeed	early_stop_succeed	5050	42.21389117165257	42.22347719027214	-28	0.14404925072755392
2394	1	1	0	0.1	1	False	0.15	4.5	5.0	70	0.008	28.0	0.1	succeed	early_stop_succeed	6300	43.34269719543115	43.3683766294386	-28	0.11959487927342381
2395	1	1	0	0.1	1	False	0.15	5.0	1.1	70	0.008	28.0	0.1	succeed	early_stop_succeed	2700	40.543840148261225	40.546601627526954	-30	0.18274480975528953
2396	1	1	0	0.1	1	False	0.15	5.0	1.5	70	0.008	28.0	0.1	succeed	early_stop_succeed	7200	42.99440062847535	43.062509110946294	-27	0.14305384561776427
2397	1	1	0	0.1	1	False	0.15	5.0	2.0	70	0.008	28.0	0.1	succeed	early_stop_succeed	5550	42.69004021470476	42.64732135296418	-29	0.13584645831140943
2398	1	1	0	0.1	1	False	0.15	5.0	3.0	70	0.008	28.0	0.1	succeed	early_stop_succeed	6600	43.902863642985714	43.942821222787146	-26	0.13421662452672334
2399	1	1	0	0.1	1	False	0.15	5.0	5.0	70	0.008	28.0	0.1	succeed	early_stop_succeed	6600	43.90608119369292	43.95388086677201	-26	0.1647704874080754
2400	1	1	0	0.1	1	False	0.2	3.0	1.1	70	0.008	28.0	0.1	extinct	population_extinct	100000	NA	NA	NA	NA
2401	1	1	0	0.1	1	False	0.2	3.0	1.5	70	0.008	28.0	0.1	succeed	early_stop_succeed	2100	40.03105544530717	40.07410170350894	-30	0.24956668404289808
2402	1	1	0	0.1	1	False	0.2	3.0	2.0	70	0.008	28.0	0.1	succeed	early_stop_succeed	2300	40.25995497324836	40.25193795993788	-30	0.22100316861190283
2403	1	1	0	0.1	1	False	0.2	3.0	3.0	70	0.008	28.0	0.1	succeed	early_stop_succeed	2300	40.47961591406572	40.50041657946251	-30	0.1918381145907215
2404	1	1	0	0.1	1	False	0.2	3.0	5.0	70	0.008	28.0	0.1	succeed	early_stop_succeed	2900	40.71174442158808	40.71870829397665	-30	0.18766457110766058
2405	1	1	0	0.1	1	False	0.2	3.5	1.1	70	0.008	28.0	0.1	succeed	early_stop_succeed	2000	40.254524552283044	40.23325937907226	-30	0.28355971558744075
2406	1	1	0	0.1	1	False	0.2	3.5	1.5	70	0.008	28.0	0.1	succeed	early_stop_succeed	2200	40.159579356871184	40.1894131975318	-30	0.23770078008356482
2407	1	1	0	0.1	1	False	0.2	3.5	2.0	70	0.008	28.0	0.1	succeed	early_stop_succeed	2000	40.18719279834277	40.1889279997079	-30	0.2598067385324512
2408	1	1	0	0.1	1	False	0.2	3.5	3.0	70	0.008	28.0	0.1	succeed	early_stop_succeed	4050	41.17675807090742	41.18605885129673	-28	0.15888153437064229
2409	1	1	0	0.1	1	False	0.2	3.5	5.0	70	0.008	28.0	0.1	succeed	early_stop_succeed	3650	41.34720611594128	41.348590656427845	-30	0.15998800405420566
2410	1	1	0	0.1	1	False	0.2	4.0	1.1	70	0.008	28.0	0.1	succeed	early_stop_succeed	2000	40.17160332700071	40.15923626525946	-30	0.24819880246413978
2411	1	1	0	0.1	1	False	0.2	4.0	1.5	70	0.008	28.0	0.1	succeed	early_stop_succeed	2000	40.17535562943663	40.14450400605617	-30	0.2692422555688466
2412	1	1	0	0.1	1	False	0.2	4.0	2.0	70	0.008	28.0	0.1	succeed	early_stop_succeed	5550	42.116082316608306	42.13660210796665	-28	0.12742775659272734
2413	1	1	0	0.1	1	False	0.2	4.0	3.0	70	0.008	28.0	0.1	succeed	early_stop_succeed	4000	41.474365026705684	41.45273710452004	-29	0.1527583172704285
2414	1	1	0	0.1	1	False	0.2	4.0	5.0	70	0.008	28.0	0.1	succeed	early_stop_succeed	7350	43.36367568081904	43.348176578300176	-27	0.1348038193406118
2415	1	1	0	0.1	1	False	0.2	4.5	1.1	70	0.008	28.0	0.1	succeed	early_stop_succeed	2000	40.27226970174186	40.23652277425162	-30	0.23564828664828863
2416	1	1	0	0.1	1	False	0.2	4.5	1.5	70	0.008	28.0	0.1	succeed	early_stop_succeed	3200	40.64740366840124	40.652506045696214	-28	0.16576812171577082
2417	1	1	0	0.1	1	False	0.2	4.5	2.0	70	0.008	28.0	0.1	succeed	early_stop_succeed	5900	42.34512755026369	42.38069988324376	-28	0.12964148834719783
2418	1	1	0	0.1	1	False	0.2	4.5	3.0	70	0.008	28.0	0.1	succeed	early_stop_succeed	6650	43.29170459575371	43.29422036912789	-28	0.14056090498764592
2419	1	1	0	0.1	1	False	0.2	4.5	5.0	70	0.008	28.0	0.1	succeed	early_stop_succeed	6400	43.580492090333685	43.561286046819326	-26	0.12242219031336582
2420	1	1	0	0.1	1	False	0.2	5.0	1.1	70	0.008	28.0	0.1	succeed	early_stop_succeed	2000	40.34421122329998	40.336695438243886	-30	0.24784311377984788
2421	1	1	0	0.1	1	False	0.2	5.0	1.5	70	0.008	28.0	0.1	succeed	early_stop_succeed	7250	43.694501465506136	43.72698998917366	-28	0.11313094660683296
2422	1	1	0	0.1	1	False	0.2	5.0	2.0	70	0.008	28.0	0.1	succeed	early_stop_succeed	6950	43.79843288078692	43.82376050857431	-27	0.1255484291789642
2423	1	1	0	0.1	1	False	0.2	5.0	3.0	70	0.008	28.0	0.1	succeed	early_stop_succeed	7450	43.884709282197846	43.89766871979742	-26	0.1295572270422892
2424	1	1	0	0.1	1	False	0.2	5.0	5.0	70	0.008	28.0	0.1	succeed	early_stop_succeed	5700	42.91169379692509	42.95085811815806	-28	0.1274023879327157
2425	1	1	0	0.1	1	False	0.25	3.0	1.1	70	0.008	28.0	0.1	extinct	population_extinct	100000	NA	NA	NA	NA
2426	1	1	0	0.1	1	False	0.25	3.0	1.5	70	0.008	28.0	0.1	extinct	population_extinct	100000	NA	NA	NA	NA
2427	1	1	0	0.1	1	False	0.25	3.0	2.0	70	0.008	28.0	0.1	succeed	early_stop_succeed	2000	40.06591589062172	40.052674665944515	-30	0.2571165956418245
2428	1	1	0	0.1	1	False	0.25	3.0	3.0	70	0.008	28.0	0.1	succeed	early_stop_succeed	2000	40.18759825768726	40.15965026834972	-30	0.25513428266795635
2429	1	1	0	0.1	1	False	0.25	3.0	5.0	70	0.008	28.0	0.1	succeed	early_stop_succeed	3000	40.66648466023549	40.649456107338686	-30	0.1465643354070951
2430	1	1	0	0.1	1	False	0.25	3.5	1.1	70	0.008	28.0	0.1	extinct	population_extinct	100000	NA	NA	NA	NA
2431	1	1	0	0.1	1	False	0.25	3.5	1.5	70	0.008	28.0	0.1	succeed	early_stop_succeed	2150	40.344467043244734	40.358766153523206	-30	0.22077758274815287
2432	1	1	0	0.1	1	False	0.25	3.5	2.0	70	0.008	28.0	0.1	succeed	early_stop_succeed	2000	40.0060912044035	39.9856424126291	-30	0.25917059029091793
2433	1	1	0	0.1	1	False	0.25	3.5	3.0	70	0.008	28.0	0.1	succeed	early_stop_succeed	6250	42.33657755748076	42.33531403630753	-30	0.10051979306684122
2434	1	1	0	0.1	1	False	0.25	3.5	5.0	70	0.008	28.0	0.1	succeed	early_stop_succeed	2700	40.393581395630164	40.40420709667317	-30	0.19265967835726638
2435	1	1	0	0.1	1	False	0.25	4.0	1.1	70	0.008	28.0	0.1	succeed	early_stop_succeed	2400	39.97687473896416	40.00911817791162	-30	0.20166272217570438
2436	1	1	0	0.1	1	False	0.25	4.0	1.5	70	0.008	28.0	0.1	succeed	early_stop_succeed	2700	40.26104941329651	40.26194477187326	-30	0.19596737418546667
2437	1	1	0	0.1	1	False	0.25	4.0	2.0	70	0.008	28.0	0.1	succeed	early_stop_succeed	2000	40.2216653281048	40.22125489215754	-30	0.22248896586076122
2438	1	1	0	0.1	1	False	0.25	4.0	3.0	70	0.008	28.0	0.1	succeed	early_stop_succeed	2300	40.31868273047537	40.29995603552359	-30	0.22248532600341908
2439	1	1	0	0.1	1	False	0.25	4.0	5.0	70	0.008	28.0	0.1	succeed	early_stop_succeed	6350	42.995075869108945	42.94935837043395	-28	0.13449330667525777
2440	1	1	0	0.1	1	False	0.25	4.5	1.1	70	0.008	28.0	0.1	succeed	early_stop_succeed	2250	40.00658667970858	40.00036179018842	-30	0.21784001374204248
2441	1	1	0	0.1	1	False	0.25	4.5	1.5	70	0.008	28.0	0.1	succeed	early_stop_succeed	2000	40.051270810572284	40.00369716658832	-30	0.2829777381939471
2442	1	1	0	0.1	1	False	0.25	4.5	2.0	70	0.008	28.0	0.1	succeed	early_stop_succeed	8300	43.23493386588592	43.283153553398755	-26	0.10869577789106515
2443	1	1	0	0.1	1	False	0.25	4.5	3.0	70	0.008	28.0	0.1	succeed	early_stop_succeed	4550	42.14237679912869	42.1117012950788	-30	0.13197625143830366
2444	1	1	0	0.1	1	False	0.25	4.5	5.0	70	0.008	28.0	0.1	succeed	early_stop_succeed	5550	43.07039116615922	43.08337098604557	-28	0.1305452185287374
2445	1	1	0	0.1	1	False	0.25	5.0	1.1	70	0.008	28.0	0.1	succeed	early_stop_succeed	3850	40.66020622959577	40.655697570919166	-28	0.15554701838367593
2446	1	1	0	0.1	1	False	0.25	5.0	1.5	70	0.008	28.0	0.1	succeed	early_stop_succeed	2900	40.544627493011426	40.55196577365631	-30	0.1965167498266629
2447	1	1	0	0.1	1	False	0.25	5.0	2.0	70	0.008	28.0	0.1	succeed	early_stop_succeed	5550	42.43741841779346	42.4795138541346	-27	0.1402575877600235
2448	1	1	0	0.1	1	False	0.25	5.0	3.0	70	0.008	28.0	0.1	succeed	early_stop_succeed	7550	43.84988770622354	43.848318637221396	-27	0.14264785518612783
2449	1	1	0	0.1	1	False	0.25	5.0	5.0	70	0.008	28.0	0.1	succeed	early_stop_succeed	4450	42.612128529643975	42.62061998999116	-29	0.13128373310888797
2450	1	1	0	0.1	1	False	0.3	3.0	1.1	70	0.008	28.0	0.1	extinct	population_extinct	100000	NA	NA	NA	NA
2451	1	1	0	0.1	1	False	0.3	3.0	1.5	70	0.008	28.0	0.1	extinct	population_extinct	100000	NA	NA	NA	NA
2452	1	1	0	0.1	1	False	0.3	3.0	2.0	70	0.008	28.0	0.1	succeed	early_stop_succeed	2400	40.46464484766685	40.51225987510184	-29	0.19674492651472192
2453	1	1	0	0.1	1	False	0.3	3.0	3.0	70	0.008	28.0	0.1	succeed	early_stop_succeed	2000	39.99539257172179	39.99741011581651	-30	0.26153176059810274
2454	1	1	0	0.1	1	False	0.3	3.0	5.0	70	0.008	28.0	0.1	succeed	early_stop_succeed	2300	40.25534911806824	40.27477902113399	-30	0.20310451918252506
2455	1	1	0	0.1	1	False	0.3	3.5	1.1	70	0.008	28.0	0.1	extinct	population_extinct	100000	NA	NA	NA	NA
2456	1	1	0	0.1	1	False	0.3	3.5	1.5	70	0.008	28.0	0.1	succeed	early_stop_succeed	2000	40.128453287579426	40.103420627116094	-30	0.26188752346198324
2457	1	1	0	0.1	1	False	0.3	3.5	2.0	70	0.008	28.0	0.1	succeed	early_stop_succeed	2000	40.27209984185399	40.275373959869526	-30	0.2185347431419236
2458	1	1	0	0.1	1	False	0.3	3.5	3.0	70	0.008	28.0	0.1	succeed	early_stop_succeed	2100	40.32592478434524	40.33461995187194	-30	0.23505313733206448
2459	1	1	0	0.1	1	False	0.3	3.5	5.0	70	0.008	28.0	0.1	succeed	early_stop_succeed	2900	40.544403148338276	40.514244627022485	-30	0.17842142284313023
2460	1	1	0	0.1	1	False	0.3	4.0	1.1	70	0.008	28.0	0.1	extinct	population_extinct	100000	NA	40.404697677280076	NA	NA
2461	1	1	0	0.1	1	False	0.3	4.0	1.5	70	0.008	28.0	0.1	succeed	early_stop_succeed	2500	40.293560173104964	40.290761437521134	-30	0.20170020741415617
2462	1	1	0	0.1	1	False	0.3	4.0	2.0	70	0.008	28.0	0.1	succeed	early_stop_succeed	5050	41.070452416773286	41.07505304928911	-29	0.13914534607457563
2463	1	1	0	0.1	1	False	0.3	4.0	3.0	70	0.008	28.0	0.1	succeed	early_stop_succeed	3650	41.333951804919664	41.35089350781197	-30	0.1766576869708643
2464	1	1	0	0.1	1	False	0.3	4.0	5.0	70	0.008	28.0	0.1	succeed	early_stop_succeed	4450	42.19291430157249	42.187366925721264	-26	0.11697517464178477
2465	1	1	0	0.1	1	False	0.3	4.5	1.1	70	0.008	28.0	0.1	succeed	early_stop_succeed	2450	40.41326721123982	40.41517850482729	-30	0.19560221655868693
2466	1	1	0	0.1	1	False	0.3	4.5	1.5	70	0.008	28.0	0.1	succeed	early_stop_succeed	2400	40.15284825095197	40.16843191830482	-30	0.22736500410356986
2467	1	1	0	0.1	1	False	0.3	4.5	2.0	70	0.008	28.0	0.1	succeed	early_stop_succeed	4200	41.20088788567935	41.1593616139881	-28	0.1327729203671548
2468	1	1	0	0.1	1	False	0.3	4.5	3.0	70	0.008	28.0	0.1	succeed	early_stop_succeed	8550	44.3525919325381	44.3591366893916	-26	0.12823667973100542
2469	1	1	0	0.1	1	False	0.3	4.5	5.0	70	0.008	28.0	0.1	succeed	early_stop_succeed	7500	44.03070917730394	44.06673892799672	-26	0.11527638854324014
2470	1	1	0	0.1	1	False	0.3	5.0	1.1	70	0.008	28.0	0.1	succeed	early_stop_succeed	2100	40.09327558787425	40.05049724804658	-30	0.22289735698306057
2471	1	1	0	0.1	1	False	0.3	5.0	1.5	70	0.008	28.0	0.1	succeed	early_stop_succeed	2550	40.35052291487686	40.37261189908523	-30	0.20471601275286883
2472	1	1	0	0.1	1	False	0.3	5.0	2.0	70	0.008	28.0	0.1	succeed	early_stop_succeed	6400	42.89836394459553	42.87228619324631	-27	0.15002140351735163
2473	1	1	0	0.1	1	False	0.3	5.0	3.0	70	0.008	28.0	0.1	succeed	early_stop_succeed	5600	42.77651758272381	42.810807854624606	-28	0.1405706281997678
2474	1	1	0	0.1	1	False	0.3	5.0	5.0	70	0.008	28.0	0.1	succeed	early_stop_succeed	8250	44.34040479859667	44.34761148317343	-26	0.12824702076671218
2475	1	1	0	0.1	1	False	0.35	3.0	1.1	70	0.008	28.0	0.1	extinct	population_extinct	100000	NA	NA	NA	NA
2476	1	1	0	0.1	1	False	0.35	3.0	1.5	70	0.008	28.0	0.1	extinct	population_extinct	100000	NA	NA	NA	NA
2477	1	1	0	0.1	1	False	0.35	3.0	2.0	70	0.008	28.0	0.1	extinct	population_extinct	100000	NA	39.96049541621306	NA	NA
2478	1	1	0	0.1	1	False	0.35	3.0	3.0	70	0.008	28.0	0.1	succeed	early_stop_succeed	2250	40.05523797416393	40.04727403676729	-30	0.21403442309901557
2479	1	1	0	0.1	1	False	0.35	3.0	5.0	70	0.008	28.0	0.1	succeed	early_stop_succeed	2500	40.11304244589031	40.1342794900428	-30	0.22370885343356212
2480	1	1	0	0.1	1	False	0.35	3.5	1.1	70	0.008	28.0	0.1	extinct	population_extinct	100000	NA	NA	NA	NA
2481	1	1	0	0.1	1	False	0.35	3.5	1.5	70	0.008	28.0	0.1	extinct	population_extinct	100000	NA	40.06214079839719	NA	NA
2482	1	1	0	0.1	1	False	0.35	3.5	2.0	70	0.008	28.0	0.1	succeed	early_stop_succeed	2050	40.21948453760182	40.1924967496269	-30	0.20303006427851217
2483	1	1	0	0.1	1	False	0.35	3.5	3.0	70	0.008	28.0	0.1	succeed	early_stop_succeed	2150	40.2660424772724	40.25521148862851	-30	0.24360409463613472
2484	1	1	0	0.1	1	False	0.35	3.5	5.0	70	0.008	28.0	0.1	succeed	early_stop_succeed	3200	40.686909420413635	40.71323095252289	-28	0.16237856219169103
2485	1	1	0	0.1	1	False	0.35	4.0	1.1	70	0.008	28.0	0.1	extinct	population_extinct	100000	NA	NA	NA	NA
2486	1	1	0	0.1	1	False	0.35	4.0	1.5	70	0.008	28.0	0.1	succeed	early_stop_succeed	2350	39.842559563957735	39.86136295605576	-30	0.205987525572153
2487	1	1	0	0.1	1	False	0.35	4.0	2.0	70	0.008	28.0	0.1	succeed	early_stop_succeed	3450	40.757625315990396	40.76310239853784	-30	0.14488531100700444
2488	1	1	0	0.1	1	False	0.35	4.0	3.0	70	0.008	28.0	0.1	succeed	early_stop_succeed	6550	42.301179220375126	42.30864561621717	-26	0.12265645146810783
2489	1	1	0	0.1	1	False	0.35	4.0	5.0	70	0.008	28.0	0.1	succeed	early_stop_succeed	5800	42.69330336774721	42.690800206556055	-27	0.13920472338438283
2490	1	1	0	0.1	1	False	0.35	4.5	1.1	70	0.008	28.0	0.1	succeed	early_stop_succeed	2000	40.165826043231164	40.13849682834075	-30	0.22611314248130548
2491	1	1	0	0.1	1	False	0.35	4.5	1.5	70	0.008	28.0	0.1	succeed	early_stop_succeed	2000	40.20460329350828	40.206531833224844	-30	0.24867297934656638
2492	1	1	0	0.1	1	False	0.35	4.5	2.0	70	0.008	28.0	0.1	succeed	early_stop_succeed	2250	40.40786375503615	40.406417040169	-30	0.2292436020351255
2493	1	1	0	0.1	1	False	0.35	4.5	3.0	70	0.008	28.0	0.1	succeed	early_stop_succeed	8550	44.07410087815076	44.11815340685565	-27	0.11727409879768765
2494	1	1	0	0.1	1	False	0.35	4.5	5.0	70	0.008	28.0	0.1	succeed	early_stop_succeed	5950	43.666204285177876	43.66032763515937	-26	0.13999245890199716
2495	1	1	0	0.1	1	False	0.35	5.0	1.1	70	0.008	28.0	0.1	succeed	early_stop_succeed	2350	40.112629280969216	40.10661179728118	-30	0.21375148509617026
2496	1	1	0	0.1	1	False	0.35	5.0	1.5	70	0.008	28.0	0.1	succeed	early_stop_succeed	2100	40.229580598568006	40.26257556020067	-30	0.2412798875862513
2497	1	1	0	0.1	1	False	0.35	5.0	2.0	70	0.008	28.0	0.1	succeed	early_stop_succeed	4500	41.635231015589	41.65084098566603	-29	0.15769455558092538
2498	1	1	0	0.1	1	False	0.35	5.0	3.0	70	0.008	28.0	0.1	succeed	early_stop_succeed	7850	43.72627418874133	43.74600569119549	-26	0.09776904856880102
2499	1	1	0	0.1	1	False	0.35	5.0	5.0	70	0.008	28.0	0.1	succeed	early_stop_succeed	5350	43.03335920334056	43.01797050902681	-27	0.13769557392153958
2500	1	0	1	0.1	1	False	0.15	3.0	1.1	70	NA	NA	0.1	failed	early_stop_failed	5200	>46	46.58835964470278	-22	0.13185404679753993
2501	1	0	1	0.1	1	False	0.15	3.0	1.5	70	NA	NA	0.1	failed	early_stop_failed	5450	>46	46.66710162363186	-23	0.11441912258678649
2502	1	0	1	0.1	1	False	0.15	3.0	2.0	70	NA	NA	0.1	failed	early_stop_failed	4850	>46	46.66312883735578	-21	0.12141115169468432
2503	1	0	1	0.1	1	False	0.15	3.0	3.0	70	NA	NA	0.1	failed	early_stop_failed	4900	>46	46.72726376799071	-24	0.10934911526381734
2504	1	0	1	0.1	1	False	0.15	3.0	5.0	70	NA	NA	0.1	failed	early_stop_failed	4750	>46	46.4438285363844	-23	0.11839604205657864
2505	1	0	1	0.1	1	False	0.15	3.5	1.1	70	NA	NA	0.1	failed	early_stop_failed	5550	>46	46.48725394211537	-22	0.13373777384185542
2506	1	0	1	0.1	1	False	0.15	3.5	1.5	70	NA	NA	0.1	failed	early_stop_failed	5150	>46	46.60386731830085	-22	0.12236741125030555
2507	1	0	1	0.1	1	False	0.15	3.5	2.0	70	NA	NA	0.1	failed	early_stop_failed	4750	>46	46.8763615334887	-22	0.0921072105090911
2508	1	0	1	0.1	1	False	0.15	3.5	3.0	70	NA	NA	0.1	failed	early_stop_failed	5250	>46	46.528282885807364	-23	0.10441059319498713
2509	1	0	1	0.1	1	False	0.15	3.5	5.0	70	NA	NA	0.1	failed	early_stop_failed	4850	>46	46.63483070185268	-22	0.1256073052952326
2510	1	0	1	0.1	1	False	0.15	4.0	1.1	70	NA	NA	0.1	failed	early_stop_failed	4800	>46	46.76324040780541	-22	0.09535554777543093
2511	1	0	1	0.1	1	False	0.15	4.0	1.5	70	NA	NA	0.1	failed	early_stop_failed	4400	>46	47.260856158053876	-21	0.08267420654710811
2512	1	0	1	0.1	1	False	0.15	4.0	2.0	70	NA	NA	0.1	failed	early_stop_failed	5650	>46	46.67578604616038	-21	0.13081720196666952
2513	1	0	1	0.1	1	False	0.15	4.0	3.0	70	NA	NA	0.1	failed	early_stop_failed	5200	>46	46.7169897249988	-22	0.1299090403015506
2514	1	0	1	0.1	1	False	0.15	4.0	5.0	70	NA	NA	0.1	failed	early_stop_failed	4700	>46	46.51738929870211	-23	0.13285646442043456
2515	1	0	1	0.1	1	False	0.15	4.5	1.1	70	NA	NA	0.1	failed	early_stop_failed	5450	>46	46.651905031322244	-22	0.11111840809797544
2516	1	0	1	0.1	1	False	0.15	4.5	1.5	70	NA	NA	0.1	failed	early_stop_failed	4700	>46	46.78369024481656	-26	0.09321351851490381
2517	1	0	1	0.1	1	False	0.15	4.5	2.0	70	NA	NA	0.1	failed	early_stop_failed	5200	>46	46.5724481876998	-22	0.14693093299795196
2518	1	0	1	0.1	1	False	0.15	4.5	3.0	70	NA	NA	0.1	failed	early_stop_failed	4900	>46	46.6653907331512	-23	0.11010499264211202
2519	1	0	1	0.1	1	False	0.15	4.5	5.0	70	NA	NA	0.1	failed	early_stop_failed	5050	>46	46.87637942973561	-23	0.1072274553125589
2520	1	0	1	0.1	1	False	0.15	5.0	1.1	70	NA	NA	0.1	failed	early_stop_failed	5200	>46	46.63322538949161	-23	0.1496274788520046
2521	1	0	1	0.1	1	False	0.15	5.0	1.5	70	NA	NA	0.1	failed	early_stop_failed	4850	>46	46.67482251061524	-23	0.12330945401481287
2522	1	0	1	0.1	1	False	0.15	5.0	2.0	70	NA	NA	0.1	failed	early_stop_failed	4950	>46	46.51943323708471	-23	0.14634937818722726
2523	1	0	1	0.1	1	False	0.15	5.0	3.0	70	NA	NA	0.1	failed	early_stop_failed	4950	>46	46.62378550853515	-23	0.13603139981137072
2524	1	0	1	0.1	1	False	0.15	5.0	5.0	70	NA	NA	0.1	failed	early_stop_failed	5050	>46	46.46601057282472	-24	0.15062373940315638
2525	1	0	1	0.1	1	False	0.2	3.0	1.1	70	NA	NA	0.1	extinct	population_extinct	100000	NA	NA	NA	NA
2526	1	0	1	0.1	1	False	0.2	3.0	1.5	70	NA	NA	0.1	failed	early_stop_failed	4650	>46	46.9248206145851	-21	0.0887380173607493
2527	1	0	1	0.1	1	False	0.2	3.0	2.0	70	NA	NA	0.1	failed	early_stop_failed	4900	>46	46.70529043698795	-23	0.0968927264590565
2528	1	0	1	0.1	1	False	0.2	3.0	3.0	70	NA	NA	0.1	failed	early_stop_failed	5350	>46	46.788286909011944	-25	0.10342222245902861
2529	1	0	1	0.1	1	False	0.2	3.0	5.0	70	NA	NA	0.1	failed	early_stop_failed	5150	>46	46.47143885200856	-24	0.1242551043193238
2530	1	0	1	0.1	1	False	0.2	3.5	1.1	70	NA	NA	0.1	failed	early_stop_failed	4850	>46	46.84019887925064	-24	0.1040152316240019
2531	1	0	1	0.1	1	False	0.2	3.5	1.5	70	NA	NA	0.1	failed	early_stop_failed	5100	>46	46.499199848885446	-20	0.11972908942740525
2532	1	0	1	0.1	1	False	0.2	3.5	2.0	70	NA	NA	0.1	failed	early_stop_failed	4850	>46	46.75932410071394	-21	0.09779555388781704
2533	1	0	1	0.1	1	False	0.2	3.5	3.0	70	NA	NA	0.1	failed	early_stop_failed	4900	>46	46.72363961835262	-20	0.1118418813908125
2534	1	0	1	0.1	1	False	0.2	3.5	5.0	70	NA	NA	0.1	failed	early_stop_failed	5200	>46	46.59095159533333	-24	0.11843940157913586
2535	1	0	1	0.1	1	False	0.2	4.0	1.1	70	NA	NA	0.1	failed	early_stop_failed	5350	>46	46.66050196298714	-24	0.13205844813162523
2536	1	0	1	0.1	1	False	0.2	4.0	1.5	70	NA	NA	0.1	failed	early_stop_failed	4850	>46	46.87073751512128	-20	0.10845968776271965
2537	1	0	1	0.1	1	False	0.2	4.0	2.0	70	NA	NA	0.1	failed	early_stop_failed	4950	>46	46.69962435594776	-24	0.11604980260561913
2538	1	0	1	0.1	1	False	0.2	4.0	3.0	70	NA	NA	0.1	failed	early_stop_failed	5300	>46	46.52283688218978	-23	0.11957834998808416
2539	1	0	1	0.1	1	False	0.2	4.0	5.0	70	NA	NA	0.1	failed	early_stop_failed	4950	>46	46.506241597401264	-25	0.13518910824011282
2540	1	0	1	0.1	1	False	0.2	4.5	1.1	70	NA	NA	0.1	failed	early_stop_failed	4900	>46	46.54133104709838	-21	0.11076954831129003
2541	1	0	1	0.1	1	False	0.2	4.5	1.5	70	NA	NA	0.1	failed	early_stop_failed	5100	>46	46.57493061541321	-23	0.1227784032392856
2542	1	0	1	0.1	1	False	0.2	4.5	2.0	70	NA	NA	0.1	failed	early_stop_failed	5550	>46	46.76878301002503	-23	0.13147883768765573
2543	1	0	1	0.1	1	False	0.2	4.5	3.0	70	NA	NA	0.1	failed	early_stop_failed	4650	>46	46.60736040384595	-23	0.10998160050877516
2544	1	0	1	0.1	1	False	0.2	4.5	5.0	70	NA	NA	0.1	failed	early_stop_failed	5100	>46	46.46292087862671	-23	0.1280842405403318
2545	1	0	1	0.1	1	False	0.2	5.0	1.1	70	NA	NA	0.1	failed	early_stop_failed	5400	>46	46.58184225858812	-22	0.11662088991011123
2546	1	0	1	0.1	1	False	0.2	5.0	1.5	70	NA	NA	0.1	failed	early_stop_failed	4950	>46	46.57856392575792	-24	0.13545518536554105
2547	1	0	1	0.1	1	False	0.2	5.0	2.0	70	NA	NA	0.1	failed	early_stop_failed	4950	>46	46.73065509451546	-23	0.11300412183361681
2548	1	0	1	0.1	1	False	0.2	5.0	3.0	70	NA	NA	0.1	failed	early_stop_failed	5050	>46	46.75061110219674	-20	0.1030666807206866
2549	1	0	1	0.1	1	False	0.2	5.0	5.0	70	NA	NA	0.1	failed	early_stop_failed	4050	>46	46.81908743575819	-22	0.11688237648526575
2550	1	0	1	0.1	1	False	0.25	3.0	1.1	70	NA	NA	0.1	extinct	population_extinct	100000	NA	NA	NA	NA
2551	1	0	1	0.1	1	False	0.25	3.0	1.5	70	NA	NA	0.1	succeed	early_stop_succeed	3850	43.36623607225615	43.24914057637234	-26	0.2792487619337992
2552	1	0	1	0.1	1	False	0.25	3.0	2.0	70	NA	NA	0.1	failed	early_stop_failed	5400	>46	46.6423630353021	-22	0.1265773924221594
2553	1	0	1	0.1	1	False	0.25	3.0	3.0	70	NA	NA	0.1	failed	early_stop_failed	5350	>46	46.83332718815168	-23	0.10079604518928936
2554	1	0	1	0.1	1	False	0.25	3.0	5.0	70	NA	NA	0.1	failed	early_stop_failed	5250	>46	46.74354096693619	-21	0.10912679007839966
2555	1	0	1	0.1	1	False	0.25	3.5	1.1	70	NA	NA	0.1	extinct	population_extinct	100000	NA	42.91719285580321	NA	NA
2556	1	0	1	0.1	1	False	0.25	3.5	1.5	70	NA	NA	0.1	failed	early_stop_failed	4900	>46	46.698877642982815	-23	0.12124395582475173
2557	1	0	1	0.1	1	False	0.25	3.5	2.0	70	NA	NA	0.1	failed	early_stop_failed	4900	>46	46.73996046676561	-24	0.11054242764665222
2558	1	0	1	0.1	1	False	0.25	3.5	3.0	70	NA	NA	0.1	failed	early_stop_failed	5050	>46	46.57994849809638	-21	0.11659920731142412
2559	1	0	1	0.1	1	False	0.25	3.5	5.0	70	NA	NA	0.1	failed	early_stop_failed	5150	>46	46.631826728144475	-22	0.12711169537085965
2560	1	0	1	0.1	1	False	0.25	4.0	1.1	70	NA	NA	0.1	failed	early_stop_failed	5150	>46	46.67619686355652	-22	0.10147412004921913
2561	1	0	1	0.1	1	False	0.25	4.0	1.5	70	NA	NA	0.1	failed	early_stop_failed	5200	>46	46.77213249765374	-24	0.11188079331516317
2562	1	0	1	0.1	1	False	0.25	4.0	2.0	70	NA	NA	0.1	failed	early_stop_failed	5350	>46	46.830005544837384	-21	0.10975333209639723
2563	1	0	1	0.1	1	False	0.25	4.0	3.0	70	NA	NA	0.1	failed	early_stop_failed	5100	>46	46.764023716746145	-25	0.09932995510170478
2564	1	0	1	0.1	1	False	0.25	4.0	5.0	70	NA	NA	0.1	failed	early_stop_failed	4700	>46	46.686690224522025	-23	0.11638308307071192
2565	1	0	1	0.1	1	False	0.25	4.5	1.1	70	NA	NA	0.1	failed	early_stop_failed	4900	>46	46.68994196111978	-24	0.1320483925568285
2566	1	0	1	0.1	1	False	0.25	4.5	1.5	70	NA	NA	0.1	failed	early_stop_failed	4800	>46	46.84630133130671	-23	0.10503733466622277
2567	1	0	1	0.1	1	False	0.25	4.5	2.0	70	NA	NA	0.1	failed	early_stop_failed	5100	>46	46.601294564302734	-21	0.14940214986682282
2568	1	0	1	0.1	1	False	0.25	4.5	3.0	70	NA	NA	0.1	failed	early_stop_failed	5000	>46	46.710602241153296	-24	0.11914972450602514
2569	1	0	1	0.1	1	False	0.25	4.5	5.0	70	NA	NA	0.1	failed	early_stop_failed	4800	>46	46.803343018229796	-24	0.11238001177538948
2570	1	0	1	0.1	1	False	0.25	5.0	1.1	70	NA	NA	0.1	failed	early_stop_failed	4800	>46	46.775568751179584	-26	0.09358229617462369
2571	1	0	1	0.1	1	False	0.25	5.0	1.5	70	NA	NA	0.1	failed	early_stop_failed	5500	>46	46.66072010173761	-22	0.1077916450169179
2572	1	0	1	0.1	1	False	0.25	5.0	2.0	70	NA	NA	0.1	failed	early_stop_failed	4750	>46	46.78559654705302	-21	0.10558623388937033
2573	1	0	1	0.1	1	False	0.25	5.0	3.0	70	NA	NA	0.1	failed	early_stop_failed	4750	>46	46.577756060673316	-24	0.11113601465188369
2574	1	0	1	0.1	1	False	0.25	5.0	5.0	70	NA	NA	0.1	failed	early_stop_failed	4600	>46	46.45249453665048	-23	0.146815167385366
2575	1	0	1	0.1	1	False	0.3	3.0	1.1	70	NA	NA	0.1	extinct	population_extinct	100000	NA	NA	NA	NA
2576	1	0	1	0.1	1	False	0.3	3.0	1.5	70	NA	NA	0.1	extinct	population_extinct	100000	NA	40.21751700680272	NA	NA
2577	1	0	1	0.1	1	False	0.3	3.0	2.0	70	NA	NA	0.1	failed	early_stop_failed	5200	>46	46.4864320715832	-23	0.13015857772977182
2578	1	0	1	0.1	1	False	0.3	3.0	3.0	70	NA	NA	0.1	failed	early_stop_failed	4300	>46	46.93701015335017	-19	0.10406832271856065
2579	1	0	1	0.1	1	False	0.3	3.0	5.0	70	NA	NA	0.1	failed	early_stop_failed	5250	>46	46.845764749375654	-22	0.09187197494123071
2580	1	0	1	0.1	1	False	0.3	3.5	1.1	70	NA	NA	0.1	extinct	population_extinct	100000	NA	NA	NA	NA
2581	1	0	1	0.1	1	False	0.3	3.5	1.5	70	NA	NA	0.1	failed	early_stop_failed	5050	>46	46.800724254267216	-23	0.1038201928521514
2582	1	0	1	0.1	1	False	0.3	3.5	2.0	70	NA	NA	0.1	failed	early_stop_failed	5200	>46	46.41033935815626	-23	0.1495742996490561
2583	1	0	1	0.1	1	False	0.3	3.5	3.0	70	NA	NA	0.1	failed	early_stop_failed	5500	>46	46.51255058837523	-24	0.12355634284092738
2584	1	0	1	0.1	1	False	0.3	3.5	5.0	70	NA	NA	0.1	failed	early_stop_failed	5000	>46	46.584040986523654	-25	0.1122799837726832
2585	1	0	1	0.1	1	False	0.3	4.0	1.1	70	NA	NA	0.1	failed	early_stop_failed	4800	>46	46.68157900244377	-23	0.11183450562323106
2586	1	0	1	0.1	1	False	0.3	4.0	1.5	70	NA	NA	0.1	failed	early_stop_failed	5250	>46	46.836498913247766	-24	0.09021084017610306
2587	1	0	1	0.1	1	False	0.3	4.0	2.0	70	NA	NA	0.1	failed	early_stop_failed	4400	>46	47.19882606257628	-24	0.08216286531158103
2588	1	0	1	0.1	1	False	0.3	4.0	3.0	70	NA	NA	0.1	failed	early_stop_failed	4750	>46	46.53146026625317	-23	0.15166867019067998
2589	1	0	1	0.1	1	False	0.3	4.0	5.0	70	NA	NA	0.1	failed	early_stop_failed	4900	>46	46.736345231737744	-23	0.12178314142553312
2590	1	0	1	0.1	1	False	0.3	4.5	1.1	70	NA	NA	0.1	failed	early_stop_failed	5050	>46	46.56168654246583	-22	0.12749011264245605
2591	1	0	1	0.1	1	False	0.3	4.5	1.5	70	NA	NA	0.1	failed	early_stop_failed	5050	>46	46.6564444316314	-22	0.11346886359615124
2592	1	0	1	0.1	1	False	0.3	4.5	2.0	70	NA	NA	0.1	failed	early_stop_failed	5250	>46	46.71078315446761	-22	0.123671800427477
2593	1	0	1	0.1	1	False	0.3	4.5	3.0	70	NA	NA	0.1	failed	early_stop_failed	4800	>46	46.89544103372036	-22	0.09567973514613305
2594	1	0	1	0.1	1	False	0.3	4.5	5.0	70	NA	NA	0.1	failed	early_stop_failed	4550	>46	46.536641824101224	-22	0.13098187021634186
2595	1	0	1	0.1	1	False	0.3	5.0	1.1	70	NA	NA	0.1	failed	early_stop_failed	5150	>46	46.595750395158	-24	0.12758045879064558
2596	1	0	1	0.1	1	False	0.3	5.0	1.5	70	NA	NA	0.1	failed	early_stop_failed	5400	>46	46.657187792064185	-22	0.131196694206943
2597	1	0	1	0.1	1	False	0.3	5.0	2.0	70	NA	NA	0.1	failed	early_stop_failed	5500	>46	46.53322648466911	-23	0.14929253283328944
2598	1	0	1	0.1	1	False	0.3	5.0	3.0	70	NA	NA	0.1	failed	early_stop_failed	4850	>46	46.65549352173088	-24	0.12865672699276232
2599	1	0	1	0.1	1	False	0.3	5.0	5.0	70	NA	NA	0.1	failed	early_stop_failed	4600	>46	46.80823985404556	-24	0.10322405661083739
2600	1	0	1	0.1	1	False	0.35	3.0	1.1	70	NA	NA	0.1	extinct	population_extinct	100000	NA	NA	NA	NA
2601	1	0	1	0.1	1	False	0.35	3.0	1.5	70	NA	NA	0.1	extinct	population_extinct	100000	NA	NA	NA	NA
2602	1	0	1	0.1	1	False	0.35	3.0	2.0	70	NA	NA	0.1	failed	early_stop_failed	5350	>46	46.50066373470983	-23	0.14174874378549882
2603	1	0	1	0.1	1	False	0.35	3.0	3.0	70	NA	NA	0.1	failed	early_stop_failed	5150	>46	46.81345403927898	-22	0.11414460755526268
2604	1	0	1	0.1	1	False	0.35	3.0	5.0	70	NA	NA	0.1	failed	early_stop_failed	5050	>46	46.517634192406476	-24	0.12292163847404167
2605	1	0	1	0.1	1	False	0.35	3.5	1.1	70	NA	NA	0.1	extinct	population_extinct	100000	NA	NA	NA	NA
2606	1	0	1	0.1	1	False	0.35	3.5	1.5	70	NA	NA	0.1	failed	early_stop_failed	4400	>46	46.819460059799034	-22	0.08556534491182961
2607	1	0	1	0.1	1	False	0.35	3.5	2.0	70	NA	NA	0.1	failed	early_stop_failed	5000	>46	46.89353740662653	-24	0.12200399162145463
2608	1	0	1	0.1	1	False	0.35	3.5	3.0	70	NA	NA	0.1	failed	early_stop_failed	5050	>46	46.75149082861165	-22	0.1260400476326182
2609	1	0	1	0.1	1	False	0.35	3.5	5.0	70	NA	NA	0.1	failed	early_stop_failed	5350	>46	46.69728660265038	-21	0.11182310305864948
2610	1	0	1	0.1	1	False	0.35	4.0	1.1	70	NA	NA	0.1	extinct	population_extinct	100000	NA	40.60143327740468	NA	NA
2611	1	0	1	0.1	1	False	0.35	4.0	1.5	70	NA	NA	0.1	failed	early_stop_failed	5000	>46	46.60909768137294	-21	0.12237148815326047
2612	1	0	1	0.1	1	False	0.35	4.0	2.0	70	NA	NA	0.1	failed	early_stop_failed	4700	>46	46.57840867521286	-20	0.11718756217422381
2613	1	0	1	0.1	1	False	0.35	4.0	3.0	70	NA	NA	0.1	failed	early_stop_failed	5150	>46	46.7059592993402	-21	0.1172530700927489
2614	1	0	1	0.1	1	False	0.35	4.0	5.0	70	NA	NA	0.1	failed	early_stop_failed	5200	>46	46.521800857024935	-22	0.13885975393696476
2615	1	0	1	0.1	1	False	0.35	4.5	1.1	70	NA	NA	0.1	failed	early_stop_failed	5250	>46	46.55082983412023	-23	0.12308225613400227
2616	1	0	1	0.1	1	False	0.35	4.5	1.5	70	NA	NA	0.1	failed	early_stop_failed	5000	>46	46.71618450825702	-22	0.1272363508341831
2617	1	0	1	0.1	1	False	0.35	4.5	2.0	70	NA	NA	0.1	failed	early_stop_failed	5350	>46	46.49585975899684	-23	0.11144795047010804
2618	1	0	1	0.1	1	False	0.35	4.5	3.0	70	NA	NA	0.1	failed	early_stop_failed	4750	>46	46.54654903423499	-25	0.10264220724960525
2619	1	0	1	0.1	1	False	0.35	4.5	5.0	70	NA	NA	0.1	failed	early_stop_failed	4500	>46	46.80036345566107	-23	0.1257290538511992
2620	1	0	1	0.1	1	False	0.35	5.0	1.1	70	NA	NA	0.1	failed	early_stop_failed	4800	>46	46.70026159627604	-22	0.11655512998452171
2621	1	0	1	0.1	1	False	0.35	5.0	1.5	70	NA	NA	0.1	failed	early_stop_failed	5050	>46	46.5731476575105	-22	0.10672412221009228
2622	1	0	1	0.1	1	False	0.35	5.0	2.0	70	NA	NA	0.1	failed	early_stop_failed	5200	>46	46.59949448391999	-24	0.11844285331260725
2623	1	0	1	0.1	1	False	0.35	5.0	3.0	70	NA	NA	0.1	failed	early_stop_failed	4750	>46	46.56071244975953	-22	0.13613907142889978
2624	1	0	1	0.1	1	False	0.35	5.0	5.0	70	NA	NA	0.1	failed	early_stop_failed	5100	>46	46.650625436393156	-22	0.12665419110632975
2625	1	1	1	0.1	1	False	0.15	3.0	1.1	70	0.008	28.0	0.1	extinct	population_extinct	100000	NA	NA	NA	NA
2626	1	1	1	0.1	1	False	0.15	3.0	1.5	70	0.008	28.0	0.1	succeed	early_stop_succeed	2200	40.1071227836127	40.09097881682933	-30	0.26191893172951375
2627	1	1	1	0.1	1	False	0.15	3.0	2.0	70	0.008	28.0	0.1	succeed	early_stop_succeed	2400	40.05612527651067	40.08379481205098	-30	0.2102099096897926
2628	1	1	1	0.1	1	False	0.15	3.0	3.0	70	0.008	28.0	0.1	succeed	early_stop_succeed	2000	40.19833944403949	40.174791576357414	-30	0.2539684156738496
2629	1	1	1	0.1	1	False	0.15	3.0	5.0	70	0.008	28.0	0.1	succeed	early_stop_succeed	2550	40.33313301732042	40.32503111843919	-30	0.20300652233599234
2630	1	1	1	0.1	1	False	0.15	3.5	1.1	70	0.008	28.0	0.1	succeed	early_stop_succeed	2150	40.032297291745465	40.07953612154469	-30	0.20428024051407717
2631	1	1	1	0.1	1	False	0.15	3.5	1.5	70	0.008	28.0	0.1	succeed	early_stop_succeed	2150	40.213692238478046	40.232257593164206	-30	0.24724502762620182
2632	1	1	1	0.1	1	False	0.15	3.5	2.0	70	0.008	28.0	0.1	succeed	early_stop_succeed	2700	40.34933316213636	40.342270825087546	-30	0.18578055531145118
2633	1	1	1	0.1	1	False	0.15	3.5	3.0	70	0.008	28.0	0.1	succeed	early_stop_succeed	2300	40.29351712875596	40.29641165930171	-30	0.2167127374001302
2634	1	1	1	0.1	1	False	0.15	3.5	5.0	70	0.008	28.0	0.1	succeed	early_stop_succeed	2000	40.304028694785295	40.324440785292246	-30	0.2426943629672861
2635	1	1	1	0.1	1	False	0.15	4.0	1.1	70	0.008	28.0	0.1	succeed	early_stop_succeed	2000	40.14602838882982	40.13098401693929	-30	0.24049586453466812
2636	1	1	1	0.1	1	False	0.15	4.0	1.5	70	0.008	28.0	0.1	succeed	early_stop_succeed	4100	40.820753582240634	40.809744110936805	-29	0.13720510661038104
2637	1	1	1	0.1	1	False	0.15	4.0	2.0	70	0.008	28.0	0.1	succeed	early_stop_succeed	2950	40.66335419453663	40.65576510566864	-30	0.1874373871745335
2638	1	1	1	0.1	1	False	0.15	4.0	3.0	70	0.008	28.0	0.1	succeed	early_stop_succeed	3750	41.12963052678042	41.07005342088427	-29	0.1695299375893892
2639	1	1	1	0.1	1	False	0.15	4.0	5.0	70	0.008	28.0	0.1	succeed	early_stop_succeed	5950	42.81475445048432	42.89442164863686	-26	0.13029877931006392
2640	1	1	1	0.1	1	False	0.15	4.5	1.1	70	0.008	28.0	0.1	succeed	early_stop_succeed	2900	40.47089886465163	40.47199782840622	-30	0.20200303972575562
2641	1	1	1	0.1	1	False	0.15	4.5	1.5	70	0.008	28.0	0.1	succeed	early_stop_succeed	3900	40.97844173419478	40.9783685215906	-29	0.16240014049133739
2642	1	1	1	0.1	1	False	0.15	4.5	2.0	70	0.008	28.0	0.1	succeed	early_stop_succeed	4200	41.331973949844034	41.34424794040061	-30	0.1468793405577635
2643	1	1	1	0.1	1	False	0.15	4.5	3.0	70	0.008	28.0	0.1	succeed	early_stop_succeed	7150	43.46200684966255	43.47023409107115	-27	0.1262438085903795
2644	1	1	1	0.1	1	False	0.15	4.5	5.0	70	0.008	28.0	0.1	succeed	early_stop_succeed	5550	42.96201286645681	42.95956541392431	-27	0.12829180397234047
2645	1	1	1	0.1	1	False	0.15	5.0	1.1	70	0.008	28.0	0.1	succeed	early_stop_succeed	5000	41.86559201833953	41.81296505525664	-29	0.14881241853647847
2646	1	1	1	0.1	1	False	0.15	5.0	1.5	70	0.008	28.0	0.1	succeed	early_stop_succeed	4350	41.32981403765066	41.36032846948012	-29	0.18046713857610816
2647	1	1	1	0.1	1	False	0.15	5.0	2.0	70	0.008	28.0	0.1	succeed	early_stop_succeed	5150	42.611760474906696	42.588696976532546	-26	0.13218528969622625
2648	1	1	1	0.1	1	False	0.15	5.0	3.0	70	0.008	28.0	0.1	succeed	early_stop_succeed	4000	41.94726625411951	41.96437816638024	-29	0.1638036442480499
2649	1	1	1	0.1	1	False	0.15	5.0	5.0	70	0.008	28.0	0.1	succeed	early_stop_succeed	5350	42.863195004251835	42.89913637763729	-27	0.1306528767690674
2650	1	1	1	0.1	1	False	0.2	3.0	1.1	70	0.008	28.0	0.1	extinct	population_extinct	100000	NA	NA	NA	NA
2651	1	1	1	0.1	1	False	0.2	3.0	1.5	70	0.008	28.0	0.1	extinct	population_extinct	100000	NA	NA	NA	NA
2652	1	1	1	0.1	1	False	0.2	3.0	2.0	70	0.008	28.0	0.1	succeed	early_stop_succeed	2150	40.05733052383605	40.11279687128432	-30	0.2158317416418414
2653	1	1	1	0.1	1	False	0.2	3.0	3.0	70	0.008	28.0	0.1	succeed	early_stop_succeed	2150	40.11980739130807	40.141716187861164	-30	0.21990578656806267
2654	1	1	1	0.1	1	False	0.2	3.0	5.0	70	0.008	28.0	0.1	succeed	early_stop_succeed	2000	40.01936603691972	40.01980961250745	-30	0.23049575217601298
2655	1	1	1	0.1	1	False	0.2	3.5	1.1	70	0.008	28.0	0.1	extinct	population_extinct	100000	NA	NA	NA	NA
2656	1	1	1	0.1	1	False	0.2	3.5	1.5	70	0.008	28.0	0.1	succeed	early_stop_succeed	2000	40.06942917157728	40.10531763249532	-30	0.2345300888352448
2657	1	1	1	0.1	1	False	0.2	3.5	2.0	70	0.008	28.0	0.1	succeed	early_stop_succeed	2000	40.19973500739554	40.178486025068686	-30	0.22168631868670907
2658	1	1	1	0.1	1	False	0.2	3.5	3.0	70	0.008	28.0	0.1	succeed	early_stop_succeed	2250	40.29381875967924	40.272091067835106	-30	0.23583948392842713
2659	1	1	1	0.1	1	False	0.2	3.5	5.0	70	0.008	28.0	0.1	succeed	early_stop_succeed	4350	41.44640182008356	41.43975283881189	-28	0.13854095842609537
2660	1	1	1	0.1	1	False	0.2	4.0	1.1	70	0.008	28.0	0.1	succeed	early_stop_succeed	2000	40.03296526106051	40.06469528632208	-30	0.2341561991625771
2661	1	1	1	0.1	1	False	0.2	4.0	1.5	70	0.008	28.0	0.1	succeed	early_stop_succeed	2400	40.373366455335784	40.35654450205719	-30	0.21019526699303295
2662	1	1	1	0.1	1	False	0.2	4.0	2.0	70	0.008	28.0	0.1	succeed	early_stop_succeed	2300	40.30219700275543	40.290257650230096	-30	0.25595600594975376
2663	1	1	1	0.1	1	False	0.2	4.0	3.0	70	0.008	28.0	0.1	succeed	early_stop_succeed	2200	40.41338599618599	40.38635382595119	-30	0.21742085152926852
2664	1	1	1	0.1	1	False	0.2	4.0	5.0	70	0.008	28.0	0.1	succeed	early_stop_succeed	5450	42.54783880016076	42.576978379289024	-27	0.1351077985824806
2665	1	1	1	0.1	1	False	0.2	4.5	1.1	70	0.008	28.0	0.1	succeed	early_stop_succeed	2200	39.95850660726142	39.960138700321785	-30	0.21575878976286955
2666	1	1	1	0.1	1	False	0.2	4.5	1.5	70	0.008	28.0	0.1	succeed	early_stop_succeed	2200	40.341933132905034	40.336941084749284	-30	0.2557455084360244
2667	1	1	1	0.1	1	False	0.2	4.5	2.0	70	0.008	28.0	0.1	succeed	early_stop_succeed	4250	41.70263414590874	41.683514316091824	-29	0.15545137648729118
2668	1	1	1	0.1	1	False	0.2	4.5	3.0	70	0.008	28.0	0.1	succeed	early_stop_succeed	6150	42.49785558825177	42.477854003465765	-28	0.1375319714200796
2669	1	1	1	0.1	1	False	0.2	4.5	5.0	70	0.008	28.0	0.1	succeed	early_stop_succeed	4500	42.2423847888669	42.200985536742174	-28	0.1343288790230952
2670	1	1	1	0.1	1	False	0.2	5.0	1.1	70	0.008	28.0	0.1	succeed	early_stop_succeed	2000	40.36443178236271	40.370118185352055	-30	0.23346753419229396
2671	1	1	1	0.1	1	False	0.2	5.0	1.5	70	0.008	28.0	0.1	succeed	early_stop_succeed	2100	40.61292550688479	40.5965773660751	-30	0.2225652128124004
2672	1	1	1	0.1	1	False	0.2	5.0	2.0	70	0.008	28.0	0.1	succeed	early_stop_succeed	4300	42.0014293502448	41.985742957817244	-29	0.1393455572929329
2673	1	1	1	0.1	1	False	0.2	5.0	3.0	70	0.008	28.0	0.1	succeed	early_stop_succeed	6900	43.58236700725642	43.586328471488144	-27	0.1385887785304476
2674	1	1	1	0.1	1	False	0.2	5.0	5.0	70	0.008	28.0	0.1	succeed	early_stop_succeed	8600	44.55605550156637	44.568889118227915	-25	0.1313740253518256
2675	1	1	1	0.1	1	False	0.25	3.0	1.1	70	0.008	28.0	0.1	extinct	population_extinct	100000	NA	NA	NA	NA
2676	1	1	1	0.1	1	False	0.25	3.0	1.5	70	0.008	28.0	0.1	extinct	population_extinct	100000	NA	NA	NA	NA
2677	1	1	1	0.1	1	False	0.25	3.0	2.0	70	0.008	28.0	0.1	succeed	early_stop_succeed	2000	39.940599953774175	39.897979376993625	-30	0.22451957178140639
2678	1	1	1	0.1	1	False	0.25	3.0	3.0	70	0.008	28.0	0.1	succeed	early_stop_succeed	2000	40.110008342125916	40.10741053233026	-30	0.2358248436179396
2679	1	1	1	0.1	1	False	0.25	3.0	5.0	70	0.008	28.0	0.1	succeed	early_stop_succeed	2250	40.24203611338556	40.238340179428924	-30	0.20431729593778525
2680	1	1	1	0.1	1	False	0.25	3.5	1.1	70	0.008	28.0	0.1	extinct	population_extinct	100000	NA	NA	NA	NA
2681	1	1	1	0.1	1	False	0.25	3.5	1.5	70	0.008	28.0	0.1	succeed	early_stop_succeed	2100	39.49303405022152	39.54309290518387	-30	0.2434899955499487
2682	1	1	1	0.1	1	False	0.25	3.5	2.0	70	0.008	28.0	0.1	succeed	early_stop_succeed	2000	40.09244454908774	40.08113414091963	-30	0.23423474711367526
2683	1	1	1	0.1	1	False	0.25	3.5	3.0	70	0.008	28.0	0.1	succeed	early_stop_succeed	2450	40.54771183375626	40.55279408006778	-30	0.20838603397883973
2684	1	1	1	0.1	1	False	0.25	3.5	5.0	70	0.008	28.0	0.1	succeed	early_stop_succeed	3650	40.765707047756536	40.78547927767235	-28	0.16123974246934586
2685	1	1	1	0.1	1	False	0.25	4.0	1.1	70	0.008	28.0	0.1	extinct	population_extinct	100000	NA	40.383755986519674	NA	NA
2686	1	1	1	0.1	1	False	0.25	4.0	1.5	70	0.008	28.0	0.1	succeed	early_stop_succeed	2000	40.14301071073717	40.13195163809946	-30	0.24403820365684759
2687	1	1	1	0.1	1	False	0.25	4.0	2.0	70	0.008	28.0	0.1	succeed	early_stop_succeed	2000	40.025456604995895	40.03010612400329	-30	0.242524707252904
2688	1	1	1	0.1	1	False	0.25	4.0	3.0	70	0.008	28.0	0.1	succeed	early_stop_succeed	5100	41.97387339752783	41.99853530465928	-27	0.13765260085898043
2689	1	1	1	0.1	1	False	0.25	4.0	5.0	70	0.008	28.0	0.1	succeed	early_stop_succeed	2800	40.67884941912538	40.70284204866688	-30	0.19419931965944248
2690	1	1	1	0.1	1	False	0.25	4.5	1.1	70	0.008	28.0	0.1	succeed	early_stop_succeed	2350	40.046901638759444	40.025347372971154	-30	0.22994264624085214
2691	1	1	1	0.1	1	False	0.25	4.5	1.5	70	0.008	28.0	0.1	succeed	early_stop_succeed	2500	40.19601800409444	40.18598918241903	-30	0.19737837556151036
2692	1	1	1	0.1	1	False	0.25	4.5	2.0	70	0.008	28.0	0.1	succeed	early_stop_succeed	2950	40.898763805406844	40.891424578970124	-30	0.1849137885285882
2693	1	1	1	0.1	1	False	0.25	4.5	3.0	70	0.008	28.0	0.1	succeed	early_stop_succeed	5450	42.63501726415191	42.633540800640375	-28	0.14020053360169382
2694	1	1	1	0.1	1	False	0.25	4.5	5.0	70	0.008	28.0	0.1	succeed	early_stop_succeed	6700	43.38190711525788	43.42690501326573	-28	0.13952511740195403
2695	1	1	1	0.1	1	False	0.25	5.0	1.1	70	0.008	28.0	0.1	succeed	early_stop_succeed	2250	40.0525685451878	40.04380481279689	-30	0.2600831858802717
2696	1	1	1	0.1	1	False	0.25	5.0	1.5	70	0.008	28.0	0.1	succeed	early_stop_succeed	2200	40.26987976418336	40.30481891531181	-30	0.23013813194198923
2697	1	1	1	0.1	1	False	0.25	5.0	2.0	70	0.008	28.0	0.1	succeed	early_stop_succeed	5100	42.321587402495034	42.320340756836025	-28	0.13623918759860928
2698	1	1	1	0.1	1	False	0.25	5.0	3.0	70	0.008	28.0	0.1	succeed	early_stop_succeed	4300	42.01852808315465	41.98115169442031	-29	0.15713188307317846
2699	1	1	1	0.1	1	False	0.25	5.0	5.0	70	0.008	28.0	0.1	succeed	early_stop_succeed	5650	43.28769855779278	43.37831598687307	-28	0.13805607377076065
2700	1	1	1	0.1	1	False	0.3	3.0	1.1	70	0.008	28.0	0.1	extinct	population_extinct	100000	NA	NA	NA	NA
2701	1	1	1	0.1	1	False	0.3	3.0	1.5	70	0.008	28.0	0.1	extinct	population_extinct	100000	NA	NA	NA	NA
2702	1	1	1	0.1	1	False	0.3	3.0	2.0	70	0.008	28.0	0.1	extinct	population_extinct	100000	NA	NA	NA	NA
2703	1	1	1	0.1	1	False	0.3	3.0	3.0	70	0.008	28.0	0.1	succeed	early_stop_succeed	2450	39.93419608540456	39.91454486026008	-30	0.19590263830295995
2704	1	1	1	0.1	1	False	0.3	3.0	5.0	70	0.008	28.0	0.1	succeed	early_stop_succeed	2000	39.94136350687265	39.98491772354105	-30	0.22853131987458444
2705	1	1	1	0.1	1	False	0.3	3.5	1.1	70	0.008	28.0	0.1	extinct	population_extinct	100000	NA	NA	NA	NA
2706	1	1	1	0.1	1	False	0.3	3.5	1.5	70	0.008	28.0	0.1	extinct	population_extinct	100000	NA	40.58936627988413	NA	NA
2707	1	1	1	0.1	1	False	0.3	3.5	2.0	70	0.008	28.0	0.1	succeed	early_stop_succeed	2000	39.905600660125174	39.88553760240002	-30	0.22383940518887957
2708	1	1	1	0.1	1	False	0.3	3.5	3.0	70	0.008	28.0	0.1	succeed	early_stop_succeed	2500	40.35780516152643	40.339987195553576	-30	0.2053061225049717
2709	1	1	1	0.1	1	False	0.3	3.5	5.0	70	0.008	28.0	0.1	succeed	early_stop_succeed	3050	40.64940064285496	40.648868735971625	-30	0.17466533835700912
2710	1	1	1	0.1	1	False	0.3	4.0	1.1	70	0.008	28.0	0.1	extinct	population_extinct	100000	NA	NA	NA	NA
2711	1	1	1	0.1	1	False	0.3	4.0	1.5	70	0.008	28.0	0.1	succeed	early_stop_succeed	2050	39.97390408315998	39.979443588648365	-30	0.20890387649492353
2712	1	1	1	0.1	1	False	0.3	4.0	2.0	70	0.008	28.0	0.1	succeed	early_stop_succeed	2000	40.18895678841099	40.18225257129375	-30	0.2560073413479306
2713	1	1	1	0.1	1	False	0.3	4.0	3.0	70	0.008	28.0	0.1	succeed	early_stop_succeed	2000	40.25158707099139	40.282677765309096	-30	0.24128679627873123
2714	1	1	1	0.1	1	False	0.3	4.0	5.0	70	0.008	28.0	0.1	succeed	early_stop_succeed	6500	42.505167434985445	42.528484158626604	-28	0.12062627644525276
2715	1	1	1	0.1	1	False	0.3	4.5	1.1	70	0.008	28.0	0.1	succeed	early_stop_succeed	2000	40.103768827659685	40.04957591923924	-30	0.31950817424936406
2716	1	1	1	0.1	1	False	0.3	4.5	1.5	70	0.008	28.0	0.1	succeed	early_stop_succeed	2100	40.26056057160861	40.26256876677653	-30	0.22526561733344824
2717	1	1	1	0.1	1	False	0.3	4.5	2.0	70	0.008	28.0	0.1	succeed	early_stop_succeed	2650	40.35902251225019	40.30649666161877	-30	0.1916770636320505
2718	1	1	1	0.1	1	False	0.3	4.5	3.0	70	0.008	28.0	0.1	succeed	early_stop_succeed	6900	43.18102410012491	43.18963928987853	-28	0.1180486690181691
2719	1	1	1	0.1	1	False	0.3	4.5	5.0	70	0.008	28.0	0.1	succeed	early_stop_succeed	5650	43.17301601533437	43.18270272412526	-27	0.1402674092084686
2720	1	1	1	0.1	1	False	0.3	5.0	1.1	70	0.008	28.0	0.1	succeed	early_stop_succeed	2300	39.886018966019634	39.898745753141746	-30	0.22747278644106494
2721	1	1	1	0.1	1	False	0.3	5.0	1.5	70	0.008	28.0	0.1	succeed	early_stop_succeed	2300	40.305089151542376	40.2900281633918	-30	0.21821710752766574
2722	1	1	1	0.1	1	False	0.3	5.0	2.0	70	0.008	28.0	0.1	succeed	early_stop_succeed	4950	41.870328474688975	41.88064914348033	-27	0.14812886873303444
2723	1	1	1	0.1	1	False	0.3	5.0	3.0	70	0.008	28.0	0.1	succeed	early_stop_succeed	7050	43.37783072840122	43.36652335868322	-28	0.1304311113434152
2724	1	1	1	0.1	1	False	0.3	5.0	5.0	70	0.008	28.0	0.1	succeed	early_stop_succeed	6650	43.51450998168775	43.5052981783907	-26	0.13246893521077832
2725	1	1	1	0.1	1	False	0.35	3.0	1.1	70	0.008	28.0	0.1	extinct	population_extinct	100000	NA	NA	NA	NA
2726	1	1	1	0.1	1	False	0.35	3.0	1.5	70	0.008	28.0	0.1	extinct	population_extinct	100000	NA	NA	NA	NA
2727	1	1	1	0.1	1	False	0.35	3.0	2.0	70	0.008	28.0	0.1	extinct	population_extinct	100000	NA	NA	NA	NA
2728	1	1	1	0.1	1	False	0.35	3.0	3.0	70	0.008	28.0	0.1	succeed	early_stop_succeed	2000	39.88321768034594	39.91695423898629	-30	0.23238341427787815
2729	1	1	1	0.1	1	False	0.35	3.0	5.0	70	0.008	28.0	0.1	succeed	early_stop_succeed	2800	40.31336137581745	40.33167569882514	-30	0.18048326484934252
2730	1	1	1	0.1	1	False	0.35	3.5	1.1	70	0.008	28.0	0.1	extinct	population_extinct	100000	NA	NA	NA	NA
2731	1	1	1	0.1	1	False	0.35	3.5	1.5	70	0.008	28.0	0.1	extinct	population_extinct	100000	NA	NA	NA	NA
2732	1	1	1	0.1	1	False	0.35	3.5	2.0	70	0.008	28.0	0.1	succeed	early_stop_succeed	2550	40.37087821680871	40.38369492330446	-30	0.20001358038626102
2733	1	1	1	0.1	1	False	0.35	3.5	3.0	70	0.008	28.0	0.1	succeed	early_stop_succeed	2200	40.01964661161487	40.016749076067555	-30	0.21916796154795865
2734	1	1	1	0.1	1	False	0.35	3.5	5.0	70	0.008	28.0	0.1	succeed	early_stop_succeed	2100	40.16197743035138	40.14846991392727	-30	0.2548561974276066
2735	1	1	1	0.1	1	False	0.35	4.0	1.1	70	0.008	28.0	0.1	extinct	population_extinct	100000	NA	NA	NA	NA
2736	1	1	1	0.1	1	False	0.35	4.0	1.5	70	0.008	28.0	0.1	succeed	early_stop_succeed	2150	40.19468265683527	40.180845741545255	-30	0.2311841215508202
2737	1	1	1	0.1	1	False	0.35	4.0	2.0	70	0.008	28.0	0.1	succeed	early_stop_succeed	2250	40.08275373075506	40.10578083648844	-30	0.22385728468418503
2738	1	1	1	0.1	1	False	0.35	4.0	3.0	70	0.008	28.0	0.1	succeed	early_stop_succeed	4700	41.21158478056966	41.2094999917899	-28	0.16055450162814291
2739	1	1	1	0.1	1	False	0.35	4.0	5.0	70	0.008	28.0	0.1	succeed	early_stop_succeed	5750	42.286738531710206	42.32028361451648	-27	0.1134588542084064
2740	1	1	1	0.1	1	False	0.35	4.5	1.1	70	0.008	28.0	0.1	extinct	population_extinct	100000	NA	NA	NA	NA
2741	1	1	1	0.1	1	False	0.35	4.5	1.5	70	0.008	28.0	0.1	succeed	early_stop_succeed	3100	40.441441819479216	40.42837440242151	-31	0.1673050760590385
2742	1	1	1	0.1	1	False	0.35	4.5	2.0	70	0.008	28.0	0.1	succeed	early_stop_succeed	2500	40.71295458496629	40.69813070085	-30	0.20582107602798763
2743	1	1	1	0.1	1	False	0.35	4.5	3.0	70	0.008	28.0	0.1	succeed	early_stop_succeed	6650	42.672935499426174	42.72055068484604	-27	0.13109307727184594
2744	1	1	1	0.1	1	False	0.35	4.5	5.0	70	0.008	28.0	0.1	succeed	early_stop_succeed	6250	43.93250704218475	43.92789840270452	-26	0.13079111877200525
2745	1	1	1	0.1	1	False	0.35	5.0	1.1	70	0.008	28.0	0.1	succeed	early_stop_succeed	2000	40.229500160268394	40.21117404550502	-30	0.26431154742319973
2746	1	1	1	0.1	1	False	0.35	5.0	1.5	70	0.008	28.0	0.1	succeed	early_stop_succeed	3850	40.959863489597986	40.9702499560826	-29	0.15943858847749007
2747	1	1	1	0.1	1	False	0.35	5.0	2.0	70	0.008	28.0	0.1	succeed	early_stop_succeed	2450	40.69479699239915	40.686124799019005	-30	0.20515560878167477
2748	1	1	1	0.1	1	False	0.35	5.0	3.0	70	0.008	28.0	0.1	succeed	early_stop_succeed	4950	42.687042103350294	42.66316173923111	-29	0.12238598660576444
2749	1	1	1	0.1	1	False	0.35	5.0	5.0	70	0.008	28.0	0.1	succeed	early_stop_succeed	5650	43.245789449540744	43.24810422906184	-26	0.12949883917553864
